3,75000000,map,1.7259022211263217,-0.01071376181739891,0.0,0.0,0.0,-0.0016188633327725366,0.9999986896398964,0.021396431242796346,-0.00010600772430792882,0.0,0.0,0.0,2.264945543736002e-05,-0.00010600772430792882,0.05068675446338292,0.0,0.0,0.0,0.01687817668641525,0.0,0.0,1000.0,0.0,0.0,0.0,0.0,0.0,0.0,1000.0,0.0,0.0,0.0,0.0,0.0,0.0,1000.0,0.0,2.264945543736002e-05,0.01687817668641525,0.0,0.0,0.0,0.011956004082804485
3,100000000,map,1.7416346383839691,-0.010764699284409486,0.0,0.0,0.0,-0.0016188633296459307,0.9999986896399015,0.02177875876428314,-0.00010472467411826023,0.0,0.0,0.0,2.328138586106255e-05,-0.00010472467411826023,0.0516208382220222,0.0,0.0,0.0,0.017073353119146498,0.0,0.0,1000.0,0.0,0.0,0.0,0.0,0.0,0.0,1000.0,0.0,0.0,0.0,0.0,0.0,0.0,1000.0,0.0,2.328138586106255e-05,0.017073353119146498,0.0,0.0,0.0,0.01285600408286702
3,125000000,map,1.7579124505059889,-0.010825954146494985,0.0,0.0,0.0,-0.001050030625880112,0.9999994487176904,0.021039378644243545,-8.484061226742726e-05,0.0,0.0,0.0,3.782053886021623e-05,-8.484061226742726e-05,0.05151461015564556,0.0,0.0,0.0,0.017216556748524958,0.0,0.0,1000.0,0.0,0.0,0.0,0.0,0.0,0.0,1000.0,0.0,0.0,0.0,0.0,0.0,0.0,1000.0,0.0,3.782053886021623e-05,0.017216556748524958,0.0,0.0,0.0,0.011073735450354463
3,150000000,map,1.7736449155324014,-0.010858993341364285,0.0,0.0,0.0,-0.001050030622835216,0.9999994487176936,0.021421706230834624,-8.363378935611312e-05,0.0,0.0,0.0,3.8201273801383756e-05,-8.363378935611312e-05,0.052459124386700896,0.0,0.0,0.0,0.01739785351347177,0.0,0.0,1000.0,0.0,0.0,0.0,0.0,0.0,0.0,1000.0,0.0,0.0,0.0,0.0,0.0,0.0,1000.0,0.0,3.8201273801383756e-05,0.01739785351347177,0.0,0.0,0.0,0.011973735450415364
3,175000000,map,1.7949984733436395,-0.012146695724688721,0.0,0.0,0.0,-0.0012675236082513956,0.9999991966916286,0.02101420242069879,-3.005189574065306e-05,0.0,0.0,0.0,6.200443208400474e-05,-3.005189574065306e-05,0.05267349559386365,0.0,0.0,0.0,0.01754848264546814,0.0,0.0,1000.0,0.0,0.0,0.0,0.0,0.0,0.0,1000.0,0.0,0.0,0.0,0.0,0.0,0.0,1000.0,0.0,6.200443208400474e-05,0.01754848264546814,0.0,0.0,0.0,0.01104345446168433
3,200000000,map,1.8107309225100625,-0.012186578322427739,0.0,0.0,0.0,-0.001267523605533794,0.9999991966916321,0.02139653249519186,-2.8324657901473705e-05,0.0,0.0,0.0,6.24628209049329e-05,-2.8324657901473705e-05,0.05362844575729414,0.0,0.0,0.0,0.017729302833533616,0.0,0.0,1000.0,0.0,0.0,0.0,0.0,0.0,0.0,1000.0,0.0,0.0,0.0,0.0,0.0,0.0,1000.0,0.0,6.24628209049329e-05,0.017729302833533616,0.0,0.0,0.0,0.011943454461738681
3,225000000,map,1.8264633716763767,-0.012226460920140104,0.0,0.0,0.0,-0.0012675236030730978,0.9999991966916352,0.021778862607678865,-2.658243219936857e-05,0.0,0.0,0.0,6.295710406349792e-05,-2.658243219936857e-05,0.0545893081685175,0.0,0.0,0.0,0.017924282225848336,0.0,0.0,1000.0,0.0,0.0,0.0,0.0,0.0,0.0,1000.0,0.0,0.0,0.0,0.0,0.0,0.0,1000.0,0.0,6.295710406349792e-05,0.017924282225848336,0.0,0.0,0.0,0.012843454461787897
3,250000000,map,1.8399155584956046,-0.01114028289147448,0.0,0.0,0.0,-0.0007647801059352084,0.999999707555652,0.02103962780631511,-3.461115054161709e-05,0.0,0.0,0.0,6.036427699653296e-05,-3.461115054161709e-05,0.054473666884243134,0.0,0.0,0.0,0.01805464342657656,0.0,0.0,1000.0,0.0,0.0,0.0,0.0,0.0,0.0,1000.0,0.0,0.0,0.0,0.0,0.0,0.0,1000.0,0.0,6.036427699653296e-05,0.01805464342657656,0.0,0.0,0.0,0.01105869359319159
3,275000000,map,1.8556480398105317,-0.01116434669035951,0.0,0.0,0.0,-0.0007647801041033408,0.9999997075556534,0.021421955756572846,-3.319570061424148e-05,0.0,0.0,0.0,6.064121988458938e-05,-3.319570061424148e-05,0.05544454836154209,0.0,0.0,0.0,0.018235703733490958,0.0,0.0,1000.0,0.0,0.0,0.0,0.0,0.0,0.0,1000.0,0.0,0.0,0.0,0.0,0.0,0.0,1000.0,0.0,6.064121988458938e-05,0.018235703733490958,0.0,0.0,0.0,0.011958693593228228
3,300000000,map,1.8713805211254575,-0.01118841048922973,0.0,0.0,0.0,-0.0007647801026416216,0.9999997075556546,0.021804283720680318,-3.177119596463228e-05,0.0,0.0,0.0,6.093982019145939e-05,-3.177119596463228e-05,0.05642134965450442,0.0,0.0,0.0,0.018430923273589292,0.0,0.0,1000.0,0.0,0.0,0.0,0.0,0.0,0.0,1000.0,0.0,0.0,0.0,0.0,0.0,0.0,1000.0,0.0,6.093982019145939e-05,0.018430923273589292,0.0,0.0,0.0,0.01285869359325746
3,325000000,map,1.881067944724056,-0.011473991516734023,0.0,0.0,0.0,-0.00017310329374057085,0.9999999850176248,0.021041332579471692,-2.9470750658419875e-05,0.0,0.0,0.0,5.997996053097855e-05,-2.9470750658419875e-05,0.05610706991204467,0.0,0.0,0.0,0.018497700668937203,0.0,0.0,1000.0,0.0,0.0,0.0,0.0,0.0,0.0,1000.0,0.0,0.0,0.0,0.0,0.0,0.0,1000.0,0.0,5.997996053097855e-05,0.018497700668937203,0.0,0.0,0.0,0.011050056947843754
3,350000000,map,1.896800443499582,-0.011479438212118737,0.0,0.0,0.0,-0.00017310329311085235,0.9999999850176249,0.021423658232493512,-2.84192792989267e-05,0.0,0.0,0.0,6.004259783808035e-05,-2.84192792989267e-05,0.05709189072264502,0.0,0.0,0.0,0.018678625300787736,0.0,0.0,1000.0,0.0,0.0,0.0,0.0,0.0,0.0,1000.0,0.0,0.0,0.0,0.0,0.0,0.0,1000.0,0.0,6.004259783808035e-05,0.018678625300787736,0.0,0.0,0.0,0.01195005694785635
3,375000000,map,1.918852002955939,-0.013180834078257167,0.0,0.0,0.0,-0.000610411113148045,0.9999998136991192,0.021014810512562,1.6120569979259816e-05,0.0,0.0,0.0,7.708877723591754e-05,1.6120569979259816e-05,0.05719502319024839,0.0,0.0,0.0,0.01879182987531898,0.0,0.0,1000.0,0.0,0.0,0.0,0.0,0.0,0.0,1000.0,0.0,0.0,0.0,0.0,0.0,0.0,1000.0,0.0,7.708877723591754e-05,0.01879182987531898,0.0,0.0,0.0,0.011028404677755187
3,400000000,map,1.9345844909503755,-0.013200040660466515,0.0,0.0,0.0,-0.0006104111133940703,0.999999813699119,0.021397138501463617,1.7719273494380803e-05,0.0,0.0,0.0,7.730923815899306e-05,1.7719273494380803e-05,0.0581890929831868,0.0,0.0,0.0,0.01897241373910709,0.0,0.0,1000.0,0.0,0.0,0.0,0.0,0.0,0.0,1000.0,0.0,0.0,0.0,0.0,0.0,0.0,1000.0,0.0,7.730923815899306e-05,0.01897241373910709,0.0,0.0,0.0,0.011928404677760109
3,425000000,map,1.9503169789448016,-0.01321924724268513,0.0,0.0,0.0,-0.0006104111140768574,0.9999998136991185,0.021779466499165734,1.9325185757937626e-05,0.0,0.0,0.0,7.754698500617189e-05,1.9325185757937626e-05,0.05918906760312336,0.0,0.0,0.0,0.019167156842090204,0.0,0.0,1000.0,0.0,0.0,0.0,0.0,0.0,0.0,1000.0,0.0,0.0,0.0,0.0,0.0,0.0,1000.0,0.0,7.754698500617189e-05,0.019167156842090204,0.0,0.0,0.0,0.012828404677773764
3,450000000,map,1.96270945303825,-0.008075832202394035,0.0,0.0,0.0,-0.0005041618869919842,0.9999998729103877,0.02104026406596678,1.4119054647417581e-05,0.0,0.0,0.0,7.510162706928734e-05,1.4119054647417581e-05,0.05904245442359557,0.0,0.0,0.0,0.019291795482170117,0.0,0.0,1000.0,0.0,0.0,0.0,0.0,0.0,0.0,1000.0,0.0,0.0,0.0,0.0,0.0,0.0,1000.0,0.0,7.510162706928734e-05,0.019291795482170117,0.0,0.0,0.0,0.011056144557606961
3,475000000,map,1.9784419447588506,-0.00809169565430186,0.0,0.0,0.0,-0.0005041618884970025,0.999999872910387,0.021422591466701734,1.5627262411182984e-05,0.0,0.0,0.0,7.528415424012164e-05,1.5627262411182984e-05,0.0600522626417418,0.0,0.0,0.0,0.01947281580615894,0.0,0.0,1000.0,0.0,0.0,0.0,0.0,0.0,0.0,1000.0,0.0,0.0,0.0,0.0,0.0,0.0,1000.0,0.0,7.528415424012164e-05,0.01947281580615894,0.0,0.0,0.0,0.011956144557637063
3,500000000,map,1.9941744364794516,-0.00810755910623201,0.0,0.0,0.0,-0.0005041618903743893,0.9999998729103861,0.0218049188734542,1.7141438004317373e-05,0.0,0.0,0.0,7.54809585179505e-05,1.7141438004317373e-05,0.061067989421550124,0.0,0.0,0.0,0.01966799537269684,0.0,0.0,1000.0,0.0,0.0,0.0,0.0,0.0,0.0,1000.0,0.0,0.0,0.0,0.0,0.0,0.0,1000.0,0.0,7.54809585179505e-05,0.01966799537269684,0.0,0.0,0.0,0.012856144557674611
3,525000000,map,2.004373223524249,-0.005939964490907207,0.0,0.0,0.0,-0.0004268174634705828,0.9999999089134223,0.02104212154341484,-3.190117744703098e-05,0.0,0.0,0.0,4.790602273964923e-05,-3.190117744703098e-05,0.06076293587602601,0.0,0.0,0.0,0.01972966846889907,0.0,0.0,1000.0,0.0,0.0,0.0,0.0,0.0,0.0,1000.0,0.0,0.0,0.0,0.0,0.0,0.0,1000.0,0.0,4.790602273964923e-05,0.01972966846889907,0.0,0.0,0.0,0.011048695147836709
3,550000000,map,2.0201057175105546,-0.005953394301266536,0.0,0.0,0.0,-0.00042681746597213703,0.9999999089134213,0.021424447842249242,-3.086506057742813e-05,0.0,0.0,0.0,4.8060448034864746e-05,-3.086506057742813e-05,0.06178652001193027,0.0,0.0,0.0,0.019910571621163164,0.0,0.0,1000.0,0.0,0.0,0.0,0.0,0.0,0.0,1000.0,0.0,0.0,0.0,0.0,0.0,0.0,1000.0,0.0,4.8060448034864746e-05,0.019910571621163164,0.0,0.0,0.0,0.01194869514788674
3,575000000,map,2.03583821149691,-0.005966824111657309,0.0,0.0,0.0,-0.00042681746871061293,0.99999990891342,0.02180677414539427,-2.982389456107361e-05,0.0,0.0,0.0,4.822696015979423e-05,-2.982389456107361e-05,0.06281601902357552,0.0,0.0,0.0,0.020105634018016374,0.0,0.0,1000.0,0.0,0.0,0.0,0.0,0.0,0.0,1000.0,0.0,0.0,0.0,0.0,0.0,0.0,1000.0,0.0,4.822696015979423e-05,0.020105634018016374,0.0,0.0,0.0,0.012848695147941508
3,600000000,map,2.045025438103811,-0.009448233126750858,0.0,0.0,0.0,-0.0006023490770143185,0.9999998185877782,0.021043032079002853,-4.220236796559981e-05,0.0,0.0,0.0,3.887002315018715e-05,-4.220236796559981e-05,0.0624312266102867,0.0,0.0,0.0,0.020135853392703087,0.0,0.0,1000.0,0.0,0.0,0.0,0.0,0.0,0.0,1000.0,0.0,0.0,0.0,0.0,0.0,0.0,1000.0,0.0,3.887002315018715e-05,0.020135853392703087,0.0,0.0,0.0,0.01103225851542469
3,625000000,map,2.060757926406043,-0.009467186036858715,0.0,0.0,0.0,-0.0006023490800656549,0.9999998185877764,0.02142535857928342,-4.1184563088547324e-05,0.0,0.0,0.0,3.908764536366574e-05,-4.1184563088547324e-05,0.06346758703798203,0.0,0.0,0.0,0.020316497890480695,0.0,0.0,1000.0,0.0,0.0,0.0,0.0,0.0,0.0,1000.0,0.0,0.0,0.0,0.0,0.0,0.0,1000.0,0.0,3.908764536366574e-05,0.020316497890480695,0.0,0.0,0.0,0.011932258515485718
3,650000000,map,2.0834329803038307,-0.009877268998410663,0.0,0.0,0.0,-0.00044672979984115927,0.999999900216238,0.021016112430660493,4.837968776595378e-06,0.0,0.0,0.0,5.5915669599807685e-05,4.837968776595378e-06,0.06360726769147558,0.0,0.0,0.0,0.020432846771259387,0.0,0.0,1000.0,0.0,0.0,0.0,0.0,0.0,0.0,1000.0,0.0,0.0,0.0,0.0,0.0,0.0,1000.0,0.0,5.5915669599807685e-05,0.020432846771259387,0.0,0.0,0.0,0.011020376124760171
3,675000000,map,2.09916547374301,-0.009891325349961157,0.0,0.0,0.0,-0.00044672980296643676,0.9999999002162366,0.02139843901611812,6.023151671109299e-06,0.0,0.0,0.0,5.607690123903414e-05,6.023151671109299e-06,0.06465297029113526,0.0,0.0,0.0,0.020613304388387585,0.0,0.0,1000.0,0.0,0.0,0.0,0.0,0.0,0.0,1000.0,0.0,0.0,0.0,0.0,0.0,0.0,1000.0,0.0,5.607690123903414e-05,0.020613304388387585,0.0,0.0,0.0,0.011920376124822678
3,700000000,map,2.114897967182205,-0.009905381701545606,0.0,0.0,0.0,-0.0004467298060388677,0.9999999002162352,0.021780765606286386,7.213606745166811e-06,0.0,0.0,0.0,5.6250783595076967e-05,7.213606745166811e-06,0.06570457374756719,0.0,0.0,0.0,0.020807921249612216,0.0,0.0,1000.0,0.0,0.0,0.0,0.0,0.0,0.0,1000.0,0.0,0.0,0.0,0.0,0.0,0.0,1000.0,0.0,5.6250783595076967e-05,0.020807921249612216,0.0,0.0,0.0,0.012820376124884129
3,725000000,map,2.127081003884252,-0.007683530692674073,0.0,0.0,0.0,-0.00010949165460932572,0.9999999940057888,0.02104249859996681,-3.850744640019805e-07,0.0,0.0,0.0,5.111145049929757e-05,-3.850744640019805e-07,0.06562708472852495,0.0,0.0,0.0,0.020931345734805467,0.0,0.0,1000.0,0.0,0.0,0.0,0.0,0.0,0.0,1000.0,0.0,0.0,0.0,0.0,0.0,0.0,1000.0,0.0,5.111145049929757e-05,0.020931345734805467,0.0,0.0,0.0,0.011040508746243642
3,750000000,map,2.1428135032256006,-0.00768697584736514,0.0,0.0,0.0,-0.00010949165738244077,0.9999999940057884,0.02142482395030745,4.956292524475429e-07,0.0,0.0,0.0,5.115103707940754e-05,4.956292524475429e-07,0.06668847783702384,0.0,0.0,0.0,0.02111212015608794,0.0,0.0,1000.0,0.0,0.0,0.0,0.0,0.0,0.0,1000.0,0.0,0.0,0.0,0.0,0.0,0.0,1000.0,0.0,5.115103707940754e-05,0.02111212015608794,0.0,0.0,0.0,0.011940508746299103
3,775000000,map,2.1640035802187234,-0.007120261836694172,0.0,0.0,0.0,-0.000637457761826042,0.9999997968237803,0.02101712209637886,8.680995304392765e-06,0.0,0.0,0.0,5.0253115026012296e-05,8.680995304392765e-06,0.06691658220770273,0.0,0.0,0.0,0.021237416866631588,0.0,0.0,1000.0,0.0,0.0,0.0,0.0,0.0,0.0,1000.0,0.0,0.0,0.0,0.0,0.0,0.0,1000.0,0.0,5.0253115026012296e-05,0.021237416866631588,0.0,0.0,0.0,0.011024509131897842
3,800000000,map,2.179736067151365,-0.007140319440481169,0.0,0.0,0.0,-0.0006374577640924509,0.9999997968237788,0.021399449142733062,9.923657435447841e-06,0.0,0.0,0.0,5.048326618383063e-05,9.923657435447841e-06,0.06798760132454391,0.0,0.0,0.0,0.021417939431608003,0.0,0.0,1000.0,0.0,0.0,0.0,0.0,0.0,0.0,1000.0,0.0,0.0,0.0,0.0,0.0,0.0,1000.0,0.0,5.048326618383063e-05,0.021417939431608003,0.0,0.0,0.0,0.01192450913194317
3,825000000,map,2.195468554083942,-0.007160377044288325,0.0,0.0,0.0,-0.0006374577660277912,0.9999997968237776,0.021781776198681255,1.1173845267568463e-05,0.0,0.0,0.0,5.073146918530757e-05,1.1173845267568463e-05,0.06906452333920333,0.0,0.0,0.0,0.021612621234823652,0.0,0.0,1000.0,0.0,0.0,0.0,0.0,0.0,0.0,1000.0,0.0,0.0,0.0,0.0,0.0,0.0,1000.0,0.0,5.073146918530757e-05,0.021612621234823652,0.0,0.0,0.0,0.012824509131981875
3,850000000,map,2.2062603506169953,-0.010178858141767685,0.0,0.0,0.0,-0.0005365109901031487,0.9999998560779684,0.021044506080744436,1.0934940739784938e-05,0.0,0.0,0.0,4.847547391999112e-05,1.0934940739784938e-05,0.0689934303370959,0.0,0.0,0.0,0.02171458588001312,0.0,0.0,1000.0,0.0,0.0,0.0,0.0,0.0,0.0,1000.0,0.0,0.0,0.0,0.0,0.0,0.0,1000.0,0.0,4.847547391999112e-05,0.02171458588001312,0.0,0.0,0.0,0.01102860698219991
3,875000000,map,2.2219928412783725,-0.010195739456950847,0.0,0.0,0.0,-0.0005365109912786527,0.9999998560779677,0.02142683273814545,1.2086105892469665e-05,0.0,0.0,0.0,4.866924790232148e-05,1.2086105892469665e-05,0.07007946475037434,0.0,0.0,0.0,0.021895172957166385,0.0,0.0,1000.0,0.0,0.0,0.0,0.0,0.0,0.0,1000.0,0.0,0.0,0.0,0.0,0.0,0.0,1000.0,0.0,4.866924790232148e-05,0.021895172957166385,0.0,0.0,0.0,0.01192860698222342
3,900000000,map,2.2377253319397443,-0.010212620772140801,0.0,0.0,0.0,-0.0005365109920376011,0.9999998560779674,0.021809159402345207,1.3243607166694125e-05,0.0,0.0,0.0,4.887821506840108e-05,1.3243607166694125e-05,0.07117140409279916,0.0,0.0,0.0,0.022089919275915124,0.0,0.0,1000.0,0.0,0.0,0.0,0.0,0.0,0.0,1000.0,0.0,0.0,0.0,0.0,0.0,0.0,1000.0,0.0,4.887821506840108e-05,0.022089919275915124,0.0,0.0,0.0,0.0128286069822386
3,925000000,map,2.2470309997816056,-0.009347891728511021,0.0,0.0,0.0,-0.0005714734120881578,0.9999998367090563,0.02104690933066478,4.2174702566424085e-05,0.0,0.0,0.0,5.8559643252722944e-05,4.2174702566424085e-05,0.0708729293625703,0.0,0.0,0.0,0.022149931962979753,0.0,0.0,1000.0,0.0,0.0,0.0,0.0,0.0,0.0,1000.0,0.0,0.0,0.0,0.0,0.0,0.0,1000.0,0.0,5.8559643252722944e-05,0.022149931962979753,0.0,0.0,0.0,0.011032854582652189
3,950000000,map,2.262763489224047,-0.009365873135710185,0.0,0.0,0.0,-0.0005714734119698081,0.9999998367090563,0.021429236460547094,4.3517664813930886e-05,0.0,0.0,0.0,5.8766121136782415e-05,4.3517664813930886e-05,0.07197266292637927,0.0,0.0,0.0,0.022330585851470436,0.0,0.0,1000.0,0.0,0.0,0.0,0.0,0.0,0.0,1000.0,0.0,0.0,0.0,0.0,0.0,0.0,1000.0,0.0,5.8766121136782415e-05,0.022330585851470436,0.0,0.0,0.0,0.011932854582654556
3,975000000,map,2.284861396788903,-0.010301404445510197,0.0,0.0,0.0,-0.00024265681144536959,0.9999999705588355,0.02100875347602565,6.717499575801142e-05,0.0,0.0,0.0,6.521390695174481e-05,6.717499575801142e-05,0.07213381216808412,0.0,0.0,0.0,0.022428310123314647,0.0,0.0,1000.0,0.0,0.0,0.0,0.0,0.0,0.0,1000.0,0.0,0.0,0.0,0.0,0.0,0.0,1000.0,0.0,6.521390695174481e-05,0.022428310123314647,0.0,0.0,0.0,0.011015199818256912
4,0,map,2.2963823262052343,-0.010306995709627686,0.0,0.0,0.0,-0.0002426568106742087,0.9999999705588357,0.02134896352744676,6.808146447073953e-05,0.0,0.0,0.0,6.527801191208852e-05,6.808146447073953e-05,0.07305209404184763,0.0,0.0,0.0,0.02256039988116501,0.0,0.0,1000.0,0.0,0.0,0.0,0.0,0.0,0.0,1000.0,0.0,0.0,0.0,0.0,0.0,0.0,1000.0,0.0,6.527801191208852e-05,0.02256039988116501,0.0,0.0,0.0,0.011915199818272333
4,25000000,map,2.305324298768071,-0.010427367084763092,0.0,0.0,0.0,9.516518463350366e-05,0.9999999954717939,0.021663399322714806,7.140702315836658e-05,0.0,0.0,0.0,6.676683465902235e-05,7.140702315836658e-05,0.07386010542038698,0.0,0.0,0.0,0.02267099936662435,0.0,0.0,1000.0,0.0,0.0,0.0,0.0,0.0,0.0,1000.0,0.0,0.0,0.0,0.0,0.0,0.0,1000.0,0.0,6.676683465902235e-05,0.02267099936662435,0.0,0.0,0.0,0.01282195625822899
4,50000000,map,2.3129102181085233,-0.009113547232579013,0.0,0.0,0.0,0.001537515484127239,0.9999988180223695,0.020964453472979098,8.656596427225892e-05,0.0,0.0,0.0,7.145407536116284e-05,8.656596427225892e-05,0.07358495118884678,0.0,0.0,0.0,0.022747141888364228,0.0,0.0,1000.0,0.0,0.0,0.0,0.0,0.0,0.0,1000.0,0.0,0.0,0.0,0.0,0.0,0.0,1000.0,0.0,7.145407536116284e-05,0.022747141888364228,0.0,0.0,0.0,0.011067104029108937
4,75000000,map,2.320941884719996,-0.010257704255401214,0.0,0.0,0.0,0.0042068049283097006,0.9999911513569983,0.021269885704165166,0.00011252067171610269,0.0,0.0,0.0,8.466199181631527e-05,0.00011252067171610269,0.07438677932627315,0.0,0.0,0.0,0.022839857817632665,0.0,0.0,1000.0,0.0,0.0,0.0,0.0,0.0,0.0,1000.0,0.0,0.0,0.0,0.0,0.0,0.0,1000.0,0.0,8.466199181631527e-05,0.022839857817632665,0.0,0.0,0.0,0.012020490054041499
4,100000000,map,2.3289740674675294,-0.011632163974683075,0.0,0.0,0.0,0.007495288593510274,0.999971909929924,0.021575316107075148,0.0001431032994111232,0.0,0.0,0.0,0.00010184737775272906,0.0001431032994111232,0.07519850994536531,0.0,0.0,0.0,0.022940287214356123,0.0,0.0,1000.0,0.0,0.0,0.0,0.0,0.0,0.0,1000.0,0.0,0.0,0.0,0.0,0.0,0.0,1000.0,0.0,0.00010184737775272906,0.022940287214356123,0.0,0.0,0.0,0.012986260882818183
4,125000000,map,2.330864021396086,-0.0125576663678325,0.0,0.0,0.0,0.009983069461317103,0.9999501679204472,0.02095657306324513,0.00012339110694011224,0.0,0.0,0.0,8.711240768720397e-05,0.00012339110694011224,0.0745827035751327,0.0,0.0,0.0,0.02296457883797735,0.0,0.0,1000.0,0.0,0.0,0.0,0.0,0.0,0.0,1000.0,0.0,0.0,0.0,0.0,0.0,0.0,1000.0,0.0,8.711240768720397e-05,0.02296457883797735,0.0,0.0,0.0,0.01111488228536652
4,150000000,map,2.3389175795861576,-0.014371573640195794,0.0,0.0,0.0,0.014507561832028603,0.9998947597870937,0.021262086805125122,0.00016211351298061043,0.0,0.0,0.0,0.00010817210808866091,0.00016211351298061043,0.07541355815654038,0.0,0.0,0.0,0.023058081700683027,0.0,0.0,1000.0,0.0,0.0,0.0,0.0,0.0,0.0,1000.0,0.0,0.0,0.0,0.0,0.0,0.0,1000.0,0.0,0.00010817210808866091,0.023058081700683027,0.0,0.0,0.0,0.012105378995155033
4,175000000,map,2.3482852452178746,-0.01951010903585801,0.0,0.0,0.0,0.022381135662697303,0.9997495110108572,0.02092884118169136,0.00020828138153835787,0.0,0.0,0.0,0.0001234371617664717,0.00020828138153835787,0.0752234031553057,0.0,0.0,0.0,0.02309087365763664,0.0,0.0,1000.0,0.0,0.0,0.0,0.0,0.0,0.0,1000.0,0.0,0.0,0.0,0.0,0.0,0.0,1000.0,0.0,0.0001234371617664717,0.02309087365763664,0.0,0.0,0.0,0.011121154769263413
4,200000000,map,2.356437915860285,-0.02164470106929056,0.0,0.0,0.0,0.02814041890879898,0.9996039799958968,0.02123520065684281,0.00025015163925487896,0.0,0.0,0.0,0.00014825983316862375,0.00025015163925487896,0.07607653639116431,0.0,0.0,0.0,0.023185679157346626,0.0,0.0,1000.0,0.0,0.0,0.0,0.0,0.0,0.0,1000.0,0.0,0.0,0.0,0.0,0.0,0.0,1000.0,0.0,0.00014825983316862375,0.023185679157346626,0.0,0.0,0.0,0.012136377361816173
4,225000000,map,2.3646757059665346,-0.023939067740480605,0.0,0.0,0.0,0.034516585790998595,0.9994041251192296,0.02154242520960125,0.0002936534063577575,0.0,0.0,0.0,0.00017728396263953683,0.0002936534063577575,0.07694284827695798,0.0,0.0,0.0,0.02328988860634197,0.0,0.0,1000.0,0.0,0.0,0.0,0.0,0.0,0.0,1000.0,0.0,0.0,0.0,0.0,0.0,0.0,1000.0,0.0,0.00017728396263953683,0.02328988860634197,0.0,0.0,0.0,0.013163963543030408
4,250000000,map,2.3782966374149166,-0.025936145094124518,0.0,0.0,0.0,0.0405030183824309,0.9991794160719648,0.0209606994122406,0.00041637014407083713,0.0,0.0,0.0,0.0002126470631963328,0.00041637014407083713,0.07658010338045218,0.0,0.0,0.0,0.02334923835184323,0.0,0.0,1000.0,0.0,0.0,0.0,0.0,0.0,0.0,1000.0,0.0,0.0,0.0,0.0,0.0,0.0,1000.0,0.0,0.0002126470631963328,0.02334923835184323,0.0,0.0,0.0,0.011144411891844036
4,275000000,map,2.386738987059475,-0.02851932406869912,0.0,0.0,0.0,0.04811152293334401,0.9988419701639666,0.02127019040224432,0.0004617275487017408,0.0,0.0,0.0,0.00024279423918899398,0.0004617275487017408,0.0774732628874601,0.0,0.0,0.0,0.02344776540050349,0.0,0.0,1000.0,0.0,0.0,0.0,0.0,0.0,0.0,1000.0,0.0,0.0,0.0,0.0,0.0,0.0,1000.0,0.0,0.00024279423918899398,0.02344776540050349,0.0,0.0,0.0,0.012196731938599065
4,300000000,map,2.3942401856060256,-0.02976528130296274,0.0,0.0,0.0,0.05983389324612231,0.9982083476003453,0.02100014244012223,0.0005296406659837218,0.0,0.0,0.0,0.00028320578408087875,0.0005296406659837218,0.07745743911487404,0.0,0.0,0.0,0.023583045224413957,0.0,0.0,1000.0,0.0,0.0,0.0,0.0,0.0,0.0,1000.0,0.0,0.0,0.0,0.0,0.0,0.0,1000.0,0.0,0.00028320578408087875,0.023583045224413957,0.0,0.0,0.0,0.011226893422582715
4,325000000,map,2.402955232404958,-0.032491914507090616,0.0,0.0,0.0,0.06866925900202933,0.9976394804076832,0.021313106108489955,0.0005703939627398468,0.0,0.0,0.0,0.0003152857970336633,0.0005703939627398468,0.07838061928636525,0.0,0.0,0.0,0.023685581500202946,0.0,0.0,1000.0,0.0,0.0,0.0,0.0,0.0,0.0,1000.0,0.0,0.0,0.0,0.0,0.0,0.0,1000.0,0.0,0.0003152857970336633,0.023685581500202946,0.0,0.0,0.0,0.012303967203788478
4,350000000,map,2.4117913248075173,-0.03529193348927575,0.0,0.0,0.0,0.0781136972959569,0.9969444569757914,0.02162785760849734,0.0006088806567460154,0.0,0.0,0.0,0.00035126230945852713,0.0006088806567460154,0.07931750077625235,0.0,0.0,0.0,0.02379911351199661,0.0,0.0,1000.0,0.0,0.0,0.0,0.0,0.0,0.0,1000.0,0.0,0.0,0.0,0.0,0.0,0.0,1000.0,0.0,0.00035126230945852713,0.02379911351199661,0.0,0.0,0.0,0.01339336745984141
4,375000000,map,2.416005956494719,-0.04337705274428268,0.0,0.0,0.0,0.0854540192569293,0.9963421152359446,0.020983454115340326,0.0007516876791694937,0.0,0.0,0.0,0.00035792677755925104,0.0007516876791694937,0.0785620687191521,0.0,0.0,0.0,0.023770735999239494,0.0,0.0,1000.0,0.0,0.0,0.0,0.0,0.0,0.0,1000.0,0.0,0.0,0.0,0.0,0.0,0.0,1000.0,0.0,0.00035792677755925104,0.023770735999239494,0.0,0.0,0.0,0.011213725152566944
4,400000000,map,2.4251938273855314,-0.04632465259621165,0.0,0.0,0.0,0.0961160629203083,0.9953701333919455,0.021303113150427183,0.0007850235412328469,0.0,0.0,0.0,0.0003926223511937176,0.0007850235412328469,0.07952924048026828,0.0,0.0,0.0,0.02387888448175062,0.0,0.0,1000.0,0.0,0.0,0.0,0.0,0.0,0.0,1000.0,0.0,0.0,0.0,0.0,0.0,0.0,1000.0,0.0,0.0003926223511937176,0.02387888448175062,0.0,0.0,0.0,0.012327851301076264
4,425000000,map,2.4346562277643358,-0.04929973393920076,0.0,0.0,0.0,0.10738880463094998,0.994217101361637,0.021626761839167872,0.0008138945917483399,0.0,0.0,0.0,0.00043097462305080787,0.0008138945917483399,0.08051758779132145,0.0,0.0,0.0,0.024000865869790226,0.0,0.0,1000.0,0.0,0.0,0.0,0.0,0.0,0.0,1000.0,0.0,0.0,0.0,0.0,0.0,0.0,1000.0,0.0,0.00043097462305080787,0.024000865869790226,0.0,0.0,0.0,0.013454483657575435
4,450000000,map,2.4431544258747513,-0.04747249420904222,0.0,0.0,0.0,0.11506392087558404,0.9933580895692838,0.021072110636746192,0.0009355135713248739,0.0,0.0,0.0,0.00045963041533164076,0.0009355135713248739,0.07983223133520238,0.0,0.0,0.0,0.024088927301506458,0.0,0.0,1000.0,0.0,0.0,0.0,0.0,0.0,0.0,1000.0,0.0,0.0,0.0,0.0,0.0,0.0,1000.0,0.0,0.00045963041533164076,0.024088927301506458,0.0,0.0,0.0,0.011322587629114004
4,475000000,map,2.4530423391449494,-0.05054290827294393,0.0,0.0,0.0,0.1273507608624585,0.9918577436849263,0.021402941768368086,0.0009566372199271995,0.0,0.0,0.0,0.0004961571954488557,0.0009566372199271995,0.08085621725898175,0.0,0.0,0.0,0.02420655757101469,0.0,0.0,1000.0,0.0,0.0,0.0,0.0,0.0,0.0,1000.0,0.0,0.0,0.0,0.0,0.0,0.0,1000.0,0.0,0.0004961571954488557,0.02420655757101469,0.0,0.0,0.0,0.012470151302519675
4,500000000,map,2.4651085116696443,-0.05710848168132905,0.0,0.0,0.0,0.14548720923853753,0.9893601325846832,0.021060822036919384,0.0010704581568020733,0.0,0.0,0.0,0.0005156106000287959,0.0010704581568020733,0.0807863938139797,0.0,0.0,0.0,0.02425174071954353,0.0,0.0,1000.0,0.0,0.0,0.0,0.0,0.0,0.0,1000.0,0.0,0.0,0.0,0.0,0.0,0.0,1000.0,0.0,0.0005156106000287959,0.02425174071954353,0.0,0.0,0.0,0.01129313036282766
4,525000000,map,2.475357643327636,-0.05970644221524785,0.0,0.0,0.0,0.15788972983425284,0.9874567500467383,0.021401185397965195,0.0010670888102682855,0.0,0.0,0.0,0.0005464447763168788,0.0010670888102682855,0.08182866170432436,0.0,0.0,0.0,0.024373383649917684,0.0,0.0,1000.0,0.0,0.0,0.0,0.0,0.0,0.0,1000.0,0.0,0.0,0.0,0.0,0.0,0.0,1000.0,0.0,0.0005464447763168788,0.024373383649917684,0.0,0.0,0.0,0.012444086492866595
4,550000000,map,2.485756464985128,-0.062022047926040526,0.0,0.0,0.0,0.1703615259952996,0.9853816268129586,0.02174597414409081,0.0010526651308462465,0.0,0.0,0.0,0.000576595166464108,0.0010526651308462465,0.08287738686726766,0.0,0.0,0.0,0.024508781713838298,0.0,0.0,1000.0,0.0,0.0,0.0,0.0,0.0,0.0,1000.0,0.0,0.0,0.0,0.0,0.0,0.0,1000.0,0.0,0.000576595166464108,0.024508781713838298,0.0,0.0,0.0,0.013596953228794893
4,575000000,map,2.494826298019082,-0.06350538756640152,0.0,0.0,0.0,0.17905971558730147,0.9838382073561662,0.021121762407329558,0.0012858507896628055,0.0,0.0,0.0,0.0006012917577492564,0.0012858507896628055,0.08233815976261473,0.0,0.0,0.0,0.02457129061161568,0.0,0.0,1000.0,0.0,0.0,0.0,0.0,0.0,0.0,1000.0,0.0,0.0,0.0,0.0,0.0,0.0,1000.0,0.0,0.0006012917577492564,0.02457129061161568,0.0,0.0,0.0,0.011308078386242319
4,600000000,map,2.5053874728311043,-0.06533778515559513,0.0,0.0,0.0,0.19160421643964407,0.9814722738022456,0.02147384575590533,0.0012526702778390322,0.0,0.0,0.0,0.000623071151520982,0.0012526702778390322,0.08339190028421509,0.0,0.0,0.0,0.02469681794601055,0.0,0.0,1000.0,0.0,0.0,0.0,0.0,0.0,0.0,1000.0,0.0,0.0,0.0,0.0,0.0,0.0,1000.0,0.0,0.000623071151520982,0.02469681794601055,0.0,0.0,0.0,0.012463393373126434
4,625000000,map,2.516104493293508,-0.0668510586364934,0.0,0.0,0.0,0.20433155422086982,0.978901739680589,0.021831121788130247,0.001207962747286273,0.0,0.0,0.0,0.0006428091370329868,0.001207962747286273,0.0844518733343387,0.0,0.0,0.0,0.024836602589889477,0.0,0.0,1000.0,0.0,0.0,0.0,0.0,0.0,0.0,1000.0,0.0,0.0,0.0,0.0,0.0,0.0,1000.0,0.0,0.0006428091370329868,0.024836602589889477,0.0,0.0,0.0,0.013623081756654217
4,650000000,map,2.5242212492255915,-0.06545136116575642,0.0,0.0,0.0,0.21150771089818465,0.9773763288675503,0.021145765315167854,0.0013787485563544128,0.0,0.0,0.0,0.0006345433169487731,0.0013787485563544128,0.08379106839615581,0.0,0.0,0.0,0.02489876848150547,0.0,0.0,1000.0,0.0,0.0,0.0,0.0,0.0,0.0,1000.0,0.0,0.0,0.0,0.0,0.0,0.0,1000.0,0.0,0.0006345433169487731,0.02489876848150547,0.0,0.0,0.0,0.011338138732915663
4,675000000,map,2.5351191271183744,-0.06643867257001994,0.0,0.0,0.0,0.22450759319740085,0.9744723395749673,0.021511085917084758,0.0013154445154902376,0.0,0.0,0.0,0.0006463133944574661,0.0013154445154902376,0.08485642599665054,0.0,0.0,0.0,0.025028685817539895,0.0,0.0,1000.0,0.0,0.0,0.0,0.0,0.0,0.0,1000.0,0.0,0.0,0.0,0.0,0.0,0.0,1000.0,0.0,0.0006463133944574661,0.025028685817539895,0.0,0.0,0.0,0.012504546478388764
4,700000000,map,2.5474653191382326,-0.06764531298091521,0.0,0.0,0.0,0.2447184859328407,0.9695941742000815,0.021128598257784847,0.0014082679713762806,0.0,0.0,0.0,0.0006408109208549071,0.0014082679713762806,0.08485621435505872,0.0,0.0,0.0,0.025097751916315202,0.0,0.0,1000.0,0.0,0.0,0.0,0.0,0.0,0.0,1000.0,0.0,0.0,0.0,0.0,0.0,0.0,1000.0,0.0,0.0006408109208549071,0.025097751916315202,0.0,0.0,0.0,0.011324260469384487
4,725000000,map,2.5585580314395537,-0.06774414242429765,0.0,0.0,0.0,0.2580406647204626,0.96613405661462,0.021507719306216904,0.0013145207936621586,0.0,0.0,0.0,0.0006419881676407487,0.0013145207936621586,0.08592141021764747,0.0,0.0,0.0,0.02522988723405107,0.0,0.0,1000.0,0.0,0.0,0.0,0.0,0.0,0.0,1000.0,0.0,0.0,0.0,0.0,0.0,0.0,1000.0,0.0,0.0006419881676407487,0.02522988723405107,0.0,0.0,0.0,0.01249954639525965
4,750000000,map,2.5696509439697715,-0.06750303161606441,0.0,0.0,0.0,0.271422955162294,0.9624601702984739,0.021892132452400032,0.001209245643116462,0.0,0.0,0.0,0.0006388324317845084,0.001209245643116462,0.08698331617579741,0.0,0.0,0.0,0.025375074843342657,0.0,0.0,1000.0,0.0,0.0,0.0,0.0,0.0,0.0,1000.0,0.0,0.0,0.0,0.0,0.0,0.0,1000.0,0.0,0.0006388324317845084,0.025375074843342657,0.0,0.0,0.0,0.013677097276289863
4,775000000,map,2.5794427455673277,-0.06762886845768876,0.0,0.0,0.0,0.28001410082500133,0.9599958871470055,0.02118562431273434,0.0014058174665068563,0.0,0.0,0.0,0.0006330528826924641,0.0014058174665068563,0.0864990269277151,0.0,0.0,0.0,0.02542189216078959,0.0,0.0,1000.0,0.0,0.0,0.0,0.0,0.0,0.0,1000.0,0.0,0.0,0.0,0.0,0.0,0.0,1000.0,0.0,0.0006330528826924641,0.02542189216078959,0.0,0.0,0.0,0.011337174989104975
4,800000000,map,2.5907320559616758,-0.06666178936013319,0.0,0.0,0.0,0.29351577631512044,0.955954229581172,0.02158066302435627,0.0012793533669242785,0.0,0.0,0.0,0.0006215174545216115,0.0012793533669242785,0.08756473539234116,0.0,0.0,0.0,0.025556552324039555,0.0,0.0,1000.0,0.0,0.0,0.0,0.0,0.0,0.0,1000.0,0.0,0.0,0.0,0.0,0.0,0.0,1000.0,0.0,0.0006215174545216115,0.025556552324039555,0.0,0.0,0.0,0.012519049801628507
4,825000000,map,2.604744475489376,-0.06545588213908805,0.0,0.0,0.0,0.31338413471373505,0.9496264445084307,0.021170297665237935,0.0013630597833391696,0.0,0.0,0.0,0.0006099373701409966,0.0013630597833391696,0.08763554255138652,0.0,0.0,0.0,0.025663734386067925,0.0,0.0,1000.0,0.0,0.0,0.0,0.0,0.0,0.0,1000.0,0.0,0.0,0.0,0.0,0.0,0.0,1000.0,0.0,0.0006099373701409966,0.025663734386067925,0.0,0.0,0.0,0.011341019970309422
4,850000000,map,2.6162123158099075,-0.06344012835389914,0.0,0.0,0.0,0.32673635643529164,0.9451155238294364,0.021581678495238375,0.0012061074819752601,0.0,0.0,0.0,0.0005858854818992135,0.0012061074819752601,0.0887008642457459,0.0,0.0,0.0,0.02580056816794679,0.0,0.0,1000.0,0.0,0.0,0.0,0.0,0.0,0.0,1000.0,0.0,0.0,0.0,0.0,0.0,0.0,1000.0,0.0,0.0005858854818992135,0.02580056816794679,0.0,0.0,0.0,0.012522894778117116
4,875000000,map,2.627795409879225,-0.06098371540735764,0.0,0.0,0.0,0.3400236772112089,0.9404168750802846,0.022000532769260436,0.0010364099534502056,0.0,0.0,0.0,0.0005536724947805986,0.0010364099534502056,0.08977028711256015,0.0,0.0,0.0,0.02595246691956914,0.0,0.0,1000.0,0.0,0.0,0.0,0.0,0.0,0.0,1000.0,0.0,0.0,0.0,0.0,0.0,0.0,1000.0,0.0,0.0005536724947805986,0.02595246691956914,0.0,0.0,0.0,0.0137047695598104
4,900000000,map,2.638450304762303,-0.0574087353942475,0.0,0.0,0.0,0.3489742710820552,0.9371323055592248,0.02178366745248723,0.0011432859878578502,0.0,0.0,0.0,0.0008621249785413613,0.0011432859878578502,0.08968278787046184,0.0,0.0,0.0,0.025993779953837785,0.0,0.0,1000.0,0.0,0.0,0.0,0.0,0.0,0.0,1000.0,0.0,0.0,0.0,0.0,0.0,0.0,1000.0,0.0,0.0008621249785413613,0.025993779953837785,0.0,0.0,0.0,0.011524064624939084
4,925000000,map,2.650199779435011,-0.054132644686608174,0.0,0.0,0.0,0.36212324160731596,0.9321302258203032,0.022212668929571616,0.0009554311773441962,0.0,0.0,0.0,0.0008224359635960047,0.0009554311773441962,0.09075612902561989,0.0,0.0,0.0,0.02613612188435814,0.0,0.0,1000.0,0.0,0.0,0.0,0.0,0.0,0.0,1000.0,0.0,0.0,0.0,0.0,0.0,0.0,1000.0,0.0,0.0008224359635960047,0.02613612188435814,0.0,0.0,0.0,0.01270543235010382
4,950000000,map,2.6619392038576386,-0.050391507858113624,0.0,0.0,0.0,0.37507235884956636,0.9269955370049103,0.022647786144533125,0.0007552000190540237,0.0,0.0,0.0,0.0007726985468758812,0.0007552000190540237,0.09182622560504293,0.0,0.0,0.0,0.02629219440223971,0.0,0.0,1000.0,0.0,0.0,0.0,0.0,0.0,0.0,1000.0,0.0,0.0,0.0,0.0,0.0,0.0,1000.0,0.0,0.0007726985468758812,0.02629219440223971,0.0,0.0,0.0,0.013884034435123562
4,975000000,map,2.6695056158095025,-0.047910621392691435,0.0,0.0,0.0,0.38242495000873994,0.9239865570509198,0.0220540152173061,0.0009275509610278791,0.0,0.0,0.0,0.0008646337586575088,0.0009275509610278791,0.0914775923810403,0.0,0.0,0.0,0.026348387895262768,0.0,0.0,1000.0,0.0,0.0,0.0,0.0,0.0,0.0,1000.0,0.0,0.0,0.0,0.0,0.0,0.0,1000.0,0.0,0.0008646337586575088,0.026348387895262768,0.0,0.0,0.0,0.011559550995402623
5,0,map,2.681361322811558,-0.04344556718099819,0.0,0.0,0.0,0.3948157907518719,0.9187603013697175,0.022499860083052707,0.0007088110354920722,0.0,0.0,0.0,0.0008104100007453447,0.0007088110354920722,0.09255163649178307,0.0,0.0,0.0,0.026492363971672643,0.0,0.0,1000.0,0.0,0.0,0.0,0.0,0.0,0.0,1000.0,0.0,0.0,0.0,0.0,0.0,0.0,1000.0,0.0,0.0008104100007453447,0.026492363971672643,0.0,0.0,0.0,0.012728511519117837
5,25000000,map,2.6939197330285944,-0.03697549354029372,0.0,0.0,0.0,0.4122643619541966,0.9110642654953047,0.022022147702430037,0.0006802288202004724,0.0,0.0,0.0,0.0007477288038156449,0.0006802288202004724,0.09251881943559431,0.0,0.0,0.0,0.026579528188537357,0.0,0.0,1000.0,0.0,0.0,0.0,0.0,0.0,0.0,1000.0,0.0,0.0,0.0,0.0,0.0,0.0,1000.0,0.0,0.0007477288038156449,0.026579528188537357,0.0,0.0,0.0,0.011545485241689276
5,50000000,map,2.705439286003745,-0.03153649087757212,0.0,0.0,0.0,0.4235892338971957,0.9058543817448734,0.02247959920011025,0.0004373032521556734,0.0,0.0,0.0,0.0006818073092753102,0.0004373032521556734,0.09356503744921811,0.0,0.0,0.0,0.026719146827403492,0.0,0.0,1000.0,0.0,0.0,0.0,0.0,0.0,0.0,1000.0,0.0,0.0,0.0,0.0,0.0,0.0,1000.0,0.0,0.0006818073092753102,0.026719146827403492,0.0,0.0,0.0,0.012694802409631169
5,75000000,map,2.716751167858891,-0.025671854651338998,0.0,0.0,0.0,0.43426129374030054,0.90078694970509,0.022940006582705296,0.00018467964106047997,0.0,0.0,0.0,0.0006040249699123977,0.00018467964106047997,0.09459695203523201,0.0,0.0,0.0,0.026869175678187866,0.0,0.0,1000.0,0.0,0.0,0.0,0.0,0.0,0.0,1000.0,0.0,0.0,0.0,0.0,0.0,0.0,1000.0,0.0,0.0006040249699123977,0.026869175678187866,0.0,0.0,0.0,0.013831084742579252
5,100000000,map,2.7252185647180824,-0.025809088264557932,0.0,0.0,0.0,0.4394100451272703,0.8982865980527875,0.022151458308538638,0.0003261003868500076,0.0,0.0,0.0,0.0006464175837954779,0.0003261003868500076,0.09425845434670252,0.0,0.0,0.0,0.02689871356951215,0.0,0.0,1000.0,0.0,0.0,0.0,0.0,0.0,0.0,1000.0,0.0,0.0,0.0,0.0,0.0,0.0,1000.0,0.0,0.0006464175837954779,0.02689871356951215,0.0,0.0,0.0,0.011526063526671078
5,125000000,map,2.7362452116347016,-0.019211867904937688,0.0,0.0,0.0,0.44906894514990947,0.8934971082784474,0.02261395807334201,5.890490642657964e-05,0.0,0.0,0.0,0.0005666975928799831,5.890490642657964e-05,0.09527035784756027,0.0,0.0,0.0,0.027031958200448177,0.0,0.0,1000.0,0.0,0.0,0.0,0.0,0.0,0.0,1000.0,0.0,0.0,0.0,0.0,0.0,0.0,1000.0,0.0,0.0005666975928799831,0.027031958200448177,0.0,0.0,0.0,0.012641687911021923
5,150000000,map,2.7471038476860588,-0.012157441521401793,0.0,0.0,0.0,0.4583612034724769,0.8887660024726771,0.02307874348758796,-0.0002184417816816594,0.0,0.0,0.0,0.0004736076518938008,-0.0002184417816816594,0.09627165929713863,0.0,0.0,0.0,0.02717524834684058,0.0,0.0,1000.0,0.0,0.0,0.0,0.0,0.0,0.0,1000.0,0.0,0.0,0.0,0.0,0.0,0.0,1000.0,0.0,0.0004736076518938008,0.02717524834684058,0.0,0.0,0.0,0.01375023566293215
5,175000000,map,2.7515057731352304,-0.004518641674408104,0.0,0.0,0.0,0.46298137080363,0.886368010641625,0.02218227296832679,-0.00013340118571859746,0.0,0.0,0.0,0.00047340306936497287,-0.00013340118571859746,0.09590215833591749,0.0,0.0,0.0,0.02719535901252613,0.0,0.0,1000.0,0.0,0.0,0.0,0.0,0.0,0.0,1000.0,0.0,0.0,0.0,0.0,0.0,0.0,1000.0,0.0,0.00047340306936497287,0.02719535901252613,0.0,0.0,0.0,0.011495439668287494
5,200000000,map,2.762046707024549,0.003125360004447405,0.0,0.0,0.0,0.4717548885112662,0.8817297347632793,0.022649352849568365,-0.00042317249355905623,0.0,0.0,0.0,0.0003813335052488352,-0.00042317249355905623,0.09688287875554358,0.0,0.0,0.0,0.02732232120187927,0.0,0.0,1000.0,0.0,0.0,0.0,0.0,0.0,0.0,1000.0,0.0,0.0,0.0,0.0,0.0,0.0,1000.0,0.0,0.0003813335052488352,0.02732232120187927,0.0,0.0,0.0,0.012593922941565479
5,225000000,map,2.7762800237283884,0.012684543954510914,0.0,0.0,0.0,0.48365621728412456,0.8752580553656228,0.022065750275626222,-0.0005940533562931239,0.0,0.0,0.0,0.0002553154541332743,-0.0005940533562931239,0.09678633767499523,0.0,0.0,0.0,0.027383211037104484,0.0,0.0,1000.0,0.0,0.0,0.0,0.0,0.0,0.0,1000.0,0.0,0.0,0.0,0.0,0.0,0.0,1000.0,0.0,0.0002553154541332743,0.027383211037104484,0.0,0.0,0.0,0.011471612796195744
5,250000000,map,2.7863516700047515,0.02108030904343789,0.0,0.0,0.0,0.4918712138900447,0.8706679671070562,0.02253922859764788,-0.0009009427975688433,0.0,0.0,0.0,0.00015443431806981818,-0.0009009427975688433,0.09773676451164932,0.0,0.0,0.0,0.027504229086993567,0.0,0.0,1000.0,0.0,0.0,0.0,0.0,0.0,0.0,1000.0,0.0,0.0,0.0,0.0,0.0,0.0,1000.0,0.0,0.00015443431806981818,0.027504229086993567,0.0,0.0,0.0,0.012559820907566752
5,275000000,map,2.7961843919653737,0.02979896200001015,0.0,0.0,0.0,0.4997764788677239,0.8661544153155253,0.023014403176304064,-0.0012151844944459907,0.0,0.0,0.0,4.021253921434151e-05,-0.0012151844944459907,0.09867313745223985,0.0,0.0,0.0,0.02763304611858409,0.0,0.0,1000.0,0.0,0.0,0.0,0.0,0.0,0.0,1000.0,0.0,0.0,0.0,0.0,0.0,0.0,1000.0,0.0,4.021253921434151e-05,0.02763304611858409,0.0,0.0,0.0,0.013641882365729496
5,300000000,map,2.8080769934593675,0.03586565680735635,0.0,0.0,0.0,0.505083114433591,0.8630707082933958,0.022163496055840656,-0.00128254033992699,0.0,0.0,0.0,2.6261143185640792e-05,-0.00128254033992699,0.09847522478641865,0.0,0.0,0.0,0.027680264042013045,0.0,0.0,1000.0,0.0,0.0,0.0,0.0,0.0,0.0,1000.0,0.0,0.0,0.0,0.0,0.0,0.0,1000.0,0.0,2.6261143185640792e-05,0.027680264042013045,0.0,0.0,0.0,0.011464910442252885
5,325000000,map,2.8175072604481546,0.045181223803853254,0.0,0.0,0.0,0.5124073562023377,0.8587425116469608,0.022639604211691998,-0.0016091789834619622,0.0,0.0,0.0,-8.552552890346979e-05,-0.0016091789834619622,0.09938786422763286,0.0,0.0,0.0,0.02779342711238597,0.0,0.0,1000.0,0.0,0.0,0.0,0.0,0.0,0.0,1000.0,0.0,0.0,0.0,0.0,0.0,0.0,1000.0,0.0,-8.552552890346979e-05,0.02779342711238597,0.0,0.0,0.0,0.012535061246243947
5,350000000,map,2.8267340972019794,0.05485772961332129,0.0,0.0,0.0,0.5194218275515301,0.854517972346415,0.02311742160555077,-0.001944221651002994,0.0,0.0,0.0,-0.00021196790061300385,-0.001944221651002994,0.1002894757084612,0.0,0.0,0.0,0.027913993683160804,0.0,0.0,1000.0,0.0,0.0,0.0,0.0,0.0,0.0,1000.0,0.0,0.0,0.0,0.0,0.0,0.0,1000.0,0.0,-0.00021196790061300385,0.027913993683160804,0.0,0.0,0.0,0.013598829271512115
5,375000000,map,2.8355282689509647,0.06461069907738608,0.0,0.0,0.0,0.5235754045573624,0.8519793399740362,0.02219929277345553,-0.002054434526135301,0.0,0.0,0.0,-0.00025295440196041087,-0.002054434526135301,0.10011633493059956,0.0,0.0,0.0,0.02796261526180263,0.0,0.0,1000.0,0.0,0.0,0.0,0.0,0.0,0.0,1000.0,0.0,0.0,0.0,0.0,0.0,0.0,1000.0,0.0,-0.00025295440196041087,0.02796261526180263,0.0,0.0,0.0,0.011433451272333948
5,400000000,map,2.84443557228695,0.07470856500379618,0.0,0.0,0.0,0.5302611560652358,0.8478343625781865,0.02268063950767081,-0.002399677798262662,0.0,0.0,0.0,-0.0003737462393382652,-0.002399677798262662,0.10100004079482837,0.0,0.0,0.0,0.028069165452097943,0.0,0.0,1000.0,0.0,0.0,0.0,0.0,0.0,0.0,1000.0,0.0,0.0,0.0,0.0,0.0,0.0,1000.0,0.0,-0.0003737462393382652,0.028069165452097943,0.0,0.0,0.0,0.012490779502395117
5,425000000,map,2.8568740274019504,0.08516239996166344,0.0,0.0,0.0,0.5397145214889966,0.8418481070204431,0.02210536515561794,-0.002637070440276332,0.0,0.0,0.0,-0.0005038809496539896,-0.002637070440276332,0.10105193745533872,0.0,0.0,0.0,0.0281486476057424,0.0,0.0,1000.0,0.0,0.0,0.0,0.0,0.0,0.0,1000.0,0.0,0.0,0.0,0.0,0.0,0.0,1000.0,0.0,-0.0005038809496539896,0.0281486476057424,0.0,0.0,0.0,0.01141058960670834
5,450000000,map,2.8652976115273625,0.0957692416841372,0.0,0.0,0.0,0.5460162146095716,0.8377746077456838,0.022592954551831516,-0.0029946393904728163,0.0,0.0,0.0,-0.0006304802482760347,-0.0029946393904728163,0.10190747895559728,0.0,0.0,0.0,0.028249188357651746,0.0,0.0,1000.0,0.0,0.0,0.0,0.0,0.0,0.0,1000.0,0.0,0.0,0.0,0.0,0.0,0.0,1000.0,0.0,-0.0006304802482760347,0.028249188357651746,0.0,0.0,0.0,0.012460662917746099
5,475000000,map,2.8734933727307914,0.10656270028515447,0.0,0.0,0.0,0.5521223186482748,0.8337631229854514,0.02308299921511451,-0.0033570360849341477,0.0,0.0,0.0,-0.0007706195175602281,-0.0033570360849341477,0.10275013147225563,0.0,0.0,0.0,0.028355599845269627,0.0,0.0,1000.0,0.0,0.0,0.0,0.0,0.0,0.0,1000.0,0.0,0.0,0.0,0.0,0.0,0.0,1000.0,0.0,-0.0007706195175602281,0.028355599845269627,0.0,0.0,0.0,0.013506781710426265
5,500000000,map,2.8846996822321,0.11786113702652942,0.0,0.0,0.0,0.5567448413993326,0.8306835628416106,0.021717541183851496,-0.003654152722163908,0.0,0.0,0.0,-0.0010209776072814699,-0.003654152722163908,0.10281017077521226,0.0,0.0,0.0,0.028344360198088888,0.0,0.0,1000.0,0.0,0.0,0.0,0.0,0.0,0.0,1000.0,0.0,0.0,0.0,0.0,0.0,0.0,1000.0,0.0,-0.0010209776072814699,0.028344360198088888,0.0,0.0,0.0,0.011212540365350078
5,525000000,map,2.8925075127315454,0.12910576837727789,0.0,0.0,0.0,0.5624316553506115,0.8268437779046118,0.022214611806149816,-0.004027857900982952,0.0,0.0,0.0,-0.0011528901558506657,-0.004027857900982952,0.10363049949155755,0.0,0.0,0.0,0.028435955092385674,0.0,0.0,1000.0,0.0,0.0,0.0,0.0,0.0,0.0,1000.0,0.0,0.0,0.0,0.0,0.0,0.0,1000.0,0.0,-0.0011528901558506657,0.028435955092385674,0.0,0.0,0.0,0.012249775908880732
5,550000000,map,2.9001555936670274,0.14046934672956404,0.0,0.0,0.0,0.5680747103481659,0.8229769884163514,0.022716101385662435,-0.004405444583244111,0.0,0.0,0.0,-0.0012979824121928747,-0.004405444583244111,0.10444201665196076,0.0,0.0,0.0,0.02853360719502583,0.0,0.0,1000.0,0.0,0.0,0.0,0.0,0.0,0.0,1000.0,0.0,0.0,0.0,0.0,0.0,0.0,1000.0,0.0,-0.0012979824121928747,0.02853360719502583,0.0,0.0,0.0,0.013286591570473846
5,575000000,map,2.89904262117143,0.14898025962501935,0.0,0.0,0.0,0.5704015879691023,0.8213659528141682,0.021750805449393625,-0.00457002980548018,0.0,0.0,0.0,-0.0013488238453967173,-0.00457002980548018,0.1038555236348374,0.0,0.0,0.0,0.02856092664214709,0.0,0.0,1000.0,0.0,0.0,0.0,0.0,0.0,0.0,1000.0,0.0,0.0,0.0,0.0,0.0,0.0,1000.0,0.0,-0.0013488238453967173,0.02856092664214709,0.0,0.0,0.0,0.011224831471731712
5,600000000,map,2.9063861891625278,0.1606250062389997,0.0,0.0,0.0,0.5757708788453529,0.8176110903563196,0.022255824428121504,-0.004954589865580149,0.0,0.0,0.0,-0.0014855372610106626,-0.004954589865580149,0.10465020722774204,0.0,0.0,0.0,0.028647142709884527,0.0,0.0,1000.0,0.0,0.0,0.0,0.0,0.0,0.0,1000.0,0.0,0.0,0.0,0.0,0.0,0.0,1000.0,0.0,-0.0014855372610106626,0.028647142709884527,0.0,0.0,0.0,0.012255871053785032
5,625000000,map,2.9212773432354577,0.17510754154996905,0.0,0.0,0.0,0.584239389675592,0.8115813795002271,0.02175373222881854,-0.005258286848426514,0.0,0.0,0.0,-0.0016027352956344853,-0.005258286848426514,0.10476878062802354,0.0,0.0,0.0,0.028704318927455535,0.0,0.0,1000.0,0.0,0.0,0.0,0.0,0.0,0.0,1000.0,0.0,0.0,0.0,0.0,0.0,0.0,1000.0,0.0,-0.0016027352956344853,0.028704318927455535,0.0,0.0,0.0,0.01118922099259227
5,650000000,map,2.92813832053981,0.18712106165753392,0.0,0.0,0.0,0.5893214961944765,0.8078986162403694,0.022265359973470556,-0.0056514172143127435,0.0,0.0,0.0,-0.0017433173035642186,-0.0056514172143127435,0.10553563558712804,0.0,0.0,0.0,0.028784605967154982,0.0,0.0,1000.0,0.0,0.0,0.0,0.0,0.0,0.0,1000.0,0.0,0.0,0.0,0.0,0.0,0.0,1000.0,0.0,-0.0017433173035642186,0.028784605967154982,0.0,0.0,0.0,0.012214744984242347
5,675000000,map,2.934773814143857,0.1993376583874579,0.0,0.0,0.0,0.5941464916307906,0.8043568526983672,0.022779236883528727,-0.00604956732200805,0.0,0.0,0.0,-0.0018987685954935819,-0.00604956732200805,0.10629027758135215,0.0,0.0,0.0,0.028869039961019374,0.0,0.0,1000.0,0.0,0.0,0.0,0.0,0.0,0.0,1000.0,0.0,0.0,0.0,0.0,0.0,0.0,1000.0,0.0,-0.0018987685954935819,0.028869039961019374,0.0,0.0,0.0,0.01323445258951285
5,700000000,map,2.9426796541495555,0.21249923927704845,0.0,0.0,0.0,0.5971636684947418,0.8021194131984976,0.021942766096711256,-0.006386885344945859,0.0,0.0,0.0,-0.00196910043608104,-0.006386885344945859,0.10611595079019794,0.0,0.0,0.0,0.02894055820462121,0.0,0.0,1000.0,0.0,0.0,0.0,0.0,0.0,0.0,1000.0,0.0,0.0,0.0,0.0,0.0,0.0,1000.0,0.0,-0.00196910043608104,0.02894055820462121,0.0,0.0,0.0,0.011194529373050672
5,725000000,map,2.9489795085021933,0.22497339619351567,0.0,0.0,0.0,0.6017384737304705,0.7986931884225155,0.022460768192324152,-0.006791882669165375,0.0,0.0,0.0,-0.0021150690941355195,-0.006791882669165375,0.10685246888129016,0.0,0.0,0.0,0.02901427711740635,0.0,0.0,1000.0,0.0,0.0,0.0,0.0,0.0,0.0,1000.0,0.0,0.0,0.0,0.0,0.0,0.0,1000.0,0.0,-0.0021150690941355195,0.02901427711740635,0.0,0.0,0.0,0.01220884113638798
5,750000000,map,2.9555810805785474,0.23676973541109425,0.0,0.0,0.0,0.6084702395280666,0.7935766929595761,0.021991323916835146,-0.007123073056035485,0.0,0.0,0.0,-0.002233072649131012,-0.007123073056035485,0.10681473076204484,0.0,0.0,0.0,0.029076818181646882,0.0,0.0,1000.0,0.0,0.0,0.0,0.0,0.0,0.0,1000.0,0.0,0.0,0.0,0.0,0.0,0.0,1000.0,0.0,-0.002233072649131012,0.029076818181646882,0.0,0.0,0.0,0.011184788024093088
5,775000000,map,2.9614752405258935,0.24948182030049593,0.0,0.0,0.0,0.612887531407321,0.790170154995391,0.02251686704389063,-0.00753404505968975,0.0,0.0,0.0,-0.0023816841760450694,-0.00753404505968975,0.10752800170482057,0.0,0.0,0.0,0.029145724275121847,0.0,0.0,1000.0,0.0,0.0,0.0,0.0,0.0,0.0,1000.0,0.0,0.0,0.0,0.0,0.0,0.0,1000.0,0.0,-0.0023816841760450694,0.029145724275121847,0.0,0.0,0.0,0.012196353339737526
5,800000000,map,2.9672234973418092,0.2622635542651852,0.0,0.0,0.0,0.6172791131227197,0.7867442383026575,0.023047167984900536,-0.007947380057558968,0.0,0.0,0.0,-0.002544038420555639,-0.007947380057558968,0.1082330226294275,0.0,0.0,0.0,0.029218738929876743,0.0,0.0,1000.0,0.0,0.0,0.0,0.0,0.0,0.0,1000.0,0.0,0.0,0.0,0.0,0.0,0.0,1000.0,0.0,-0.002544038420555639,0.029218738929876743,0.0,0.0,0.0,0.013207749884298976
5,825000000,map,2.9658504195572677,0.27455833013038144,0.0,0.0,0.0,0.6194012843144504,0.7850745499566327,0.022228599593506343,-0.008244569465188357,0.0,0.0,0.0,-0.0025970598445596545,-0.008244569465188357,0.1075271509072985,0.0,0.0,0.0,0.029204810808638154,0.0,0.0,1000.0,0.0,0.0,0.0,0.0,0.0,0.0,1000.0,0.0,0.0,0.0,0.0,0.0,0.0,1000.0,0.0,-0.0025970598445596545,0.029204810808638154,0.0,0.0,0.0,0.011195430799882455
5,850000000,map,2.971284295291042,0.2875627596584818,0.0,0.0,0.0,0.6235302402056155,0.7817992322515592,0.022762557743139372,-0.008662762668427509,0.0,0.0,0.0,-0.002749187400985733,-0.008662762668427509,0.10821436421761502,0.0,0.0,0.0,0.029268377013946575,0.0,0.0,1000.0,0.0,0.0,0.0,0.0,0.0,0.0,1000.0,0.0,0.0,0.0,0.0,0.0,0.0,1000.0,0.0,-0.002749187400985733,0.029268377013946575,0.0,0.0,0.0,0.012200836771464135
5,875000000,map,2.9765333850003866,0.300682689748525,0.0,0.0,0.0,0.627529887065254,0.7785924741736653,0.023300069343832195,-0.009084047781213155,0.0,0.0,0.0,-0.002915838082180002,-0.009084047781213155,0.10889134524803187,0.0,0.0,0.0,0.029335051483224114,0.0,0.0,1000.0,0.0,0.0,0.0,0.0,0.0,0.0,1000.0,0.0,0.0,0.0,0.0,0.0,0.0,1000.0,0.0,-0.002915838082180002,0.029335051483224114,0.0,0.0,0.0,0.013203365850124627
5,900000000,map,2.980407338905068,0.31161771714805636,0.0,0.0,0.0,0.6299315239505177,0.7766506776752199,0.022448360889034267,-0.009400500438826974,0.0,0.0,0.0,-0.002977849577324894,-0.009400500438826974,0.10836337370693669,0.0,0.0,0.0,0.029326287292733996,0.0,0.0,1000.0,0.0,0.0,0.0,0.0,0.0,0.0,1000.0,0.0,0.0,0.0,0.0,0.0,0.0,1000.0,0.0,-0.002977849577324894,0.029326287292733996,0.0,0.0,0.0,0.011174392575543748
5,925000000,map,2.985398355719439,0.32487221537105043,0.0,0.0,0.0,0.6338171118952799,0.7734829465920541,0.022991732236023032,-0.009824886580129966,0.0,0.0,0.0,-0.0031325895451077045,-0.009824886580129966,0.10902540319301396,0.0,0.0,0.0,0.029384555042147507,0.0,0.0,1000.0,0.0,0.0,0.0,0.0,0.0,0.0,1000.0,0.0,0.0,0.0,0.0,0.0,0.0,1000.0,0.0,-0.0031325895451077045,0.029384555042147507,0.0,0.0,0.0,0.012174656959106432
5,950000000,map,2.9969505521514654,0.3439057793922577,0.0,0.0,0.0,0.6396164594643091,0.7686942075899504,0.022566208704547584,-0.010251569902660173,0.0,0.0,0.0,-0.003273528075268696,-0.010251569902660173,0.10897882324480299,0.0,0.0,0.0,0.029429907364099506,0.0,0.0,1000.0,0.0,0.0,0.0,0.0,0.0,0.0,1000.0,0.0,0.0,0.0,0.0,0.0,0.0,1000.0,0.0,-0.003273528075268696,0.029429907364099506,0.0,0.0,0.0,0.011154941743650598
5,975000000,map,3.0015596974899865,0.3573356006063874,0.0,0.0,0.0,0.6433585426701534,0.7655650106773013,0.02311786249151728,-0.010679925578129943,0.0,0.0,0.0,-0.0034300354778379334,-0.010679925578129943,0.10961880960511786,0.0,0.0,0.0,0.029483621062405263,0.0,0.0,1000.0,0.0,0.0,0.0,0.0,0.0,0.0,1000.0,0.0,0.0,0.0,0.0,0.0,0.0,1000.0,0.0,-0.0034300354778379334,0.029483621062405263,0.0,0.0,0.0,0.012152502201258146
6,0,map,3.0060253437017317,0.37082408840271114,0.0,0.0,0.0,0.6470625501399484,0.7624369194932697,0.023674218828218758,-0.011109998814079806,0.0,0.0,0.0,-0.003600678118681464,-0.011109998814079806,0.11025061182346658,0.0,0.0,0.0,0.029540115880367937,0.0,0.0,1000.0,0.0,0.0,0.0,0.0,0.0,0.0,1000.0,0.0,0.0,0.0,0.0,0.0,0.0,1000.0,0.0,-0.003600678118681464,0.029540115880367937,0.0,0.0,0.0,0.013149465435179074
6,25000000,map,3.0083534011451096,0.3809525543086875,0.0,0.0,0.0,0.6492957775915306,0.7605359907340412,0.022906762010479,-0.011526875117127126,0.0,0.0,0.0,-0.0036780842161181645,-0.011526875117127126,0.10988538408620806,0.0,0.0,0.0,0.029588465507940295,0.0,0.0,1000.0,0.0,0.0,0.0,0.0,0.0,0.0,1000.0,0.0,0.0,0.0,0.0,0.0,0.0,1000.0,0.0,-0.0036780842161181645,0.029588465507940295,0.0,0.0,0.0,0.011164139872468577
6,50000000,map,3.0125262134985022,0.39459855716007075,0.0,0.0,0.0,0.6528077653255198,0.7575236112034404,0.02346845626070825,-0.011960958806529145,0.0,0.0,0.0,-0.0038372021936012185,-0.011960958806529145,0.11050094580785746,0.0,0.0,0.0,0.029637122207584823,0.0,0.0,1000.0,0.0,0.0,0.0,0.0,0.0,0.0,1000.0,0.0,0.0,0.0,0.0,0.0,0.0,1000.0,0.0,-0.0038372021936012185,0.029637122207584823,0.0,0.0,0.0,0.012156678570263174
6,75000000,map,3.0165496248387873,0.4083070008985755,0.0,0.0,0.0,0.6562595000341978,0.7545352666475338,0.024034642766254423,-0.012396700552356338,0.0,0.0,0.0,-0.004010646010346504,-0.012396700552356338,0.11110799348534,0.0,0.0,0.0,0.029688027754013496,0.0,0.0,1000.0,0.0,0.0,0.0,0.0,0.0,0.0,1000.0,0.0,0.0,0.0,0.0,0.0,0.0,1000.0,0.0,-0.004010646010346504,0.029688027754013496,0.0,0.0,0.0,0.013147990588951587
6,100000000,map,3.017427705639161,0.4180788910712879,0.0,0.0,0.0,0.6580025358567816,0.7530157121906852,0.023214516430734806,-0.012716933271023967,0.0,0.0,0.0,-0.0040646380513437224,-0.012716933271023967,0.11054807536431296,0.0,0.0,0.0,0.0296935107751115,0.0,0.0,1000.0,0.0,0.0,0.0,0.0,0.0,0.0,1000.0,0.0,0.0,0.0,0.0,0.0,0.0,1000.0,0.0,-0.0040646380513437224,0.0296935107751115,0.0,0.0,0.0,0.011156623801776405
6,125000000,map,3.021221737517747,0.4318818640692501,0.0,0.0,0.0,0.6613545211497749,0.750073461305459,0.02378652054410633,-0.01315468764136649,0.0,0.0,0.0,-0.0042254595955639,-0.01315468764136649,0.11114189225087596,0.0,0.0,0.0,0.029737715894227856,0.0,0.0,1000.0,0.0,0.0,0.0,0.0,0.0,0.0,1000.0,0.0,0.0,0.0,0.0,0.0,0.0,1000.0,0.0,-0.0042254595955639,0.029737715894227856,0.0,0.0,0.0,0.012145826220247185
6,150000000,map,3.0235998283752794,0.4488037110017513,0.0,0.0,0.0,0.6660036803051353,0.745948455203183,0.02337334779805403,-0.01349745787562096,0.0,0.0,0.0,-0.004334777560803867,-0.01349745787562096,0.1108831546058108,0.0,0.0,0.0,0.029755293226037052,0.0,0.0,1000.0,0.0,0.0,0.0,0.0,0.0,0.0,1000.0,0.0,0.0,0.0,0.0,0.0,0.0,1000.0,0.0,-0.004334777560803867,0.029755293226037052,0.0,0.0,0.0,0.011142043890225193
6,175000000,map,3.0270516250910906,0.46273111717230186,0.0,0.0,0.0,0.6692352866470815,0.743050557570882,0.02395281733361859,-0.013937136575936229,0.0,0.0,0.0,-0.004496829202398892,-0.013937136575936229,0.11145697231072169,0.0,0.0,0.0,0.029795456434993525,0.0,0.0,1000.0,0.0,0.0,0.0,0.0,0.0,0.0,1000.0,0.0,0.0,0.0,0.0,0.0,0.0,1000.0,0.0,-0.004496829202398892,0.029795456434993525,0.0,0.0,0.0,0.012128856607770265
6,200000000,map,3.0303768891666794,0.4766950624253593,0.0,0.0,0.0,0.6724435803507717,0.7401483846128661,0.024537306906449834,-0.01437768900486791,0.0,0.0,0.0,-0.0046730837720506,-0.01437768900486791,0.1120234286391025,0.0,0.0,0.0,0.02983742831170887,0.0,0.0,1000.0,0.0,0.0,0.0,0.0,0.0,0.0,1000.0,0.0,0.0,0.0,0.0,0.0,0.0,1000.0,0.0,-0.0046730837720506,0.02983742831170887,0.0,0.0,0.0,0.013115380097199227
6,225000000,map,3.039146663953248,0.4924780305128014,0.0,0.0,0.0,0.6752148525583076,0.7376211106555065,0.023823583291982878,-0.014864152715124365,0.0,0.0,0.0,-0.004761225954359849,-0.014864152715124365,0.11168382462049738,0.0,0.0,0.0,0.029872340485412742,0.0,0.0,1000.0,0.0,0.0,0.0,0.0,0.0,0.0,1000.0,0.0,0.0,0.0,0.0,0.0,0.0,1000.0,0.0,-0.004761225954359849,0.029872340485412742,0.0,0.0,0.0,0.011137819331027086
6,250000000,map,3.0422054549102286,0.5065323577248584,0.0,0.0,0.0,0.6783250397526805,0.7347619617566796,0.024415079554598134,-0.015306439291175773,0.0,0.0,0.0,-0.004924678710964002,-0.015306439291175773,0.11223491616648228,0.0,0.0,0.0,0.029907914426893584,0.0,0.0,1000.0,0.0,0.0,0.0,0.0,0.0,0.0,1000.0,0.0,0.0,0.0,0.0,0.0,0.0,1000.0,0.0,-0.004924678710964002,0.029907914426893584,0.0,0.0,0.0,0.012122313173064676
6,275000000,map,3.045108567006937,0.520643588495306,0.0,0.0,0.0,0.681357198956582,0.7319510690135241,0.025010859481234948,-0.015749835415426197,0.0,0.0,0.0,-0.005102672970077755,-0.015749835415426197,0.1127770733778566,0.0,0.0,0.0,0.029944533294176224,0.0,0.0,1000.0,0.0,0.0,0.0,0.0,0.0,0.0,1000.0,0.0,0.0,0.0,0.0,0.0,0.0,1000.0,0.0,-0.005102672970077755,0.029944533294176224,0.0,0.0,0.0,0.01310500569220623
6,300000000,map,3.0443298710693694,0.5278573838862043,0.0,0.0,0.0,0.682880499582721,0.7305300974563973,0.024240042393698397,-0.016125597581954337,0.0,0.0,0.0,-0.005176513187669106,-0.016125597581954337,0.11205752943772056,0.0,0.0,0.0,0.029957645132341944,0.0,0.0,1000.0,0.0,0.0,0.0,0.0,0.0,0.0,1000.0,0.0,0.0,0.0,0.0,0.0,0.0,1000.0,0.0,-0.005176513187669106,0.029957645132341944,0.0,0.0,0.0,0.011149746764866405
6,325000000,map,3.047020106231918,0.542039665926984,0.0,0.0,0.0,0.6858279550712428,0.7277637089349793,0.024842428367604787,-0.016570220178615713,0.0,0.0,0.0,-0.005341597362351526,-0.016570220178615713,0.11258738192001824,0.0,0.0,0.0,0.02998895992711432,0.0,0.0,1000.0,0.0,0.0,0.0,0.0,0.0,0.0,1000.0,0.0,0.0,0.0,0.0,0.0,0.0,1000.0,0.0,-0.005341597362351526,0.02998895992711432,0.0,0.0,0.0,0.012130593339460554
6,350000000,map,3.049009517396061,0.5582392893346252,0.0,0.0,0.0,0.6899075742837757,0.7238974643869645,0.024462250312319394,-0.016914456039033916,0.0,0.0,0.0,-0.005447703889969079,-0.016914456039033916,0.11220262801946508,0.0,0.0,0.0,0.029977969052178612,0.0,0.0,1000.0,0.0,0.0,0.0,0.0,0.0,0.0,1000.0,0.0,0.0,0.0,0.0,0.0,0.0,1000.0,0.0,-0.005447703889969079,0.029977969052178612,0.0,0.0,0.0,0.011130543226643147
6,375000000,map,3.0513983637910203,0.572494696239076,0.0,0.0,0.0,0.6927812757424004,0.7211477684779536,0.02507246022036665,-0.017358916690113572,0.0,0.0,0.0,-0.005613356227809016,-0.017358916690113572,0.11271455077159412,0.0,0.0,0.0,0.03000572820298489,0.0,0.0,1000.0,0.0,0.0,0.0,0.0,0.0,0.0,1000.0,0.0,0.0,0.0,0.0,0.0,0.0,1000.0,0.0,-0.005613356227809016,0.03000572820298489,0.0,0.0,0.0,0.01211008946104488
6,400000000,map,3.053668244703705,0.5867739397820816,0.0,0.0,0.0,0.6956342368262787,0.71839613623343,0.02568774568834222,-0.017803554006234283,0.0,0.0,0.0,-0.005793270789978173,-0.017803554006234283,0.11321946272645261,0.0,0.0,0.0,0.03003432808149749,0.0,0.0,1000.0,0.0,0.0,0.0,0.0,0.0,0.0,1000.0,0.0,0.0,0.0,0.0,0.0,0.0,1000.0,0.0,-0.005793270789978173,0.03003432808149749,0.0,0.0,0.0,0.013089363384940563
6,425000000,map,3.0579310326347273,0.6007364721194054,0.0,0.0,0.0,0.6972914966657566,0.7167876733577588,0.02499972421650248,-0.01825234499923633,0.0,0.0,0.0,-0.005866344555376822,-0.01825234499923633,0.11272774144942972,0.0,0.0,0.0,0.030051186985236154,0.0,0.0,1000.0,0.0,0.0,0.0,0.0,0.0,0.0,1000.0,0.0,0.0,0.0,0.0,0.0,0.0,1000.0,0.0,-0.005866344555376822,0.030051186985236154,0.0,0.0,0.0,0.011130338424403318
6,450000000,map,3.060011086191954,0.6150519286009792,0.0,0.0,0.0,0.7001093186993922,0.7140356726874876,0.02562220265049058,-0.018697058228050196,0.0,0.0,0.0,-0.006032686234307215,-0.018697058228050196,0.11322145966321427,0.0,0.0,0.0,0.030075356637207753,0.0,0.0,1000.0,0.0,0.0,0.0,0.0,0.0,0.0,1000.0,0.0,0.0,0.0,0.0,0.0,0.0,1000.0,0.0,-0.006032686234307215,0.030075356637207753,0.0,0.0,0.0,0.012109113163396258
6,475000000,map,3.061965072521746,0.6293940316370461,0.0,0.0,0.0,0.7028942621802453,0.7112943527078566,0.026249585691651117,-0.019141847922841605,0.0,0.0,0.0,-0.006213370787545302,-0.019141847922841605,0.11370777284180703,0.0,0.0,0.0,0.03009997333018116,0.0,0.0,1000.0,0.0,0.0,0.0,0.0,0.0,0.0,1000.0,0.0,0.0,0.0,0.0,0.0,0.0,1000.0,0.0,-0.006213370787545302,0.03009997333018116,0.0,0.0,0.0,0.013087268815412683
6,500000000,map,3.064766598122085,0.6397675159888082,0.0,0.0,0.0,0.7053290191436353,0.7088800848901579,0.025510545864576115,-0.019542633718455077,0.0,0.0,0.0,-0.0062794344955481194,-0.019542633718455077,0.11319212389831196,0.0,0.0,0.0,0.03012686835175317,0.0,0.0,1000.0,0.0,0.0,0.0,0.0,0.0,0.0,1000.0,0.0,0.0,0.0,0.0,0.0,0.0,1000.0,0.0,-0.0062794344955481194,0.03012686835175317,0.0,0.0,0.0,0.01112821133430661
6,525000000,map,3.0664936416526953,0.6541491672783324,0.0,0.0,0.0,0.7080668183198109,0.706145438839946,0.026144829321987046,-0.019987130203263596,0.0,0.0,0.0,-0.006446504806782462,-0.019987130203263596,0.11366505507394079,0.0,0.0,0.0,0.030146931256517417,0.0,0.0,1000.0,0.0,0.0,0.0,0.0,0.0,0.0,1000.0,0.0,0.0,0.0,0.0,0.0,0.0,1000.0,0.0,-0.006446504806782462,0.030146931256517417,0.0,0.0,0.0,0.012105603458023906
6,550000000,map,3.066133742162326,0.6725571026280552,0.0,0.0,0.0,0.7115206431192149,0.7026651936841747,0.025805375500676134,-0.020368593721551018,0.0,0.0,0.0,-0.006562234055120081,-0.020368593721551018,0.11332671435220147,0.0,0.0,0.0,0.030161040138501252,0.0,0.0,1000.0,0.0,0.0,0.0,0.0,0.0,0.0,1000.0,0.0,0.0,0.0,0.0,0.0,0.0,1000.0,0.0,-0.006562234055120081,0.030161040138501252,0.0,0.0,0.0,0.011120722712731852
6,575000000,map,3.0676015437256057,0.686972769819653,0.0,0.0,0.0,0.7142236732886125,0.6999175269373681,0.0264480239806988,-0.020811911519417796,0.0,0.0,0.0,-0.006729589374100007,-0.020811911519417796,0.11378419868540006,0.0,0.0,0.0,0.030178080237690356,0.0,0.0,1000.0,0.0,0.0,0.0,0.0,0.0,0.0,1000.0,0.0,0.0,0.0,0.0,0.0,0.0,1000.0,0.0,-0.006729589374100007,0.030178080237690356,0.0,0.0,0.0,0.012097809840165827
6,600000000,map,3.0689547871740026,0.7014021457344128,0.0,0.0,0.0,0.7169105757686229,0.697165135639399,0.027095761409081473,-0.02125473449448197,0.0,0.0,0.0,-0.006911201456859541,-0.02125473449448197,0.11423487156531724,0.0,0.0,0.0,0.030195112530881404,0.0,0.0,1000.0,0.0,0.0,0.0,0.0,0.0,0.0,1000.0,0.0,0.0,0.0,0.0,0.0,0.0,1000.0,0.0,-0.006911201456859541,0.030195112530881404,0.0,0.0,0.0,0.013074738693102848
6,625000000,map,3.071302704280708,0.7114357608541283,0.0,0.0,0.0,0.7187327778565041,0.6952864115130347,0.026439880973790363,-0.021701479920010636,0.0,0.0,0.0,-0.006984360629222231,-0.021701479920010636,0.11363600227985905,0.0,0.0,0.0,0.030208025851869963,0.0,0.0,1000.0,0.0,0.0,0.0,0.0,0.0,0.0,1000.0,0.0,0.0,0.0,0.0,0.0,0.0,1000.0,0.0,-0.006984360629222231,0.030208025851869963,0.0,0.0,0.0,0.011128401471948797
6,650000000,map,3.072471507703858,0.725879783541175,0.0,0.0,0.0,0.7214052889398423,0.6925131111319284,0.027094979787774243,-0.022143122417968803,0.0,0.0,0.0,-0.007152155624481775,-0.022143122417968803,0.11407565362553411,0.0,0.0,0.0,0.030221603742814608,0.0,0.0,1000.0,0.0,0.0,0.0,0.0,0.0,0.0,1000.0,0.0,0.0,0.0,0.0,0.0,0.0,1000.0,0.0,-0.007152155624481775,0.030221603742814608,0.0,0.0,0.0,0.012105430112935207
6,675000000,map,3.0690337231092975,0.7462081882583947,0.0,0.0,0.0,0.7254353409187319,0.6882903211190198,0.026786370625024716,-0.02250764494366741,0.0,0.0,0.0,-0.007272160529795679,-0.02250764494366741,0.11343596002960395,0.0,0.0,0.0,0.030190788357219497,0.0,0.0,1000.0,0.0,0.0,0.0,0.0,0.0,0.0,1000.0,0.0,0.0,0.0,0.0,0.0,0.0,1000.0,0.0,-0.007272160529795679,0.030190788357219497,0.0,0.0,0.0,0.011125390516406401
6,700000000,map,3.069931846256891,0.7606654151087617,0.0,0.0,0.0,0.7280952637024867,0.6854759565251041,0.02745010889159555,-0.022946154034866058,0.0,0.0,0.0,-0.007440068425011827,-0.022946154034866058,0.11385929754259119,0.0,0.0,0.0,0.03020121926273949,0.0,0.0,1000.0,0.0,0.0,0.0,0.0,0.0,0.0,1000.0,0.0,0.0,0.0,0.0,0.0,0.0,1000.0,0.0,-0.007440068425011827,0.03020121926273949,0.0,0.0,0.0,0.012102839482887961
6,725000000,map,3.0707303069092426,0.7751200414098238,0.0,0.0,0.0,0.7307627916082179,0.6826314835992876,0.02811915115575321,-0.02338347328401382,0.0,0.0,0.0,-0.007622078698960669,-0.02338347328401382,0.11427661227500722,0.0,0.0,0.0,0.030211273347780843,0.0,0.0,1000.0,0.0,0.0,0.0,0.0,0.0,0.0,1000.0,0.0,0.0,0.0,0.0,0.0,0.0,1000.0,0.0,-0.007622078698960669,0.030211273347780843,0.0,0.0,0.0,0.013080831150709557
6,750000000,map,3.0741670997163677,0.7884301988316377,0.0,0.0,0.0,0.7323491291688692,0.6809293304048512,0.027506589362172863,-0.02387559459959688,0.0,0.0,0.0,-0.007707914456696848,-0.02387559459959688,0.11361897100723921,0.0,0.0,0.0,0.03020570352236032,0.0,0.0,1000.0,0.0,0.0,0.0,0.0,0.0,0.0,1000.0,0.0,0.0,0.0,0.0,0.0,0.0,1000.0,0.0,-0.007707914456696848,0.03020570352236032,0.0,0.0,0.0,0.011126295942605906
6,775000000,map,3.0748013735714537,0.8028831070485178,0.0,0.0,0.0,0.7350227282234717,0.6780424684302042,0.028183460530193362,-0.024310766314383874,0.0,0.0,0.0,-0.00787579428279876,-0.024310766314383874,0.11402640188891483,0.0,0.0,0.0,0.030213071021198263,0.0,0.0,1000.0,0.0,0.0,0.0,0.0,0.0,0.0,1000.0,0.0,0.0,0.0,0.0,0.0,0.0,1000.0,0.0,-0.00787579428279876,0.030213071021198263,0.0,0.0,0.0,0.012104990603009525
6,800000000,map,3.075323132505288,0.8173398335838212,0.0,0.0,0.0,0.7376868294300862,0.6751430527565153,0.028865380875441323,-0.024744716059270287,0.0,0.0,0.0,-0.008057867585149274,-0.024744716059270287,0.11442713964625217,0.0,0.0,0.0,0.030219642244073797,0.0,0.0,1000.0,0.0,0.0,0.0,0.0,0.0,0.0,1000.0,0.0,0.0,0.0,0.0,0.0,0.0,1000.0,0.0,-0.008057867585149274,0.030219642244073797,0.0,0.0,0.0,0.013083741010041484
6,825000000,map,3.0773261361313473,0.8279717255119351,0.0,0.0,0.0,0.7395548886836429,0.6730962536102281,0.028175401622222238,-0.025162640622133695,0.0,0.0,0.0,-0.008122938123487855,-0.025162640622133695,0.11384808781582521,0.0,0.0,0.0,0.030238208264570313,0.0,0.0,1000.0,0.0,0.0,0.0,0.0,0.0,0.0,1000.0,0.0,0.0,0.0,0.0,0.0,0.0,1000.0,0.0,-0.008122938123487855,0.030238208264570313,0.0,0.0,0.0,0.011124007037328338
6,850000000,map,3.0776861034398832,0.8424130839070638,0.0,0.0,0.0,0.7422463460089582,0.6701271236387539,0.02886472232884745,-0.025594046651944695,0.0,0.0,0.0,-0.008290661238143024,-0.025594046651944695,0.1142390388847675,0.0,0.0,0.0,0.030242388954260974,0.0,0.0,1000.0,0.0,0.0,0.0,0.0,0.0,0.0,1000.0,0.0,0.0,0.0,0.0,0.0,0.0,1000.0,0.0,-0.008290661238143024,0.030242388954260974,0.0,0.0,0.0,0.012104156140415797
6,875000000,map,3.076980044619418,0.8617326508139561,0.0,0.0,0.0,0.7462358798888528,0.6656816142620356,0.028584928746577785,-0.02598916519210278,0.0,0.0,0.0,-0.008409003468718597,-0.02598916519210278,0.11378724078275647,0.0,0.0,0.0,0.030233337481114564,0.0,0.0,1000.0,0.0,0.0,0.0,0.0,0.0,0.0,1000.0,0.0,0.0,0.0,0.0,0.0,0.0,1000.0,0.0,-0.008409003468718597,0.030233337481114564,0.0,0.0,0.0,0.011115750189476388
6,900000000,map,3.0771238378053316,0.8761332163063359,0.0,0.0,0.0,0.7489999937620971,0.6625700033538935,0.02928346533292219,-0.026415548138417087,0.0,0.0,0.0,-0.008576156167287343,-0.026415548138417087,0.11416498192702047,0.0,0.0,0.0,0.030235006541893737,0.0,0.0,1000.0,0.0,0.0,0.0,0.0,0.0,0.0,1000.0,0.0,0.0,0.0,0.0,0.0,0.0,1000.0,0.0,-0.008576156167287343,0.030235006541893737,0.0,0.0,0.0,0.012098990739579308
6,925000000,map,3.077173767969745,0.8905167760979865,0.0,0.0,0.0,0.7517874524767709,0.6594055097574533,0.0299872607168202,-0.026839817357602,0.0,0.0,0.0,-0.008757261895692882,-0.026839817357602,0.11453703030085388,0.0,0.0,0.0,0.030235635220671905,0.0,0.0,1000.0,0.0,0.0,0.0,0.0,0.0,0.0,1000.0,0.0,0.0,0.0,0.0,0.0,0.0,1000.0,0.0,-0.008757261895692882,0.030235635220671905,0.0,0.0,0.0,0.013083332833847149
6,950000000,map,3.0771841424212063,0.8965365884034884,0.0,0.0,0.0,0.7532095593267877,0.6577806319273518,0.02929285484337855,-0.027163959772965665,0.0,0.0,0.0,-0.008820744428664021,-0.027163959772965665,0.11357468844843377,0.0,0.0,0.0,0.030191547597647403,0.0,0.0,1000.0,0.0,0.0,0.0,0.0,0.0,0.0,1000.0,0.0,0.0,0.0,0.0,0.0,0.0,1000.0,0.0,-0.008820744428664021,0.030191547597647403,0.0,0.0,0.0,0.011101869688965624
6,975000000,map,3.0771064140247057,0.9108770219213096,0.0,0.0,0.0,0.7560529805529547,0.654510420541181,0.030003896607952215,-0.027583790546336393,0.0,0.0,0.0,-0.008987024692847474,-0.027583790546336393,0.11393886050247436,0.0,0.0,0.0,0.030190646320967827,0.0,0.0,1000.0,0.0,0.0,0.0,0.0,0.0,0.0,1000.0,0.0,0.0,0.0,0.0,0.0,0.0,1000.0,0.0,-0.008987024692847474,0.030190646320967827,0.0,0.0,0.0,0.012088539997995477
7,0,map,3.0769285278326652,0.9252132636976449,0.0,0.0,0.0,0.7589166124300357,0.6511878188185947,0.030720318168764044,-0.028001679051510152,0.0,0.0,0.0,-0.009167409072082022,-0.028001679051510152,0.11429715989222164,0.0,0.0,0.0,0.030188408085115907,0.0,0.0,1000.0,0.0,0.0,0.0,0.0,0.0,0.0,1000.0,0.0,0.0,0.0,0.0,0.0,0.0,1000.0,0.0,-0.009167409072082022,0.030188408085115907,0.0,0.0,0.0,0.013076267076102082
7,25000000,map,3.0776854439436443,0.9391062470450873,0.0,0.0,0.0,0.7607671274005211,0.6490249439480422,0.030053603761980664,-0.02844434989798493,0.0,0.0,0.0,-0.009252909436905595,-0.02844434989798493,0.11352630050288236,0.0,0.0,0.0,0.030158845190819013,0.0,0.0,1000.0,0.0,0.0,0.0,0.0,0.0,0.0,1000.0,0.0,0.0,0.0,0.0,0.0,0.0,1000.0,0.0,-0.009252909436905595,0.030158845190819013,0.0,0.0,0.0,0.011081288497263876
7,50000000,map,3.077397509887689,0.9533836150054885,0.0,0.0,0.0,0.763737641216044,0.6455267735653984,0.03077853590393926,-0.028857109328722676,0.0,0.0,0.0,-0.009418201109477248,-0.028857109328722676,0.11387776983338474,0.0,0.0,0.0,0.03015551172614743,0.0,0.0,1000.0,0.0,0.0,0.0,0.0,0.0,0.0,1000.0,0.0,0.0,0.0,0.0,0.0,0.0,1000.0,0.0,-0.009418201109477248,0.03015551172614743,0.0,0.0,0.0,0.01207307343136235
7,75000000,map,3.0756184926341152,0.973493003994838,0.0,0.0,0.0,0.7686286408868765,0.6396952496371948,0.03051740588956074,-0.0292429400747223,0.0,0.0,0.0,-0.009531410693342514,-0.0292429400747223,0.11338719130002274,0.0,0.0,0.0,0.030133160633219518,0.0,0.0,1000.0,0.0,0.0,0.0,0.0,0.0,0.0,1000.0,0.0,0.0,0.0,0.0,0.0,0.0,1000.0,0.0,-0.009531410693342514,0.030133160633219518,0.0,0.0,0.0,0.011067823197081716
7,100000000,map,3.0751724588046643,0.9876442586760416,0.0,0.0,0.0,0.7718053020861967,0.6358589274922816,0.031251937282088894,-0.02964650678055663,0.0,0.0,0.0,-0.009695107191690016,-0.02964650678055663,0.11372869240567487,0.0,0.0,0.0,0.030128001078277535,0.0,0.0,1000.0,0.0,0.0,0.0,0.0,0.0,0.0,1000.0,0.0,0.0,0.0,0.0,0.0,0.0,1000.0,0.0,-0.009695107191690016,0.030128001078277535,0.0,0.0,0.0,0.01206743965207514
7,125000000,map,3.0746564023109397,1.0017578821919084,0.0,0.0,0.0,0.7750523414336661,0.6318970391117464,0.031992036308957285,-0.03004668435490871,0.0,0.0,0.0,-0.00987249659096721,-0.03004668435490871,0.11406599613644422,0.0,0.0,0.0,0.03012151493732925,0.0,0.0,1000.0,0.0,0.0,0.0,0.0,0.0,0.0,1000.0,0.0,0.0,0.0,0.0,0.0,0.0,1000.0,0.0,-0.00987249659096721,0.03012151493732925,0.0,0.0,0.0,0.013069889408427014
7,150000000,map,3.083104257683308,1.0100329016425664,0.0,0.0,0.0,0.7774126912246031,0.6289908644192855,0.03132110353452417,-0.030462154595940552,0.0,0.0,0.0,-0.009920793883325752,-0.030462154595940552,0.11359930808514278,0.0,0.0,0.0,0.03013780030346513,0.0,0.0,1000.0,0.0,0.0,0.0,0.0,0.0,0.0,1000.0,0.0,0.0,0.0,0.0,0.0,0.0,1000.0,0.0,-0.009920793883325752,0.03013780030346513,0.0,0.0,0.0,0.011062140019315351
7,175000000,map,3.082464331865901,1.0240274773256266,0.0,0.0,0.0,0.7807757682571473,0.6248113312852619,0.03206713367769158,-0.03085489291692296,0.0,0.0,0.0,-0.01008265215006632,-0.03085489291692296,0.11392876014527795,0.0,0.0,0.0,0.030130399058440355,0.0,0.0,1000.0,0.0,0.0,0.0,0.0,0.0,0.0,1000.0,0.0,0.0,0.0,0.0,0.0,0.0,1000.0,0.0,-0.01008265215006632,0.030130399058440355,0.0,0.0,0.0,0.012069431870569195
7,200000000,map,3.0817655461349953,1.038025693997993,0.0,0.0,0.0,0.7842417644633642,0.6204553609014828,0.03282014073019307,-0.031245213263890792,0.0,0.0,0.0,-0.010258681102934403,-0.031245213263890792,0.11425522956796194,0.0,0.0,0.0,0.030121611759074338,0.0,0.0,1000.0,0.0,0.0,0.0,0.0,0.0,0.0,1000.0,0.0,0.0,0.0,0.0,0.0,0.0,1000.0,0.0,-0.010258681102934403,0.030121611759074338,0.0,0.0,0.0,0.013080765042095962
7,225000000,map,3.0702316517257766,1.0464497078243609,0.0,0.0,0.0,0.7856681036145865,0.6186482287719406,0.03218871579112425,-0.03163843643565127,0.0,0.0,0.0,-0.010353125320943294,-0.03163843643565127,0.11301767357951811,0.0,0.0,0.0,0.030059383532089288,0.0,0.0,1000.0,0.0,0.0,0.0,0.0,0.0,0.0,1000.0,0.0,0.0,0.0,0.0,0.0,0.0,1000.0,0.0,-0.010353125320943294,0.030059383532089288,0.0,0.0,0.0,0.01108221392314342
7,250000000,map,3.06956507575612,1.0603133546189636,0.0,0.0,0.0,0.7894097153769756,0.6138666803699663,0.03295164808896035,-0.03202029115318085,0.0,0.0,0.0,-0.010513845591303863,-0.03202029115318085,0.11334568114610605,0.0,0.0,0.0,0.03005165596432546,0.0,0.0,1000.0,0.0,0.0,0.0,0.0,0.0,0.0,1000.0,0.0,0.0,0.0,0.0,0.0,0.0,1000.0,0.0,-0.010513845591303863,0.03005165596432546,0.0,0.0,0.0,0.012103643700283391
7,275000000,map,3.0666518655167763,1.0810850187508643,0.0,0.0,0.0,0.7935833114928967,0.6084616074330146,0.03273948807007003,-0.03242135225568572,0.0,0.0,0.0,-0.010626607820695327,-0.03242135225568572,0.11264508441960767,0.0,0.0,0.0,0.02997224927400756,0.0,0.0,1000.0,0.0,0.0,0.0,0.0,0.0,0.0,1000.0,0.0,0.0,0.0,0.0,0.0,0.0,1000.0,0.0,-0.010626607820695327,0.02997224927400756,0.0,0.0,0.0,0.011018804988305549
7,300000000,map,3.065090177928445,1.0936388698471773,0.0,0.0,0.0,0.7943827185411941,0.6074175635286668,0.033454081600104865,-0.032754936200494376,0.0,0.0,0.0,-0.01077075056697024,-0.032754936200494376,0.11290875233640776,0.0,0.0,0.0,0.029954318048276227,0.0,0.0,1000.0,0.0,0.0,0.0,0.0,0.0,0.0,1000.0,0.0,0.0,0.0,0.0,0.0,0.0,1000.0,0.0,-0.01077075056697024,0.029954318048276227,0.0,0.0,0.0,0.011945103882215497
7,325000000,map,3.063027537028127,1.1049406587886696,0.0,0.0,0.0,0.7939184803482789,0.6080242154400426,0.03412187081246706,-0.03304842023214315,0.0,0.0,0.0,-0.010910923749354644,-0.03304842023214315,0.11313082125945213,0.0,0.0,0.0,0.029928735643525037,0.0,0.0,1000.0,0.0,0.0,0.0,0.0,0.0,0.0,1000.0,0.0,0.0,0.0,0.0,0.0,0.0,1000.0,0.0,-0.010910923749354644,0.029928735643525037,0.0,0.0,0.0,0.012860381888233484
7,350000000,map,3.0703475725976386,1.1089074826582714,0.0,0.0,0.0,0.7916396591821442,0.6109882568511268,0.03339499451776422,-0.0333632404777858,0.0,0.0,0.0,-0.010931281750620171,-0.0333632404777858,0.11263715637455204,0.0,0.0,0.0,0.02995777212536303,0.0,0.0,1000.0,0.0,0.0,0.0,0.0,0.0,0.0,1000.0,0.0,0.0,0.0,0.0,0.0,0.0,1000.0,0.0,-0.010931281750620171,0.02995777212536303,0.0,0.0,0.0,0.010974684889248566
7,375000000,map,3.0687449304900083,1.1189059635619556,0.0,0.0,0.0,0.7900877930420285,0.6129937024847618,0.03403695471495904,-0.0336200743508837,0.0,0.0,0.0,-0.011045764782295546,-0.0336200743508837,0.11287344990599656,0.0,0.0,0.0,0.02993942180505542,0.0,0.0,1000.0,0.0,0.0,0.0,0.0,0.0,0.0,1000.0,0.0,0.0,0.0,0.0,0.0,0.0,1000.0,0.0,-0.011045764782295546,0.02993942180505542,0.0,0.0,0.0,0.011925400189314022
7,400000000,map,3.0659952877401198,1.129236021408038,0.0,0.0,0.0,0.7874483072451987,0.6163806968235388,0.03370657074200589,-0.033819259655737614,0.0,0.0,0.0,-0.011097556441227396,-0.033819259655737614,0.11244532462943464,0.0,0.0,0.0,0.029942496017170944,0.0,0.0,1000.0,0.0,0.0,0.0,0.0,0.0,0.0,1000.0,0.0,0.0,0.0,0.0,0.0,0.0,1000.0,0.0,-0.011097556441227396,0.029942496017170944,0.0,0.0,0.0,0.01098821526938839
7,425000000,map,3.0641415537701593,1.1388378024862844,0.0,0.0,0.0,0.7855564385402667,0.6187900143569967,0.034329858608677086,-0.034064879445883864,0.0,0.0,0.0,-0.01120767781432909,-0.034064879445883864,0.11266218084203611,0.0,0.0,0.0,0.0299212358229972,0.0,0.0,1000.0,0.0,0.0,0.0,0.0,0.0,0.0,1000.0,0.0,0.0,0.0,0.0,0.0,0.0,1000.0,0.0,-0.01120767781432909,0.0299212358229972,0.0,0.0,0.0,0.011949481852488772
7,450000000,map,3.0621341823671915,1.1482729461158871,0.0,0.0,0.0,0.7834749458706189,0.6214233735490087,0.034944658288002965,-0.03430528738064259,0.0,0.0,0.0,-0.0113249854127464,-0.03430528738064259,0.11286809167774899,0.0,0.0,0.0,0.029896278076972545,0.0,0.0,1000.0,0.0,0.0,0.0,0.0,0.0,0.0,1000.0,0.0,0.0,0.0,0.0,0.0,0.0,1000.0,0.0,-0.0113249854127464,0.029896278076972545,0.0,0.0,0.0,0.012916615161500332
7,475000000,map,3.059740548118114,1.1592145696603877,0.0,0.0,0.0,0.7816261105336942,0.6237472431457868,0.03439970983175776,-0.03465709992082336,0.0,0.0,0.0,-0.011398392493961663,-0.03465709992082336,0.11206947152320343,0.0,0.0,0.0,0.029877019061040958,0.0,0.0,1000.0,0.0,0.0,0.0,0.0,0.0,0.0,1000.0,0.0,0.0,0.0,0.0,0.0,0.0,1000.0,0.0,-0.011398392493961663,0.029877019061040958,0.0,0.0,0.0,0.011009940288663101
7,500000000,map,3.057427542222562,1.168328214714298,0.0,0.0,0.0,0.779165704793056,0.6268179994817796,0.03501227594203046,-0.034883822580899185,0.0,0.0,0.0,-0.011503192931701222,-0.034883822580899185,0.112254544139658,0.0,0.0,0.0,0.029850421137936192,0.0,0.0,1000.0,0.0,0.0,0.0,0.0,0.0,0.0,1000.0,0.0,0.0,0.0,0.0,0.0,0.0,1000.0,0.0,-0.011503192931701222,0.029850421137936192,0.0,0.0,0.0,0.01198863758432427
7,525000000,map,3.05497666309784,1.1772912432290088,0.0,0.0,0.0,0.7765150158112346,0.63009874640383,0.03563055552112682,-0.03510286120438991,0.0,0.0,0.0,-0.011615058833866267,-0.03510286120438991,0.11243038512817553,0.0,0.0,0.0,0.029819832168601273,0.0,0.0,1000.0,0.0,0.0,0.0,0.0,0.0,0.0,1000.0,0.0,0.0,0.0,0.0,0.0,0.0,1000.0,0.0,-0.011615058833866267,0.029819832168601273,0.0,0.0,0.0,0.012972992735481755
7,550000000,map,3.0540332473889102,1.1841032609705635,0.0,0.0,0.0,0.7747804821982942,0.6322303412559214,0.0350456250922634,-0.03538704189321604,0.0,0.0,0.0,-0.011667402608832556,-0.03538704189321604,0.11168911711366322,0.0,0.0,0.0,0.029813787469673485,0.0,0.0,1000.0,0.0,0.0,0.0,0.0,0.0,0.0,1000.0,0.0,0.0,0.0,0.0,0.0,0.0,1000.0,0.0,-0.011667402608832556,0.029813787469673485,0.0,0.0,0.0,0.01102609612347354
7,575000000,map,3.0512940054263376,1.1927725186770388,0.0,0.0,0.0,0.7717547068212806,0.6359203350257007,0.035674021230003336,-0.03559132890707317,0.0,0.0,0.0,-0.011767305535390148,-0.03559132890707317,0.11184563082046486,0.0,0.0,0.0,0.029782220950615463,0.0,0.0,1000.0,0.0,0.0,0.0,0.0,0.0,0.0,1000.0,0.0,0.0,0.0,0.0,0.0,0.0,1000.0,0.0,-0.011767305535390148,0.029782220950615463,0.0,0.0,0.0,0.012021534928714507
7,600000000,map,3.0429248240937934,1.2015139497638525,0.0,0.0,0.0,0.7666324717652296,0.6420861727487475,0.0353996981976728,-0.03576508333050715,0.0,0.0,0.0,-0.011827639506130612,-0.03576508333050715,0.11118040874555726,0.0,0.0,0.0,0.02973872696623374,0.0,0.0,1000.0,0.0,0.0,0.0,0.0,0.0,0.0,1000.0,0.0,0.0,0.0,0.0,0.0,0.0,1000.0,0.0,-0.011827639506130612,0.02973872696623374,0.0,0.0,0.0,0.011033353354478807
7,625000000,map,3.04000156381333,1.2099360510015957,0.0,0.0,0.0,0.7632094827688917,0.6461511320207068,0.036039357008032694,-0.0359588133100399,0.0,0.0,0.0,-0.01192480103866677,-0.0359588133100399,0.11132338432420036,0.0,0.0,0.0,0.029705002787334175,0.0,0.0,1000.0,0.0,0.0,0.0,0.0,0.0,0.0,1000.0,0.0,0.0,0.0,0.0,0.0,0.0,1000.0,0.0,-0.01192480103866677,0.029705002787334175,0.0,0.0,0.0,0.01203963752830284
7,650000000,map,3.0369712664034587,1.2182358377722262,0.0,0.0,0.0,0.7595933194414103,0.6503983310710288,0.03668467166487584,-0.03614714555313433,0.0,0.0,0.0,-0.012028925339022242,-0.03614714555313433,0.11145875184028804,0.0,0.0,0.0,0.029666986437469817,0.0,0.0,1000.0,0.0,0.0,0.0,0.0,0.0,0.0,1000.0,0.0,0.0,0.0,0.0,0.0,0.0,1000.0,0.0,-0.012028925339022242,0.029666986437469817,0.0,0.0,0.0,0.013051199919214398
7,675000000,map,3.0339445163123226,1.2267541526059658,0.0,0.0,0.0,0.7566913454357478,0.6537722904365386,0.036061209001200314,-0.03638500268152242,0.0,0.0,0.0,-0.012073548577274128,-0.03638500268152242,0.11056424841258232,0.0,0.0,0.0,0.029623086547309923,0.0,0.0,1000.0,0.0,0.0,0.0,0.0,0.0,0.0,1000.0,0.0,0.0,0.0,0.0,0.0,0.0,1000.0,0.0,-0.012073548577274128,0.029623086547309923,0.0,0.0,0.0,0.011047159772356166
7,700000000,map,3.030701815688839,1.2348206147557057,0.0,0.0,0.0,0.7526968716226563,0.658367237527405,0.036716423354091296,-0.036563391180025676,0.0,0.0,0.0,-0.012166781105584303,-0.036563391180025676,0.11068460868170191,0.0,0.0,0.0,0.0295856072692735,0.0,0.0,1000.0,0.0,0.0,0.0,0.0,0.0,0.0,1000.0,0.0,0.0,0.0,0.0,0.0,0.0,1000.0,0.0,-0.012166781105584303,0.0295856072692735,0.0,0.0,0.0,0.01206892918448147
7,725000000,map,3.0273774315477917,1.242785469863751,0.0,0.0,0.0,0.7485120008827224,0.6631212442189915,0.037377060423774824,-0.03673808428801131,0.0,0.0,0.0,-0.012266997020734974,-0.03673808428801131,0.11079883859186716,0.0,0.0,0.0,0.029543778988094738,0.0,0.0,1000.0,0.0,0.0,0.0,0.0,0.0,0.0,1000.0,0.0,0.0,0.0,0.0,0.0,0.0,1000.0,0.0,-0.012266997020734974,0.029543778988094738,0.0,0.0,0.0,0.01309560018641464
7,750000000,map,3.0259365096817796,1.2458902500843474,0.0,0.0,0.0,0.7459693659621169,0.6659802587510213,0.036610704120437126,-0.036915418242962274,0.0,0.0,0.0,-0.012286613080163556,-0.036915418242962274,0.11003667186918664,0.0,0.0,0.0,0.029533685130590053,0.0,0.0,1000.0,0.0,0.0,0.0,0.0,0.0,0.0,1000.0,0.0,0.0,0.0,0.0,0.0,0.0,1000.0,0.0,-0.012286613080163556,0.029533685130590053,0.0,0.0,0.0,0.011060311709481959
7,775000000,map,3.022434657400356,1.2536562120837347,0.0,0.0,0.0,0.7414237064588514,0.6710371729649699,0.03727998571198345,-0.03708309352888088,0.0,0.0,0.0,-0.012376529783675509,-0.03708309352888088,0.11013786374296061,0.0,0.0,0.0,0.0294931396046969,0.0,0.0,1000.0,0.0,0.0,0.0,0.0,0.0,0.0,1000.0,0.0,0.0,0.0,0.0,0.0,0.0,1000.0,0.0,-0.012376529783675509,0.0294931396046969,0.0,0.0,0.0,0.012096305209077578
7,800000000,map,3.0135875808045642,1.2684064721227886,0.0,0.0,0.0,0.7341790006128986,0.6789559595872514,0.036996295121389834,-0.03725740825886382,0.0,0.0,0.0,-0.0124470024304872,-0.03725740825886382,0.10929389051858555,0.0,0.0,0.0,0.029405812296618372,0.0,0.0,1000.0,0.0,0.0,0.0,0.0,0.0,0.0,1000.0,0.0,0.0,0.0,0.0,0.0,0.0,1000.0,0.0,-0.0124470024304872,0.029405812296618372,0.0,0.0,0.0,0.01105706350894984
7,825000000,map,3.010049938491573,1.2760523923175058,0.0,0.0,0.0,0.7292526036630824,0.6842445761937871,0.037675977900801086,-0.037424773366975195,0.0,0.0,0.0,-0.01253553714092512,-0.037424773366975195,0.10939068290702651,0.0,0.0,0.0,0.029364848733065874,0.0,0.0,1000.0,0.0,0.0,0.0,0.0,0.0,0.0,1000.0,0.0,0.0,0.0,0.0,0.0,0.0,1000.0,0.0,-0.01253553714092512,0.029364848733065874,0.0,0.0,0.0,0.01210161672396467
7,850000000,map,3.0064838655469908,1.2836408376660993,0.0,0.0,0.0,0.7241543881048875,0.6896378920770203,0.038360352604582246,-0.037591836581405975,0.0,0.0,0.0,-0.01263134758132667,-0.037591836581405975,0.10948477900175348,0.0,0.0,0.0,0.029319824093152272,0.0,0.0,1000.0,0.0,0.0,0.0,0.0,0.0,0.0,1000.0,0.0,0.0,0.0,0.0,0.0,0.0,1000.0,0.0,-0.01263134758132667,0.029319824093152272,0.0,0.0,0.0,0.013150048406445295
7,875000000,map,3.00652982708394,1.2872781093584493,0.0,0.0,0.0,0.7209838170955869,0.6929518998359679,0.0375804890507087,-0.03777527190856491,0.0,0.0,0.0,-0.012658542709450582,-0.03777527190856491,0.10878657597843187,0.0,0.0,0.0,0.029319804508518704,0.0,0.0,1000.0,0.0,0.0,0.0,0.0,0.0,0.0,1000.0,0.0,0.0,0.0,0.0,0.0,0.0,1000.0,0.0,-0.012658542709450582,0.029319804508518704,0.0,0.0,0.0,0.011075057751298113
7,900000000,map,3.0029056230768227,1.2947689135499176,0.0,0.0,0.0,0.7155904907578081,0.6985200423302107,0.03827207150414562,-0.03794232615244614,0.0,0.0,0.0,-0.012745455342557943,-0.03794232615244614,0.10887543251313336,0.0,0.0,0.0,0.029277754402131522,0.0,0.0,1000.0,0.0,0.0,0.0,0.0,0.0,0.0,1000.0,0.0,0.0,0.0,0.0,0.0,0.0,1000.0,0.0,-0.012745455342557943,0.029277754402131522,0.0,0.0,0.0,0.012130096431306536
7,925000000,map,2.999296670383247,1.3022410007864622,0.0,0.0,0.0,0.7100589930465843,0.7041421918857518,0.03896779057903896,-0.03811143963305283,0.0,0.0,0.0,-0.01284004425157004,-0.03811143963305283,0.10896462146474813,0.0,0.0,0.0,0.029232068787502716,0.0,0.0,1000.0,0.0,0.0,0.0,0.0,0.0,0.0,1000.0,0.0,0.0,0.0,0.0,0.0,0.0,1000.0,0.0,-0.01284004425157004,0.029232068787502716,0.0,0.0,0.0,0.01318783844222651
7,950000000,map,2.9990471699153134,1.305334703666438,0.0,0.0,0.0,0.7063556024523507,0.7078571627695638,0.038112333724357614,-0.038279390015492264,0.0,0.0,0.0,-0.012858284232699593,-0.038279390015492264,0.10833254249787015,0.0,0.0,0.0,0.029239231101853936,0.0,0.0,1000.0,0.0,0.0,0.0,0.0,0.0,0.0,1000.0,0.0,0.0,0.0,0.0,0.0,0.0,1000.0,0.0,-0.012858284232699593,0.029239231101853936,0.0,0.0,0.0,0.011080421874135882
7,975000000,map,2.9954621720339745,1.3127466647268893,0.0,0.0,0.0,0.7005559369281508,0.7135974910513074,0.03881337580880825,-0.038451882208497906,0.0,0.0,0.0,-0.012944352096920872,-0.038451882208497906,0.10842181250964994,0.0,0.0,0.0,0.029197602023075985,0.0,0.0,1000.0,0.0,0.0,0.0,0.0,0.0,0.0,1000.0,0.0,0.0,0.0,0.0,0.0,0.0,1000.0,0.0,-0.012944352096920872,0.029197602023075985,0.0,0.0,0.0,0.012143624641844278
8,0,map,2.993569557176779,1.3229198002248472,0.0,0.0,0.0,0.6918708840804576,0.7220212460597859,0.03838567587835733,-0.03854984599890307,0.0,0.0,0.0,-0.012971487202280545,-0.03854984599890307,0.10792461634208633,0.0,0.0,0.0,0.029167317608923972,0.0,0.0,1000.0,0.0,0.0,0.0,0.0,0.0,0.0,1000.0,0.0,0.0,0.0,0.0,0.0,0.0,1000.0,0.0,-0.012971487202280545,0.029167317608923972,0.0,0.0,0.0,0.011075716545383208
8,25000000,map,2.990103781954466,1.3302690158669543,0.0,0.0,0.0,0.6856732053656986,0.7279095104774552,0.03909149555746403,-0.03873012325821662,0.0,0.0,0.0,-0.013056820454121723,-0.03873012325821662,0.10801977242577016,0.0,0.0,0.0,0.029127075781187135,0.0,0.0,1000.0,0.0,0.0,0.0,0.0,0.0,0.0,1000.0,0.0,0.0,0.0,0.0,0.0,0.0,1000.0,0.0,-0.013056820454121723,0.029127075781187135,0.0,0.0,0.0,0.012146694116310364
8,50000000,map,2.986647831009469,1.3375509301609316,0.0,0.0,0.0,0.6792488028471715,0.73390807587237,0.0397996592962307,-0.038912029930404796,0.0,0.0,0.0,-0.013149188548738809,-0.038912029930404796,0.10811492511192855,0.0,0.0,0.0,0.02908323846163182,0.0,0.0,1000.0,0.0,0.0,0.0,0.0,0.0,0.0,1000.0,0.0,0.0,0.0,0.0,0.0,0.0,1000.0,0.0,-0.013149188548738809,0.02908323846163182,0.0,0.0,0.0,0.013222485164879916
8,75000000,map,2.978866876815195,1.3418931522734394,0.0,0.0,0.0,0.6747039989404569,0.7380884186964025,0.039056804928218565,-0.0391075764166466,0.0,0.0,0.0,-0.013215006288548561,-0.0391075764166466,0.10726701693239798,0.0,0.0,0.0,0.02906489387935815,0.0,0.0,1000.0,0.0,0.0,0.0,0.0,0.0,0.0,1000.0,0.0,0.0,0.0,0.0,0.0,0.0,1000.0,0.0,-0.013215006288548561,0.02906489387935815,0.0,0.0,0.0,0.01110296302385513
8,100000000,map,2.975339496964539,1.3489806374905255,0.0,0.0,0.0,0.6677571910859489,0.7443791599400157,0.03976873494393217,-0.039289727310996114,0.0,0.0,0.0,-0.013297551974078893,-0.039289727310996114,0.10735644295072626,0.0,0.0,0.0,0.02902381160842849,0.0,0.0,1000.0,0.0,0.0,0.0,0.0,0.0,0.0,1000.0,0.0,0.0,0.0,0.0,0.0,0.0,1000.0,0.0,-0.013297551974078893,0.02902381160842849,0.0,0.0,0.0,0.01219040070164099
8,125000000,map,2.9717701148672027,1.3559624461909763,0.0,0.0,0.0,0.6604933458448905,0.7508318986927912,0.04048269879223088,-0.03947278409848699,0.0,0.0,0.0,-0.0133864831911367,-0.03947278409848699,0.10744287840034443,0.0,0.0,0.0,0.02897834638477664,0.0,0.0,1000.0,0.0,0.0,0.0,0.0,0.0,0.0,1000.0,0.0,0.0,0.0,0.0,0.0,0.0,1000.0,0.0,-0.0133864831911367,0.02897834638477664,0.0,0.0,0.0,0.013284722113472546
8,150000000,map,2.973515432978043,1.3588508960895862,0.0,0.0,0.0,0.6557897433449944,0.7549435823447381,0.03952801320573659,-0.03952292777543949,0.0,0.0,0.0,-0.01337932333129473,-0.03952292777543949,0.10683217304605842,0.0,0.0,0.0,0.028976624644502534,0.0,0.0,1000.0,0.0,0.0,0.0,0.0,0.0,0.0,1000.0,0.0,0.0,0.0,0.0,0.0,0.0,1000.0,0.0,-0.01337932333129473,0.028976624644502534,0.0,0.0,0.0,0.011112191438215444
8,175000000,map,2.970004171641499,1.36579080192916,0.0,0.0,0.0,0.6481815938617063,0.761485798540523,0.040244059949288265,-0.03971334951271394,0.0,0.0,0.0,-0.013460260215920809,-0.03971334951271394,0.10692272308274123,0.0,0.0,0.0,0.028935674441393534,0.0,0.0,1000.0,0.0,0.0,0.0,0.0,0.0,0.0,1000.0,0.0,0.0,0.0,0.0,0.0,0.0,1000.0,0.0,-0.013460260215920809,0.028935674441393534,0.0,0.0,0.0,0.012212875643976662
8,200000000,map,2.966791045037603,1.37687343879636,0.0,0.0,0.0,0.6366717166836405,0.7711349591187694,0.03994048311726473,-0.039875627377031486,0.0,0.0,0.0,-0.013483778941381225,-0.039875627377031486,0.10644644748151624,0.0,0.0,0.0,0.02891035302212096,0.0,0.0,1000.0,0.0,0.0,0.0,0.0,0.0,0.0,1000.0,0.0,0.0,0.0,0.0,0.0,0.0,1000.0,0.0,-0.013483778941381225,0.02891035302212096,0.0,0.0,0.0,0.011144941630901588
8,225000000,map,2.9636317870516273,1.3839805013218691,0.0,0.0,0.0,0.6289020643771986,0.7774845293779792,0.04065826411425234,-0.040086439303369935,0.0,0.0,0.0,-0.013566898054159568,-0.040086439303369935,0.10656204135583491,0.0,0.0,0.0,0.028873404603573963,0.0,0.0,1000.0,0.0,0.0,0.0,0.0,0.0,0.0,1000.0,0.0,0.0,0.0,0.0,0.0,0.0,1000.0,0.0,-0.013566898054159568,0.028873404603573963,0.0,0.0,0.0,0.012245625844762423
8,250000000,map,2.960615783140616,1.3911495297610361,0.0,0.0,0.0,0.62106909122686,0.7837558190678027,0.041376948999536436,-0.04030496780216958,0.0,0.0,0.0,-0.01365863271232374,-0.04030496780216958,0.10668816668477717,0.0,0.0,0.0,0.028834811914181517,0.0,0.0,1000.0,0.0,0.0,0.0,0.0,0.0,0.0,1000.0,0.0,0.0,0.0,0.0,0.0,0.0,1000.0,0.0,-0.01365863271232374,0.028834811914181517,0.0,0.0,0.0,0.01334631006192001
8,275000000,map,2.957303335600128,1.3954373057500808,0.0,0.0,0.0,0.6161430783061619,0.7876342470051737,0.04045643011563718,-0.040377185377347906,0.0,0.0,0.0,-0.013729809081330318,-0.040377185377347906,0.10608988298320822,0.0,0.0,0.0,0.02886380425624924,0.0,0.0,1000.0,0.0,0.0,0.0,0.0,0.0,0.0,1000.0,0.0,0.0,0.0,0.0,0.0,0.0,1000.0,0.0,-0.013729809081330318,0.02886380425624924,0.0,0.0,0.0,0.011121849110639489
8,300000000,map,2.954522658502829,1.4027008504857246,0.0,0.0,0.0,0.6082089045635843,0.7937770016884873,0.041176330721281476,-0.04060831876210421,0.0,0.0,0.0,-0.013814590564433387,-0.04060831876210421,0.10623329858520396,0.0,0.0,0.0,0.028831347661443275,0.0,0.0,1000.0,0.0,0.0,0.0,0.0,0.0,0.0,1000.0,0.0,0.0,0.0,0.0,0.0,0.0,1000.0,0.0,-0.013814590564433387,0.028831347661443275,0.0,0.0,0.0,0.012222533333108162
8,325000000,map,2.947591225772648,1.4151189704386697,0.0,0.0,0.0,0.5960537826108196,0.8029445113053166,0.040809187572365686,-0.040649014404185564,0.0,0.0,0.0,-0.013866361232389228,-0.040649014404185564,0.10542716965934126,0.0,0.0,0.0,0.02874101708462165,0.0,0.0,1000.0,0.0,0.0,0.0,0.0,0.0,0.0,1000.0,0.0,0.0,0.0,0.0,0.0,0.0,1000.0,0.0,-0.013866361232389228,0.02874101708462165,0.0,0.0,0.0,0.011107590059050881
8,350000000,map,2.945180880096665,1.4225136631015303,0.0,0.0,0.0,0.5879669962054132,0.8088849184977945,0.041528138754019735,-0.04089839570487638,0.0,0.0,0.0,-0.013952568057887343,-0.04089839570487638,0.10559912488188976,0.0,0.0,0.0,0.02871291743821941,0.0,0.0,1000.0,0.0,0.0,0.0,0.0,0.0,0.0,1000.0,0.0,0.0,0.0,0.0,0.0,0.0,1000.0,0.0,-0.013952568057887343,0.02871291743821941,0.0,0.0,0.0,0.012208274285408646
8,375000000,map,2.9429194096438342,1.4299552352795846,0.0,0.0,0.0,0.5798210105451161,0.8147438835182749,0.04224683233768149,-0.04115478975678079,0.0,0.0,0.0,-0.014047512222715138,-0.04115478975678079,0.10578267215194459,0.0,0.0,0.0,0.0286840642042133,0.0,0.0,1000.0,0.0,0.0,0.0,0.0,0.0,0.0,1000.0,0.0,0.0,0.0,0.0,0.0,0.0,1000.0,0.0,-0.014047512222715138,0.0286840642042133,0.0,0.0,0.0,0.013308958513271152
8,400000000,map,2.9381348592224317,1.4371924207111324,0.0,0.0,0.0,0.574384605435448,0.81858556366379,0.04163153907065226,-0.041295642599560256,0.0,0.0,0.0,-0.014087397311667867,-0.041295642599560256,0.10497746350289647,0.0,0.0,0.0,0.028658309443048334,0.0,0.0,1000.0,0.0,0.0,0.0,0.0,0.0,0.0,1000.0,0.0,0.0,0.0,0.0,0.0,0.0,1000.0,0.0,-0.014087397311667867,0.028658309443048334,0.0,0.0,0.0,0.011155216550636482
8,425000000,map,2.9361230175401096,1.4447053253776994,0.0,0.0,0.0,0.5661419667588328,0.824307754103066,0.042349014106622423,-0.0415633287981351,0.0,0.0,0.0,-0.014175340057992234,-0.0415633287981351,0.10518073694433466,0.0,0.0,0.0,0.028634759712209797,0.0,0.0,1000.0,0.0,0.0,0.0,0.0,0.0,0.0,1000.0,0.0,0.0,0.0,0.0,0.0,0.0,1000.0,0.0,-0.014175340057992234,0.028634759712209797,0.0,0.0,0.0,0.012255900780778827
8,450000000,map,2.9342623430254418,1.4522570889476878,0.0,0.0,0.0,0.5578423262955883,0.829946949505284,0.04306566060753006,-0.0418375923303266,0.0,0.0,0.0,-0.014272049776564648,-0.0418375923303266,0.10539608061596632,0.0,0.0,0.0,0.028610931462424077,0.0,0.0,1000.0,0.0,0.0,0.0,0.0,0.0,0.0,1000.0,0.0,0.0,0.0,0.0,0.0,0.0,1000.0,0.0,-0.014272049776564648,0.028610931462424077,0.0,0.0,0.0,0.013356585011745315
8,475000000,map,2.9399974542864546,1.4549342122310205,0.0,0.0,0.0,0.5534328595634386,0.8328937927223586,0.04204597561831515,-0.04174279897922056,0.0,0.0,0.0,-0.014292352290654566,-0.04174279897922056,0.10478923318460814,0.0,0.0,0.0,0.028614753527445178,0.0,0.0,1000.0,0.0,0.0,0.0,0.0,0.0,0.0,1000.0,0.0,0.0,0.0,0.0,0.0,0.0,1000.0,0.0,-0.014292352290654566,0.028614753527445178,0.0,0.0,0.0,0.011106708510816476
8,500000000,map,2.938367784934342,1.462547167072316,0.0,0.0,0.0,0.5450392501036537,0.8384105294224583,0.04276085032237772,-0.04202716660875264,0.0,0.0,0.0,-0.014381097658492362,-0.04202716660875264,0.10502329005512163,0.0,0.0,0.0,0.028595756224936205,0.0,0.0,1000.0,0.0,0.0,0.0,0.0,0.0,0.0,1000.0,0.0,0.0,0.0,0.0,0.0,0.0,1000.0,0.0,-0.014381097658492362,0.028595756224936205,0.0,0.0,0.0,0.012207594460326463
8,525000000,map,2.9332359187550954,1.4733212698410258,0.0,0.0,0.0,0.531616998726056,0.8469848680262834,0.04245911160427194,-0.042142305616454795,0.0,0.0,0.0,-0.014450510980690084,-0.042142305616454795,0.10449343687299367,0.0,0.0,0.0,0.02856539341044917,0.0,0.0,1000.0,0.0,0.0,0.0,0.0,0.0,0.0,1000.0,0.0,0.0,0.0,0.0,0.0,0.0,1000.0,0.0,-0.014450510980690084,0.02856539341044917,0.0,0.0,0.0,0.011103752168334709
8,550000000,map,2.931985761805433,1.481136720007299,0.0,0.0,0.0,0.5229406868179919,0.8523690738584588,0.04317445676049151,-0.04244611834484073,0.0,0.0,0.0,-0.014541606807625314,-0.04244611834484073,0.10476043153800615,0.0,0.0,0.0,0.02855082175063362,0.0,0.0,1000.0,0.0,0.0,0.0,0.0,0.0,0.0,1000.0,0.0,0.0,0.0,0.0,0.0,0.0,1000.0,0.0,-0.014541606807625314,0.02855082175063362,0.0,0.0,0.0,0.012207976522188559
8,575000000,map,2.930876764508439,1.4890242015449675,0.0,0.0,0.0,0.5139781532019373,0.8578032746679892,0.04389028007506562,-0.04275720542128088,0.0,0.0,0.0,-0.014642273077749535,-0.04275720542128088,0.10504018821609738,0.0,0.0,0.0,0.028536667851073522,0.0,0.0,1000.0,0.0,0.0,0.0,0.0,0.0,0.0,1000.0,0.0,0.0,0.0,0.0,0.0,0.0,1000.0,0.0,-0.014642273077749535,0.028536667851073522,0.0,0.0,0.0,0.01331760338401245
8,600000000,map,2.927898857340454,1.4950378331406304,0.0,0.0,0.0,0.5082620653550944,0.8612024575678902,0.04320515935391816,-0.042787734765506125,0.0,0.0,0.0,-0.014700980292335354,-0.042787734765506125,0.10425912977427128,0.0,0.0,0.0,0.0285245362083935,0.0,0.0,1000.0,0.0,0.0,0.0,0.0,0.0,0.0,1000.0,0.0,0.0,0.0,0.0,0.0,0.0,1000.0,0.0,-0.014700980292335354,0.0285245362083935,0.0,0.0,0.0,0.011119989229650021
8,625000000,map,2.927040227631381,1.503206731588537,0.0,0.0,0.0,0.498893414637918,0.8666633491909753,0.043928247498778265,-0.04311582047671211,0.0,0.0,0.0,-0.014796380201409973,-0.04311582047671211,0.10456304166115266,0.0,0.0,0.0,0.028514508761400898,0.0,0.0,1000.0,0.0,0.0,0.0,0.0,0.0,0.0,1000.0,0.0,0.0,0.0,0.0,0.0,0.0,1000.0,0.0,-0.014796380201409973,0.028514508761400898,0.0,0.0,0.0,0.012236870861827115
8,650000000,map,2.9263557619583827,1.5115024394301175,0.0,0.0,0.0,0.4894251524750248,0.8720453085274863,0.04465356114199886,-0.0434530263654966,0.0,0.0,0.0,-0.014902530263962406,-0.0434530263654966,0.10488279626272601,0.0,0.0,0.0,0.02850575048840102,0.0,0.0,1000.0,0.0,0.0,0.0,0.0,0.0,0.0,1000.0,0.0,0.0,0.0,0.0,0.0,0.0,1000.0,0.0,-0.014902530263962406,0.02850575048840102,0.0,0.0,0.0,0.01335469156528147
8,675000000,map,2.9207835610552833,1.5170894501867507,0.0,0.0,0.0,0.48352223642271414,0.87533207806225,0.04398620240704084,-0.0434240998818961,0.0,0.0,0.0,-0.01495590391503828,-0.0434240998818961,0.10379081754922026,0.0,0.0,0.0,0.02842108300055182,0.0,0.0,1000.0,0.0,0.0,0.0,0.0,0.0,0.0,1000.0,0.0,0.0,0.0,0.0,0.0,0.0,1000.0,0.0,-0.01495590391503828,0.02842108300055182,0.0,0.0,0.0,0.01112185310424033
8,700000000,map,2.920384869258144,1.5255501623202088,0.0,0.0,0.0,0.4734888066022698,0.8807998353896067,0.04471318822767032,-0.04377412259803848,0.0,0.0,0.0,-0.01505477680591106,-0.04377412259803848,0.10413663577933259,0.0,0.0,0.0,0.02841642384066922,0.0,0.0,1000.0,0.0,0.0,0.0,0.0,0.0,0.0,1000.0,0.0,0.0,0.0,0.0,0.0,0.0,1000.0,0.0,-0.01505477680591106,0.02841642384066922,0.0,0.0,0.0,0.012250385381875305
8,725000000,map,2.932023420663734,1.534427608170095,0.0,0.0,0.0,0.4563030561089755,0.8898244326751257,0.044259594675942024,-0.043773345981341596,0.0,0.0,0.0,-0.01504328729064926,-0.043773345981341596,0.10390839042493151,0.0,0.0,0.0,0.028409502994171443,0.0,0.0,1000.0,0.0,0.0,0.0,0.0,0.0,0.0,1000.0,0.0,0.0,0.0,0.0,0.0,0.0,1000.0,0.0,-0.01504328729064926,0.028409502994171443,0.0,0.0,0.0,0.011100109082815349
8,750000000,map,2.932169105714861,1.5430068850955527,0.0,0.0,0.0,0.44593717293207513,0.8950642646186633,0.04497828903158603,-0.04414063516510495,0.0,0.0,0.0,-0.015143375360459092,-0.04414063516510495,0.10430097706021685,0.0,0.0,0.0,0.028411202593764055,0.0,0.0,1000.0,0.0,0.0,0.0,0.0,0.0,0.0,1000.0,0.0,0.0,0.0,0.0,0.0,0.0,1000.0,0.0,-0.015143375360459092,0.028411202593764055,0.0,0.0,0.0,0.012232409654943401
8,775000000,map,2.9325374852949038,1.5516275284036436,0.0,0.0,0.0,0.43510190659904935,0.9003812141942279,0.045694694202081075,-0.04451413255202862,0.0,0.0,0.0,-0.015253746365666107,-0.04451413255202862,0.1047124674366367,0.0,0.0,0.0,0.02841591899636813,0.0,0.0,1000.0,0.0,0.0,0.0,0.0,0.0,0.0,1000.0,0.0,0.0,0.0,0.0,0.0,0.0,1000.0,0.0,-0.015253746365666107,0.02841591899636813,0.0,0.0,0.0,0.0133738012187687
8,800000000,map,2.9292209802365403,1.5644728469270375,0.0,0.0,0.0,0.4279063222377002,0.9038230907589192,0.04547928474459663,-0.044848461093364975,0.0,0.0,0.0,-0.015356374328403113,-0.044848461093364975,0.10445575795954419,0.0,0.0,0.0,0.028188195632735093,0.0,0.0,1000.0,0.0,0.0,0.0,0.0,0.0,0.0,1000.0,0.0,0.0,0.0,0.0,0.0,0.0,1000.0,0.0,-0.015356374328403113,0.028188195632735093,0.0,0.0,0.0,0.011221310014249732
8,825000000,map,2.9299991957609506,1.5731369211572415,0.0,0.0,0.0,0.4167096343463412,0.9090396474538053,0.046190882323125494,-0.04522931797631095,0.0,0.0,0.0,-0.015458565640356716,-0.04522931797631095,0.1049006746040283,0.0,0.0,0.0,0.028197374555180715,0.0,0.0,1000.0,0.0,0.0,0.0,0.0,0.0,0.0,1000.0,0.0,0.0,0.0,0.0,0.0,0.0,1000.0,0.0,-0.015458565640356716,0.028197374555180715,0.0,0.0,0.0,0.01236835674953517
8,850000000,map,2.9310172458872508,1.5818146743769301,0.0,0.0,0.0,0.4054396720908621,0.9141218038614188,0.046898840276053795,-0.04561522955613687,0.0,0.0,0.0,-0.015570873002420185,-0.04561522955613687,0.10536562038610521,0.0,0.0,0.0,0.028210550145824815,0.0,0.0,1000.0,0.0,0.0,0.0,0.0,0.0,0.0,1000.0,0.0,0.0,0.0,0.0,0.0,0.0,1000.0,0.0,-0.015570873002420185,0.028210550145824815,0.0,0.0,0.0,0.01351561556916547
8,875000000,map,2.9313603386256264,1.585644176357531,0.0,0.0,0.0,0.3993697696343172,0.9167899361916187,0.046213083367129024,-0.045577354513767536,0.0,0.0,0.0,-0.015579519036529016,-0.045577354513767536,0.10488158267380056,0.0,0.0,0.0,0.02814802013292726,0.0,0.0,1000.0,0.0,0.0,0.0,0.0,0.0,0.0,1000.0,0.0,0.0,0.0,0.0,0.0,0.0,1000.0,0.0,-0.015579519036529016,0.02814802013292726,0.0,0.0,0.0,0.011225088590387488
8,900000000,map,2.932929304470674,1.5943640616413188,0.0,0.0,0.0,0.38800531832770147,0.9216571341607567,0.046914262121477104,-0.04597100922838977,0.0,0.0,0.0,-0.015682402504009752,-0.04597100922838977,0.10538671325993487,0.0,0.0,0.0,0.028166531918489102,0.0,0.0,1000.0,0.0,0.0,0.0,0.0,0.0,0.0,1000.0,0.0,0.0,0.0,0.0,0.0,0.0,1000.0,0.0,-0.015682402504009752,0.028166531918489102,0.0,0.0,0.0,0.012372347415340162
8,925000000,map,2.9304025897239514,1.6098285865225765,0.0,0.0,0.0,0.3707150337595865,0.9287466628444102,0.04663818365858956,-0.04598391350186653,0.0,0.0,0.0,-0.015737873492412485,-0.04598391350186653,0.10476734282141992,0.0,0.0,0.0,0.028140561967697562,0.0,0.0,1000.0,0.0,0.0,0.0,0.0,0.0,0.0,1000.0,0.0,0.0,0.0,0.0,0.0,0.0,1000.0,0.0,-0.015737873492412485,0.028140561967697562,0.0,0.0,0.0,0.011217283331419083
8,950000000,map,2.9328424989789625,1.6185505557653768,0.0,0.0,0.0,0.3592049554294346,0.9332586993941915,0.047326618557694454,-0.046387666646381415,0.0,0.0,0.0,-0.015840713470735464,-0.046387666646381415,0.10533608405518498,0.0,0.0,0.0,0.028169330724833748,0.0,0.0,1000.0,0.0,0.0,0.0,0.0,0.0,0.0,1000.0,0.0,0.0,0.0,0.0,0.0,0.0,1000.0,0.0,-0.015840713470735464,0.028169330724833748,0.0,0.0,0.0,0.012364542162374991
8,975000000,map,2.9356592550110356,1.627314336686749,0.0,0.0,0.0,0.3476399755770174,0.9376280965184495,0.048013064610225295,-0.04679716715701748,0.0,0.0,0.0,-0.015954100772013764,-0.04679716715701748,0.10593248631831713,0.0,0.0,0.0,0.02820577439768473,0.0,0.0,1000.0,0.0,0.0,0.0,0.0,0.0,0.0,1000.0,0.0,0.0,0.0,0.0,0.0,0.0,1000.0,0.0,-0.015954100772013764,0.02820577439768473,0.0,0.0,0.0,0.013511801004027242
9,0,map,2.9454289365674997,1.6272797313030307,0.0,0.0,0.0,0.34177229526111347,0.9397827930920795,0.04732064482548852,-0.046750237238361976,0.0,0.0,0.0,-0.01594634823185088,-0.046750237238361976,0.10555489148547895,0.0,0.0,0.0,0.028235757180280013,0.0,0.0,1000.0,0.0,0.0,0.0,0.0,0.0,0.0,1000.0,0.0,0.0,0.0,0.0,0.0,0.0,1000.0,0.0,-0.01594634823185088,0.028235757180280013,0.0,0.0,0.0,0.011238786407928528
9,25000000,map,2.948773335571353,1.6361399235664122,0.0,0.0,0.0,0.33012799228172723,0.9439361783044635,0.04800534908878783,-0.04716940165373692,0.0,0.0,0.0,-0.01605100850722586,-0.04716940165373692,0.10619193517903096,0.0,0.0,0.0,0.028275262612024846,0.0,0.0,1000.0,0.0,0.0,0.0,0.0,0.0,0.0,1000.0,0.0,0.0,0.0,0.0,0.0,0.0,1000.0,0.0,-0.01605100850722586,0.028275262612024846,0.0,0.0,0.0,0.012386045257978597
9,50000000,map,2.9523767740819427,1.6450240207889715,0.0,0.0,0.0,0.3184332325134938,0.9479452918976955,0.04868840972224534,-0.0475932727304932,0.0,0.0,0.0,-0.016166143517072493,-0.0475932727304932,0.10685111758318082,0.0,0.0,0.0,0.02832196200285828,0.0,0.0,1000.0,0.0,0.0,0.0,0.0,0.0,0.0,1000.0,0.0,0.0,0.0,0.0,0.0,0.0,1000.0,0.0,-0.016166143517072493,0.02832196200285828,0.0,0.0,0.0,0.01353330410579769
9,75000000,map,2.9512490755071887,1.6549602584934031,0.0,0.0,0.0,0.3113203999546063,0.95030500818006,0.04803114420988025,-0.04748987046519719,0.0,0.0,0.0,-0.01617546638800512,-0.04748987046519719,0.10602534216600715,0.0,0.0,0.0,0.028302978247956776,0.0,0.0,1000.0,0.0,0.0,0.0,0.0,0.0,0.0,1000.0,0.0,0.0,0.0,0.0,0.0,0.0,1000.0,0.0,-0.01617546638800512,0.028302978247956776,0.0,0.0,0.0,0.011249357462577896
9,100000000,map,2.9555604211241118,1.6639338941371427,0.0,0.0,0.0,0.2995483416969273,0.9540811239022712,0.04871296801699507,-0.047923558152340895,0.0,0.0,0.0,-0.01628156156457322,-0.047923558152340895,0.10673502499716322,0.0,0.0,0.0,0.028353951230662252,0.0,0.0,1000.0,0.0,0.0,0.0,0.0,0.0,0.0,1000.0,0.0,0.0,0.0,0.0,0.0,0.0,1000.0,0.0,-0.01628156156457322,0.028353951230662252,0.0,0.0,0.0,0.012396616316649376
9,125000000,map,2.9551716928627485,1.6825375575396009,0.0,0.0,0.0,0.2810005294674791,0.959707612994185,0.048612688143511835,-0.04810036638846425,0.0,0.0,0.0,-0.01636933710063711,-0.04810036638846425,0.10616934390867584,0.0,0.0,0.0,0.028355651735048282,0.0,0.0,1000.0,0.0,0.0,0.0,0.0,0.0,0.0,1000.0,0.0,0.0,0.0,0.0,0.0,0.0,1000.0,0.0,-0.01636933710063711,0.028355651735048282,0.0,0.0,0.0,0.011233028019025627
9,150000000,map,2.960200103373789,1.6915079630220187,0.0,0.0,0.0,0.2691145456474996,0.9631081773720644,0.04928772929624063,-0.04854236368202019,0.0,0.0,0.0,-0.016475247605479512,-0.04854236368202019,0.1069380917997462,0.0,0.0,0.0,0.028415020455539567,0.0,0.0,1000.0,0.0,0.0,0.0,0.0,0.0,0.0,1000.0,0.0,0.0,0.0,0.0,0.0,0.0,1000.0,0.0,-0.016475247605479512,0.028415020455539567,0.0,0.0,0.0,0.012380286908597
9,175000000,map,2.9656785659728744,1.7005064426244554,0.0,0.0,0.0,0.25718742864707544,0.9663615402870219,0.049962761738393965,-0.04899008509239268,0.0,0.0,0.0,-0.016591813157705373,-0.04899008509239268,0.10773931105855335,0.0,0.0,0.0,0.02848598800188353,0.0,0.0,1000.0,0.0,0.0,0.0,0.0,0.0,0.0,1000.0,0.0,0.0,0.0,0.0,0.0,0.0,1000.0,0.0,-0.016591813157705373,0.02848598800188353,0.0,0.0,0.0,0.013527545831123583
9,200000000,map,2.9725961051085426,1.7052351452760952,0.0,0.0,0.0,0.2503743308530446,0.9681491075500148,0.0494936821507321,-0.04908640266163311,0.0,0.0,0.0,-0.016678236384659085,-0.04908640266163311,0.10657069709370237,0.0,0.0,0.0,0.02864160067699287,0.0,0.0,1000.0,0.0,0.0,0.0,0.0,0.0,0.0,1000.0,0.0,0.0,0.0,0.0,0.0,0.0,1000.0,0.0,-0.016678236384659085,0.02864160067699287,0.0,0.0,0.0,0.011117318419524956
9,225000000,map,2.978662010653404,1.7143694411345094,0.0,0.0,0.0,0.23838632739731508,0.9711704067309815,0.05017344244937863,-0.04954720683192492,0.0,0.0,0.0,-0.016785024961413555,-0.04954720683192492,0.10742122435806352,0.0,0.0,0.0,0.028712516862531803,0.0,0.0,1000.0,0.0,0.0,0.0,0.0,0.0,0.0,1000.0,0.0,0.0,0.0,0.0,0.0,0.0,1000.0,0.0,-0.016785024961413555,0.028712516862531803,0.0,0.0,0.0,0.012264577330239545
9,250000000,map,2.9884174408274697,1.7268926314609179,0.0,0.0,0.0,0.2202045436991992,0.9754537195245233,0.05009228800387191,-0.04985988273733996,0.0,0.0,0.0,-0.016873719119873926,-0.04985988273733996,0.10724759874336731,0.0,0.0,0.0,0.028800794277603688,0.0,0.0,1000.0,0.0,0.0,0.0,0.0,0.0,0.0,1000.0,0.0,0.0,0.0,0.0,0.0,0.0,1000.0,0.0,-0.016873719119873926,0.028800794277603688,0.0,0.0,0.0,0.011119094285490414
9,275000000,map,2.995301422369698,1.7360267558726814,0.0,0.0,0.0,0.20812854059657573,0.9781014827660469,0.05076867782177461,-0.050329792139705495,0.0,0.0,0.0,-0.016980521913329497,-0.050329792139705495,0.10816570171747708,0.0,0.0,0.0,0.028881286772085114,0.0,0.0,1000.0,0.0,0.0,0.0,0.0,0.0,0.0,1000.0,0.0,0.0,0.0,0.0,0.0,0.0,1000.0,0.0,-0.016980521913329497,0.028881286772085114,0.0,0.0,0.0,0.012266353216849673
9,300000000,map,3.002528338935787,1.7451384979308957,0.0,0.0,0.0,0.19602072759045888,0.9805997523734682,0.051443850429644986,-0.0508029247188333,0.0,0.0,0.0,-0.01709751652351196,-0.0508029247188333,0.10911176003756819,0.0,0.0,0.0,0.028974080255599992,0.0,0.0,1000.0,0.0,0.0,0.0,0.0,0.0,0.0,1000.0,0.0,0.0,0.0,0.0,0.0,0.0,1000.0,0.0,-0.01709751652351196,0.028974080255599992,0.0,0.0,0.0,0.013413612136645634
9,325000000,map,3.014273114003329,1.7435059985386951,0.0,0.0,0.0,0.18863006380050268,0.9820482162453218,0.05089162010951007,-0.05090346067605406,0.0,0.0,0.0,-0.017097792001647055,-0.05090346067605406,0.10868620365309169,0.0,0.0,0.0,0.029022335366188513,0.0,0.0,1000.0,0.0,0.0,0.0,0.0,0.0,0.0,1000.0,0.0,0.0,0.0,0.0,0.0,0.0,1000.0,0.0,-0.017097792001647055,0.029022335366188513,0.0,0.0,0.0,0.01112375212579164
9,350000000,map,3.021969269128617,1.7523713239992078,0.0,0.0,0.0,0.1764749484532569,0.9843051318409451,0.05155482951749083,-0.05137242319716232,0.0,0.0,0.0,-0.01720149309647689,-0.05137242319716232,0.10966844940308726,0.0,0.0,0.0,0.029112360229463695,0.0,0.0,1000.0,0.0,0.0,0.0,0.0,0.0,0.0,1000.0,0.0,0.0,0.0,0.0,0.0,0.0,1000.0,0.0,-0.01720149309647689,0.029112360229463695,0.0,0.0,0.0,0.012271011053909585
9,375000000,map,3.030106744996515,1.7611173738505268,0.0,0.0,0.0,0.16429286005102278,0.9864116058402066,0.05221410082383268,-0.05184197320852565,0.0,0.0,0.0,-0.017313832962816855,-0.05184197320852565,0.11068185295283242,0.0,0.0,0.0,0.029216883181754718,0.0,0.0,1000.0,0.0,0.0,0.0,0.0,0.0,0.0,1000.0,0.0,0.0,0.0,0.0,0.0,0.0,1000.0,0.0,-0.017313832962816855,0.029216883181754718,0.0,0.0,0.0,0.013418269992898026
9,400000000,map,3.0346418864157854,1.775265878892623,0.0,0.0,0.0,0.15638343271000757,0.9876964219707565,0.051868279282718616,-0.05215679284638554,0.0,0.0,0.0,-0.017377030022948003,-0.05215679284638554,0.11020331186054164,0.0,0.0,0.0,0.02926896589803681,0.0,0.0,1000.0,0.0,0.0,0.0,0.0,0.0,0.0,1000.0,0.0,0.0,0.0,0.0,0.0,0.0,1000.0,0.0,-0.017377030022948003,0.02926896589803681,0.0,0.0,0.0,0.011123065282728195
9,425000000,map,3.0433754182172454,1.7837493866539376,0.0,0.0,0.0,0.14416095461155987,0.9895542527650941,0.052517979815012425,-0.05262340212791272,0.0,0.0,0.0,-0.017476259023645035,-0.05262340212791272,0.11126013921516399,0.0,0.0,0.0,0.029371119353611693,0.0,0.0,1000.0,0.0,0.0,0.0,0.0,0.0,0.0,1000.0,0.0,0.0,0.0,0.0,0.0,0.0,1000.0,0.0,-0.017476259023645035,0.029371119353611693,0.0,0.0,0.0,0.012270324218139736
9,450000000,map,3.055230614648499,1.7913905164577888,0.0,0.0,0.0,0.12569241074722579,0.9920692606267723,0.05243768924011077,-0.05296986740629882,0.0,0.0,0.0,-0.01753539584642742,-0.05296986740629882,0.11118889503727607,0.0,0.0,0.0,0.029430452840433507,0.0,0.0,1000.0,0.0,0.0,0.0,0.0,0.0,0.0,1000.0,0.0,0.0,0.0,0.0,0.0,0.0,1000.0,0.0,-0.01753539584642742,0.029430452840433507,0.0,0.0,0.0,0.011104246422680885
9,475000000,map,3.0647395704200444,1.7993785817426486,0.0,0.0,0.0,0.11341821841264474,0.9935473354259985,0.053067789818951674,-0.053425317304603426,0.0,0.0,0.0,-0.017628679481416852,-0.053425317304603426,0.11230180788230348,0.0,0.0,0.0,0.02954149724576714,0.0,0.0,1000.0,0.0,0.0,0.0,0.0,0.0,0.0,1000.0,0.0,0.0,0.0,0.0,0.0,0.0,1000.0,0.0,-0.017628679481416852,0.02954149724576714,0.0,0.0,0.0,0.012251505355221657
9,500000000,map,3.0745018994997584,1.8071417641402172,0.0,0.0,0.0,0.10112669142376346,0.9948735559264217,0.05368957104222532,-0.053875242488980166,0.0,0.0,0.0,-0.017728243342290527,-0.053875242488980166,0.11343447322176074,0.0,0.0,0.0,0.029666700432362376,0.0,0.0,1000.0,0.0,0.0,0.0,0.0,0.0,0.0,1000.0,0.0,0.0,0.0,0.0,0.0,0.0,1000.0,0.0,-0.017728243342290527,0.029666700432362376,0.0,0.0,0.0,0.013398764282873295
9,525000000,map,3.0798764618434613,1.811084325274948,0.0,0.0,0.0,0.09374951387030804,0.9955958159057725,0.05319052204267653,-0.05404412379877307,0.0,0.0,0.0,-0.017726945043402127,-0.05404412379877307,0.11290197508663648,0.0,0.0,0.0,0.029674912750457628,0.0,0.0,1000.0,0.0,0.0,0.0,0.0,0.0,0.0,1000.0,0.0,0.0,0.0,0.0,0.0,0.0,1000.0,0.0,-0.017726945043402127,0.029674912750457628,0.0,0.0,0.0,0.011097936549818626
9,550000000,map,3.0900540265224,1.8184745908518911,0.0,0.0,0.0,0.08143416561379518,0.996678722894587,0.053798178977447014,-0.05448369416108402,0.0,0.0,0.0,-0.017813201015922923,-0.05448369416108402,0.11406530253670949,0.0,0.0,0.0,0.02979370086844003,0.0,0.0,1000.0,0.0,0.0,0.0,0.0,0.0,0.0,1000.0,0.0,0.0,0.0,0.0,0.0,0.0,1000.0,0.0,-0.017813201015922923,0.02979370086844003,0.0,0.0,0.0,0.012245195472367368
9,575000000,map,3.1000343944961775,1.8383756335447297,0.0,0.0,0.0,0.061948436463033364,0.998079351163917,0.05389262785951888,-0.05495313459535279,0.0,0.0,0.0,-0.017935858790889346,-0.05495313459535279,0.11386730485885331,0.0,0.0,0.0,0.02986135387890325,0.0,0.0,1000.0,0.0,0.0,0.0,0.0,0.0,0.0,1000.0,0.0,0.0,0.0,0.0,0.0,0.0,1000.0,0.0,-0.017935858790889346,0.02986135387890325,0.0,0.0,0.0,0.011097402745291265
9,600000000,map,3.1109033993178374,1.8450317084314696,0.0,0.0,0.0,0.04982150736369773,0.9987581375908829,0.05447509601550238,-0.0553722387467285,0.0,0.0,0.0,-0.01801352761422806,-0.0553722387467285,0.1150770624965037,0.0,0.0,0.0,0.02998818280281498,0.0,0.0,1000.0,0.0,0.0,0.0,0.0,0.0,0.0,1000.0,0.0,0.0,0.0,0.0,0.0,0.0,1000.0,0.0,-0.01801352761422806,0.02998818280281498,0.0,0.0,0.0,0.012240322463733105
9,625000000,map,3.1220937564781273,1.8513386057792616,0.0,0.0,0.0,0.03790402178188385,0.9992813843621617,0.05504648091261695,-0.05578278305461537,0.0,0.0,0.0,-0.018094316527471083,-0.05578278305461537,0.11630717688995823,0.0,0.0,0.0,0.030131526945572844,0.0,0.0,1000.0,0.0,0.0,0.0,0.0,0.0,0.0,1000.0,0.0,0.0,0.0,0.0,0.0,0.0,1000.0,0.0,-0.018094316527471083,0.030131526945572844,0.0,0.0,0.0,0.013378903215056567
9,650000000,map,3.1343462609272117,1.8519927478690472,0.0,0.0,0.0,0.03155338072358505,0.9995020681143749,0.054587094174040306,-0.05605705269091514,0.0,0.0,0.0,-0.01809921142438846,-0.05605705269091514,0.11584612687772251,0.0,0.0,0.0,0.03013800879958476,0.0,0.0,1000.0,0.0,0.0,0.0,0.0,0.0,0.0,1000.0,0.0,0.0,0.0,0.0,0.0,0.0,1000.0,0.0,-0.01809921142438846,0.03013800879958476,0.0,0.0,0.0,0.011070545225971649
9,675000000,map,3.1460320006687152,1.8575681437403582,0.0,0.0,0.0,0.020388768037619975,0.9997921274634584,0.05513441304743076,-0.05644791709901298,0.0,0.0,0.0,-0.018164065709307824,-0.05644791709901298,0.11710032878098481,0.0,0.0,0.0,0.030273940007373747,0.0,0.0,1000.0,0.0,0.0,0.0,0.0,0.0,0.0,1000.0,0.0,0.0,0.0,0.0,0.0,0.0,1000.0,0.0,-0.018164065709307824,0.030273940007373747,0.0,0.0,0.0,0.01219391398600396
9,700000000,map,3.1578746707407146,1.8627364187171098,0.0,0.0,0.0,0.009560947537102427,0.9999542930965358,0.055667600147211546,-0.056826224859693256,0.0,0.0,0.0,-0.018229972610599863,-0.056826224859693256,0.11836328704796091,0.0,0.0,0.0,0.03042496016225723,0.0,0.0,1000.0,0.0,0.0,0.0,0.0,0.0,0.0,1000.0,0.0,0.0,0.0,0.0,0.0,0.0,1000.0,0.0,-0.018229972610599863,0.03042496016225723,0.0,0.0,0.0,0.013310495740068127
9,725000000,map,3.169922925559626,1.8657592418432896,0.0,0.0,0.0,0.0038257473061462446,0.9999926818019967,0.05515120922811512,-0.057167252409134096,0.0,0.0,0.0,-0.01825700872262984,-0.057167252409134096,0.11805060318296395,0.0,0.0,0.0,0.030507731336234113,0.0,0.0,1000.0,0.0,0.0,0.0,0.0,0.0,0.0,1000.0,0.0,0.0,0.0,0.0,0.0,0.0,1000.0,0.0,-0.01825700872262984,0.030507731336234113,0.0,0.0,0.0,0.011062152976567041
9,750000000,map,3.1822289129353316,1.8701888008787901,0.0,0.0,0.0,-0.0062184614112198305,0.999980665181921,0.05566112727193399,-0.05752723211728345,0.0,0.0,0.0,-0.01830844740020871,-0.05752723211728345,0.11933694427658738,0.0,0.0,0.0,0.030650635790568134,0.0,0.0,1000.0,0.0,0.0,0.0,0.0,0.0,0.0,1000.0,0.0,0.0,0.0,0.0,0.0,0.0,1000.0,0.0,-0.01830844740020871,0.030650635790568134,0.0,0.0,0.0,0.01216303813912375
9,775000000,map,3.1950602243985853,1.8726945131047552,0.0,0.0,0.0,-0.02077558529543909,0.9997841642352773,0.05528148289795095,-0.057726981794379253,0.0,0.0,0.0,-0.018310583713373362,-0.057726981794379253,0.1193797958279798,0.0,0.0,0.0,0.030743312864167222,0.0,0.0,1000.0,0.0,0.0,0.0,0.0,0.0,0.0,1000.0,0.0,0.0,0.0,0.0,0.0,0.0,1000.0,0.0,-0.018310583713373362,0.030743312864167222,0.0,0.0,0.0,0.010989724592784886
9,800000000,map,3.20773400942902,1.8762313066530942,0.0,0.0,0.0,-0.03018568191960297,0.9995443084761418,0.05576137238855328,-0.05805935117407175,0.0,0.0,0.0,-0.018351376582524795,-0.05805935117407175,0.12068575347600595,0.0,0.0,0.0,0.030889490481643002,0.0,0.0,1000.0,0.0,0.0,0.0,0.0,0.0,0.0,1000.0,0.0,0.0,0.0,0.0,0.0,0.0,1000.0,0.0,-0.018351376582524795,0.030889490481643002,0.0,0.0,0.0,0.012077988347705858
9,825000000,map,3.220542674319059,1.8794377853201496,0.0,0.0,0.0,-0.039396913486384674,0.9992236402366321,0.05623056513730683,-0.058382019874149524,0.0,0.0,0.0,-0.01839184284604495,-0.058382019874149524,0.12200093668525608,0.0,0.0,0.0,0.031051137840818383,0.0,0.0,1000.0,0.0,0.0,0.0,0.0,0.0,0.0,1000.0,0.0,0.0,0.0,0.0,0.0,0.0,1000.0,0.0,-0.01839184284604495,0.031051137840818383,0.0,0.0,0.0,0.013162325231126705
9,850000000,map,3.229361265997097,1.8903118798458778,0.0,0.0,0.0,-0.04441173708532359,0.999013312027955,0.055817730059804456,-0.05879498036533688,0.0,0.0,0.0,-0.0184528156015787,-0.05879498036533688,0.12165184716691696,0.0,0.0,0.0,0.031099502338529997,0.0,0.0,1000.0,0.0,0.0,0.0,0.0,0.0,0.0,1000.0,0.0,0.0,0.0,0.0,0.0,0.0,1000.0,0.0,-0.0184528156015787,0.031099502338529997,0.0,0.0,0.0,0.010985837912604454
9,875000000,map,3.2424167796738477,1.8930078612592929,0.0,0.0,0.0,-0.05332946733898292,0.9985769714515453,0.05627119450451461,-0.059103961010665805,0.0,0.0,0.0,-0.01848388711681087,-0.059103961010665805,0.12298294896908799,0.0,0.0,0.0,0.031249968729007475,0.0,0.0,1000.0,0.0,0.0,0.0,0.0,0.0,0.0,1000.0,0.0,0.0,0.0,0.0,0.0,0.0,1000.0,0.0,-0.01848388711681087,0.031249968729007475,0.0,0.0,0.0,0.012064406482670672
9,900000000,map,3.2555646521522505,1.8952727705746917,0.0,0.0,0.0,-0.06179552118625597,0.9980888304962234,0.056710101991786006,-0.05939988233420788,0.0,0.0,0.0,-0.01851242318011882,-0.05939988233420788,0.12431754216703604,0.0,0.0,0.0,0.03141562150762323,0.0,0.0,1000.0,0.0,0.0,0.0,0.0,0.0,0.0,1000.0,0.0,0.0,0.0,0.0,0.0,0.0,1000.0,0.0,-0.01851242318011882,0.03141562150762323,0.0,0.0,0.0,0.01313400928959338
9,925000000,map,3.264724133959922,1.8856048120610296,0.0,0.0,0.0,-0.06612867092656151,0.9978111038074724,0.05584464931567182,-0.059455613886883835,0.0,0.0,0.0,-0.018430188111179854,-0.059455613886883835,0.12385055104130356,0.0,0.0,0.0,0.03139979267266217,0.0,0.0,1000.0,0.0,0.0,0.0,0.0,0.0,0.0,1000.0,0.0,0.0,0.0,0.0,0.0,0.0,1000.0,0.0,-0.018430188111179854,0.03139979267266217,0.0,0.0,0.0,0.010939463349911941
9,950000000,map,3.2780421648045017,1.8873220342638914,0.0,0.0,0.0,-0.07414669293779362,0.9972473454095471,0.05626543196222251,-0.05973412164249747,0.0,0.0,0.0,-0.018449884378070984,-0.05973412164249747,0.12519283811135348,0.0,0.0,0.0,0.03155254837867504,0.0,0.0,1000.0,0.0,0.0,0.0,0.0,0.0,0.0,1000.0,0.0,0.0,0.0,0.0,0.0,0.0,1000.0,0.0,-0.018449884378070984,0.03155254837867504,0.0,0.0,0.0,0.012000220120643572
9,975000000,map,3.2914300815036195,1.8887570416799178,0.0,0.0,0.0,-0.08202336810203333,0.9966304064622945,0.05667705819948298,-0.060003564538775755,0.0,0.0,0.0,-0.018467863913622158,-0.060003564538775755,0.12654130291423882,0.0,0.0,0.0,0.03172028864367973,0.0,0.0,1000.0,0.0,0.0,0.0,0.0,0.0,0.0,1000.0,0.0,0.0,0.0,0.0,0.0,0.0,1000.0,0.0,-0.018467863913622158,0.03172028864367973,0.0,0.0,0.0,0.013058236512230821
10,0,map,3.3039048711891783,1.8951191852396647,0.0,0.0,0.0,-0.08659311920845107,0.9962437611878686,0.056090544252672174,-0.060385378206264384,0.0,0.0,0.0,-0.01851571845648071,-0.060385378206264384,0.12633026106749237,0.0,0.0,0.0,0.03182286653012385,0.0,0.0,1000.0,0.0,0.0,0.0,0.0,0.0,0.0,1000.0,0.0,0.0,0.0,0.0,0.0,0.0,1000.0,0.0,-0.01851571845648071,0.03182286653012385,0.0,0.0,0.0,0.010954045518648677
10,25000000,map,3.3174221046231764,1.8960645257995685,0.0,0.0,0.0,-0.09415586505119306,0.9955574684951449,0.05648651075454487,-0.06064027631591574,0.0,0.0,0.0,-0.018526570950902016,-0.06064027631591574,0.127688832509684,0.0,0.0,0.0,0.03197804415251304,0.0,0.0,1000.0,0.0,0.0,0.0,0.0,0.0,0.0,1000.0,0.0,0.0,0.0,0.0,0.0,0.0,1000.0,0.0,-0.018526570950902016,0.03197804415251304,0.0,0.0,0.0,0.012005922310107104
10,50000000,map,3.3324725946236784,1.897824813547501,0.0,0.0,0.0,-0.10524434999834936,0.9944463921164504,0.056099503480931505,-0.060875853375920795,0.0,0.0,0.0,-0.018513088288530405,-0.060875853375920795,0.12782216972592925,0.0,0.0,0.0,0.032052845526755774,0.0,0.0,1000.0,0.0,0.0,0.0,0.0,0.0,0.0,1000.0,0.0,0.0,0.0,0.0,0.0,0.0,1000.0,0.0,-0.018513088288530405,0.032052845526755774,0.0,0.0,0.0,0.010932825902324446
10,75000000,map,3.346129697276958,1.898065455082784,0.0,0.0,0.0,-0.11241989963163423,0.9936607902935555,0.05647268458715675,-0.06110731099297595,0.0,0.0,0.0,-0.01851584483980174,-0.06110731099297595,0.12918899921941498,0.0,0.0,0.0,0.032209287778661,0.0,0.0,1000.0,0.0,0.0,0.0,0.0,0.0,0.0,1000.0,0.0,0.0,0.0,0.0,0.0,0.0,1000.0,0.0,-0.01851584483980174,0.032209287778661,0.0,0.0,0.0,0.011977194748015783
10,100000000,map,3.3598076050395953,1.8979822753941298,0.0,0.0,0.0,-0.11929626580639399,0.9928587014095461,0.05683498606531183,-0.06132792665446431,0.0,0.0,0.0,-0.01851480539108066,-0.06132792665446431,0.13055733031040798,0.0,0.0,0.0,0.03238021272393229,0.0,0.0,1000.0,0.0,0.0,0.0,0.0,0.0,0.0,1000.0,0.0,0.0,0.0,0.0,0.0,0.0,1000.0,0.0,-0.01851480539108066,0.03238021272393229,0.0,0.0,0.0,0.013015654778018606
10,125000000,map,3.3711877235345518,1.8953521478017141,0.0,0.0,0.0,-0.12358392807146394,0.9923341235301885,0.05602088438639403,-0.0615028034743593,0.0,0.0,0.0,-0.01847988312234284,-0.0615028034743593,0.1304171098887253,0.0,0.0,0.0,0.032426708809179215,0.0,0.0,1000.0,0.0,0.0,0.0,0.0,0.0,0.0,1000.0,0.0,0.0,0.0,0.0,0.0,0.0,1000.0,0.0,-0.01847988312234284,0.032426708809179215,0.0,0.0,0.0,0.010917376739355826
10,150000000,map,3.384931489193445,1.894799585634393,0.0,0.0,0.0,-0.13013227852215514,0.9914966414903442,0.05636799712303549,-0.061707529947926484,0.0,0.0,0.0,-0.018473565461524587,-0.061707529947926484,0.13179014632756056,0.0,0.0,0.0,0.0325838466932646,0.0,0.0,1000.0,0.0,0.0,0.0,0.0,0.0,0.0,1000.0,0.0,0.0,0.0,0.0,0.0,0.0,1000.0,0.0,-0.018473565461524587,0.0325838466932646,0.0,0.0,0.0,0.011949410716918525
10,175000000,map,3.3987122161569276,1.8939649183305536,0.0,0.0,0.0,-0.13650667923046933,0.9906391505111585,0.0567060094343787,-0.06190291713309148,0.0,0.0,0.0,-0.018463162394442817,-0.06190291713309148,0.13316689537554754,0.0,0.0,0.0,0.032755605939586104,0.0,0.0,1000.0,0.0,0.0,0.0,0.0,0.0,0.0,1000.0,0.0,0.0,0.0,0.0,0.0,0.0,1000.0,0.0,-0.018463162394442817,0.032755605939586104,0.0,0.0,0.0,0.012978047286806734
10,200000000,map,3.413519123413537,1.89724884316673,0.0,0.0,0.0,-0.14028065097329034,0.990111781044196,0.056075743455880095,-0.062328677309875576,0.0,0.0,0.0,-0.018504761897688297,-0.062328677309875576,0.13317260017736982,0.0,0.0,0.0,0.032862703169578227,0.0,0.0,1000.0,0.0,0.0,0.0,0.0,0.0,0.0,1000.0,0.0,0.0,0.0,0.0,0.0,0.0,1000.0,0.0,-0.018504761897688297,0.032862703169578227,0.0,0.0,0.0,0.010921048825077776
10,225000000,map,3.4273164049645333,1.8960309693644504,0.0,0.0,0.0,-0.1464315824639961,0.9892208002549734,0.0564012400038054,-0.06251068038342199,0.0,0.0,0.0,-0.018490837702693136,-0.06251068038342199,0.13455418026818064,0.0,0.0,0.0,0.03302045025171398,0.0,0.0,1000.0,0.0,0.0,0.0,0.0,0.0,0.0,1000.0,0.0,0.0,0.0,0.0,0.0,0.0,1000.0,0.0,-0.018490837702693136,0.03302045025171398,0.0,0.0,0.0,0.01194535156730503
10,250000000,map,3.4341752291466476,1.8878822479382498,0.0,0.0,0.0,-0.15517439215353257,0.9878870927488534,0.0557882954672345,-0.06252675748824885,0.0,0.0,0.0,-0.018394211778503925,-0.06252675748824885,0.13461467285210973,0.0,0.0,0.0,0.033022676756647815,0.0,0.0,1000.0,0.0,0.0,0.0,0.0,0.0,0.0,1000.0,0.0,0.0,0.0,0.0,0.0,0.0,1000.0,0.0,-0.018394211778503925,0.033022676756647815,0.0,0.0,0.0,0.010872849961096937
10,275000000,map,3.4479536703860125,1.886137020752495,0.0,0.0,0.0,-0.16119529289383303,0.9869225286459274,0.05609698598618272,-0.06268726980352302,0.0,0.0,0.0,-0.018374344414500348,-0.06268726980352302,0.13599465750840337,0.0,0.0,0.0,0.03317952814524568,0.0,0.0,1000.0,0.0,0.0,0.0,0.0,0.0,0.0,1000.0,0.0,0.0,0.0,0.0,0.0,0.0,1000.0,0.0,-0.018374344414500348,0.03317952814524568,0.0,0.0,0.0,0.011894803632365837
10,300000000,map,3.46173535640674,1.8841278413176892,0.0,0.0,0.0,-0.16696815211141555,0.9859622894312435,0.05639714220386781,-0.06283830349557853,0.0,0.0,0.0,-0.0183494239080328,-0.06283830349557853,0.13737627409098044,0.0,0.0,0.0,0.033350466882554865,0.0,0.0,1000.0,0.0,0.0,0.0,0.0,0.0,0.0,1000.0,0.0,0.0,0.0,0.0,0.0,0.0,1000.0,0.0,-0.0183494239080328,0.033350466882554865,0.0,0.0,0.0,0.012911847317611086
10,325000000,map,3.480313898005225,1.8910896053249213,0.0,0.0,0.0,-0.1708260166764031,0.9853012087815955,0.05578481666546915,-0.06324612672656886,0.0,0.0,0.0,-0.018421902307231116,-0.06324612672656886,0.13737817648958964,0.0,0.0,0.0,0.03348255436391823,0.0,0.0,1000.0,0.0,0.0,0.0,0.0,0.0,0.0,1000.0,0.0,0.0,0.0,0.0,0.0,0.0,1000.0,0.0,-0.018421902307231116,0.03348255436391823,0.0,0.0,0.0,0.010904967058752175
10,350000000,map,3.4941103244609306,1.888716295849374,0.0,0.0,0.0,-0.1763749449002107,0.9843230561210317,0.05607327857934765,-0.06338451322707253,0.0,0.0,0.0,-0.018394819732444688,-0.06338451322707253,0.13876571707637678,0.0,0.0,0.0,0.03363998969004059,0.0,0.0,1000.0,0.0,0.0,0.0,0.0,0.0,0.0,1000.0,0.0,0.0,0.0,0.0,0.0,0.0,1000.0,0.0,-0.018394819732444688,0.03363998969004059,0.0,0.0,0.0,0.011917656847201835
10,375000000,map,3.508756306415136,1.879825795806325,0.0,0.0,0.0,-0.1847077340435071,0.982793494577835,0.055431564806201865,-0.06343471108440643,0.0,0.0,0.0,-0.01830428480326442,-0.06343471108440643,0.13907012761459336,0.0,0.0,0.0,0.03369223330477473,0.0,0.0,1000.0,0.0,0.0,0.0,0.0,0.0,0.0,1000.0,0.0,0.0,0.0,0.0,0.0,0.0,1000.0,0.0,-0.01830428480326442,0.03369223330477473,0.0,0.0,0.0,0.010869385108350919
10,400000000,map,3.5224534484745207,1.8769777117462771,0.0,0.0,0.0,-0.1901838254350482,0.9817484976015451,0.05570501221154343,-0.06355170118128325,0.0,0.0,0.0,-0.01827188746470525,-0.06355170118128325,0.14045228161579165,0.0,0.0,0.0,0.03384804013464178,0.0,0.0,1000.0,0.0,0.0,0.0,0.0,0.0,0.0,1000.0,0.0,0.0,0.0,0.0,0.0,0.0,1000.0,0.0,-0.01827188746470525,0.03384804013464178,0.0,0.0,0.0,0.011880883406283047
10,425000000,map,3.5360936612843274,1.873918844852994,0.0,0.0,0.0,-0.19565856375411877,0.9806720789487562,0.055971532196312804,-0.06365934067266837,0.0,0.0,0.0,-0.018233998262299142,-0.06365934067266837,0.1418325570392243,0.0,0.0,0.0,0.034016997072633434,0.0,0.0,1000.0,0.0,0.0,0.0,0.0,0.0,0.0,1000.0,0.0,0.0,0.0,0.0,0.0,0.0,1000.0,0.0,-0.018233998262299142,0.034016997072633434,0.0,0.0,0.0,0.012892474656016296
10,450000000,map,3.547794893858352,1.8747643674186114,0.0,0.0,0.0,-0.1989276535641706,0.980014177778798,0.055180276555290175,-0.06394245824971903,0.0,0.0,0.0,-0.01823968396580102,-0.06394245824971903,0.14196906978009952,0.0,0.0,0.0,0.03411595206290042,0.0,0.0,1000.0,0.0,0.0,0.0,0.0,0.0,0.0,1000.0,0.0,0.0,0.0,0.0,0.0,0.0,1000.0,0.0,-0.01823968396580102,0.03411595206290042,0.0,0.0,0.0,0.010881730256626006
10,475000000,map,3.561340462464123,1.8713800242816976,0.0,0.0,0.0,-0.2044245358228601,0.9788823265099887,0.05543605685997776,-0.06403564186106289,0.0,0.0,0.0,-0.018201143565883593,-0.06403564186106289,0.1433463190164495,0.0,0.0,0.0,0.034270206998069735,0.0,0.0,1000.0,0.0,0.0,0.0,0.0,0.0,0.0,1000.0,0.0,0.0,0.0,0.0,0.0,0.0,1000.0,0.0,-0.018201143565883593,0.034270206998069735,0.0,0.0,0.0,0.011893974427132376
10,500000000,map,3.574827749107654,1.8677548010633487,0.0,0.0,0.0,-0.20980053607281546,0.9777442073791893,0.055683919953034164,-0.06411867261739033,0.0,0.0,0.0,-0.018156194691412286,-0.06411867261739033,0.1447208191619222,0.0,0.0,0.0,0.03443743486730277,0.0,0.0,1000.0,0.0,0.0,0.0,0.0,0.0,0.0,1000.0,0.0,0.0,0.0,0.0,0.0,0.0,1000.0,0.0,-0.018156194691412286,0.03443743486730277,0.0,0.0,0.0,0.012903877602392078
10,525000000,map,3.583888647636018,1.8597550584124276,0.0,0.0,0.0,-0.21284417198283462,0.9770861571289102,0.0546571713182935,-0.06411350535870317,0.0,0.0,0.0,-0.018081198589943132,-0.06411350535870317,0.14445819153625314,0.0,0.0,0.0,0.03444093534486706,0.0,0.0,1000.0,0.0,0.0,0.0,0.0,0.0,0.0,1000.0,0.0,0.0,0.0,0.0,0.0,0.0,1000.0,0.0,-0.018081198589943132,0.03444093534486706,0.0,0.0,0.0,0.010858032028818314
10,550000000,map,3.597359135682913,1.8557533713674725,0.0,0.0,0.0,-0.21794966770932692,0.9759600106281988,0.05489385432296138,-0.06418160704524029,0.0,0.0,0.0,-0.01803573816739744,-0.06418160704524029,0.14583199709641823,0.0,0.0,0.0,0.034593964322802886,0.0,0.0,1000.0,0.0,0.0,0.0,0.0,0.0,0.0,1000.0,0.0,0.0,0.0,0.0,0.0,0.0,1000.0,0.0,-0.01803573816739744,0.034593964322802886,0.0,0.0,0.0,0.011862596563567248
10,575000000,map,3.6164903554934322,1.848021066619942,0.0,0.0,0.0,-0.22565667275864454,0.9742068907780821,0.05428815045204876,-0.06426904083919424,0.0,0.0,0.0,-0.017986915746087264,-0.06426904083919424,0.14620438186910725,0.0,0.0,0.0,0.03470343287072792,0.0,0.0,1000.0,0.0,0.0,0.0,0.0,0.0,0.0,1000.0,0.0,0.0,0.0,0.0,0.0,0.0,1000.0,0.0,-0.017986915746087264,0.03470343287072792,0.0,0.0,0.0,0.010850629437216193
10,600000000,map,3.629880207616803,1.8435900641810776,0.0,0.0,0.0,-0.2306081340296298,0.9730467041819587,0.05451230358289264,-0.06431775992669173,0.0,0.0,0.0,-0.0179366172876063,-0.06431775992669173,0.1475763832343912,0.0,0.0,0.0,0.03485542757855891,0.0,0.0,1000.0,0.0,0.0,0.0,0.0,0.0,0.0,1000.0,0.0,0.0,0.0,0.0,0.0,0.0,1000.0,0.0,-0.0179366172876063,0.03485542757855891,0.0,0.0,0.0,0.011852340906377387
10,625000000,map,3.6432611270216517,1.838923392147158,0.0,0.0,0.0,-0.23536528251048075,0.9719069830949676,0.05472941318795427,-0.0643573203659702,0.0,0.0,0.0,-0.01787897801419892,-0.0643573203659702,0.14894962628440345,0.0,0.0,0.0,0.03502069877533732,0.0,0.0,1000.0,0.0,0.0,0.0,0.0,0.0,0.0,1000.0,0.0,0.0,0.0,0.0,0.0,0.0,1000.0,0.0,-0.01787897801419892,0.03502069877533732,0.0,0.0,0.0,0.01285017642864464
10,650000000,map,3.6579084257845125,1.8408126086686274,0.0,0.0,0.0,-0.2381817077419749,0.9712206104161487,0.053962466363458944,-0.06474524362145469,0.0,0.0,0.0,-0.017903479618942387,-0.06474524362145469,0.14941910543226086,0.0,0.0,0.0,0.0351673926609757,0.0,0.0,1000.0,0.0,0.0,0.0,0.0,0.0,0.0,1000.0,0.0,0.0,0.0,0.0,0.0,0.0,1000.0,0.0,-0.017903479618942387,0.0351673926609757,0.0,0.0,0.0,0.010858904508793772
10,675000000,map,3.6712787905598567,1.835807676081719,0.0,0.0,0.0,-0.2426176359026352,0.9701219937456403,0.05416926398664733,-0.06477162679095085,0.0,0.0,0.0,-0.017846650591269404,-0.06477162679095085,0.1507967749949223,0.0,0.0,0.0,0.03531920785860763,0.0,0.0,1000.0,0.0,0.0,0.0,0.0,0.0,0.0,1000.0,0.0,0.0,0.0,0.0,0.0,0.0,1000.0,0.0,-0.017846650591269404,0.03531920785860763,0.0,0.0,0.0,0.011850303531943768
10,700000000,map,3.684662051372579,1.8306269457747713,0.0,0.0,0.0,-0.24680179448724987,0.9690659803325433,0.05437150061168774,-0.06479059426525491,0.0,0.0,0.0,-0.017782702468547153,-0.06479059426525491,0.15217859265649641,0.0,0.0,0.0,0.03548440356542295,0.0,0.0,1000.0,0.0,0.0,0.0,0.0,0.0,0.0,1000.0,0.0,0.0,0.0,0.0,0.0,0.0,1000.0,0.0,-0.017782702468547153,0.03548440356542295,0.0,0.0,0.0,0.01283661083473846
10,725000000,map,3.6918648598070654,1.8269647835804097,0.0,0.0,0.0,-0.2487007733168475,0.9685803659746578,0.053475892773056255,-0.0649644055627058,0.0,0.0,0.0,-0.017756068832530225,-0.0649644055627058,0.15217409896711112,0.0,0.0,0.0,0.03552354826161848,0.0,0.0,1000.0,0.0,0.0,0.0,0.0,0.0,0.0,1000.0,0.0,0.0,0.0,0.0,0.0,0.0,1000.0,0.0,-0.017756068832530225,0.03552354826161848,0.0,0.0,0.0,0.010829522170956911
10,750000000,map,3.705270932406671,1.8214935318658543,0.0,0.0,0.0,-0.2524680751926154,0.9676052247732728,0.053670198100359855,-0.06497213099524236,0.0,0.0,0.0,-0.017694142815786636,-0.06497213099524236,0.1535606585328902,0.0,0.0,0.0,0.035675284047062314,0.0,0.0,1000.0,0.0,0.0,0.0,0.0,0.0,0.0,1000.0,0.0,0.0,0.0,0.0,0.0,0.0,1000.0,0.0,-0.017694142815786636,0.035675284047062314,0.0,0.0,0.0,0.011807351427400015
10,775000000,map,3.7198684701497013,1.8131163268069586,0.0,0.0,0.0,-0.2583687885007859,0.9660463597201928,0.05298243948108449,-0.06488359090309193,0.0,0.0,0.0,-0.017608674865449606,-0.06488359090309193,0.15364725007015195,0.0,0.0,0.0,0.035704380679025975,0.0,0.0,1000.0,0.0,0.0,0.0,0.0,0.0,0.0,1000.0,0.0,0.0,0.0,0.0,0.0,0.0,1000.0,0.0,-0.017608674865449606,0.035704380679025975,0.0,0.0,0.0,0.010802330443910428
10,800000000,map,3.7331738711512723,1.8073035329299916,0.0,0.0,0.0,-0.2619937270374948,0.9650695762446367,0.05316767846075143,-0.06487449878465935,0.0,0.0,0.0,-0.0175430491618352,-0.06487449878465935,0.15502877832233564,0.0,0.0,0.0,0.03585459696418618,0.0,0.0,1000.0,0.0,0.0,0.0,0.0,0.0,0.0,1000.0,0.0,0.0,0.0,0.0,0.0,0.0,1000.0,0.0,-0.0175430491618352,0.03585459696418618,0.0,0.0,0.0,0.011777415201104261
10,825000000,map,3.746444732825466,1.8013364015589615,0.0,0.0,0.0,-0.26552055171412703,0.9641051999742692,0.05334876975049594,-0.06485786245709796,0.0,0.0,0.0,-0.017469868392785155,-0.06485786245709796,0.15641059230477175,0.0,0.0,0.0,0.036017350522451905,0.0,0.0,1000.0,0.0,0.0,0.0,0.0,0.0,0.0,1000.0,0.0,0.0,0.0,0.0,0.0,0.0,1000.0,0.0,-0.017469868392785155,0.036017350522451905,0.0,0.0,0.0,0.012750541198625455
10,850000000,map,3.7597860695195093,1.7930507330454755,0.0,0.0,0.0,-0.2673334476530809,0.9636040824767802,0.05229805685332082,-0.06486428853482856,0.0,0.0,0.0,-0.01741619532123308,-0.06486428853482856,0.15656836112715225,0.0,0.0,0.0,0.036101948407487726,0.0,0.0,1000.0,0.0,0.0,0.0,0.0,0.0,0.0,1000.0,0.0,0.0,0.0,0.0,0.0,0.0,1000.0,0.0,-0.01741619532123308,0.036101948407487726,0.0,0.0,0.0,0.010807083007485209
10,875000000,map,3.772997486100866,1.7868802007052893,0.0,0.0,0.0,-0.27075437085287,0.9626484668164524,0.05247422294644417,-0.0648365307418062,0.0,0.0,0.0,-0.01734651395589277,-0.0648365307418062,0.15795057947236507,0.0,0.0,0.0,0.0362511396757148,0.0,0.0,1000.0,0.0,0.0,0.0,0.0,0.0,0.0,1000.0,0.0,0.0,0.0,0.0,0.0,0.0,1000.0,0.0,-0.01734651395589277,0.0362511396757148,0.0,0.0,0.0,0.011778120828658405
10,900000000,map,3.795423158701243,1.779350535953899,0.0,0.0,0.0,-0.27571546385889933,0.9612392953833463,0.05179409888730244,-0.06486713876287387,0.0,0.0,0.0,-0.017284306654421832,-0.06486713876287387,0.15857389089963195,0.0,0.0,0.0,0.03639206222949683,0.0,0.0,1000.0,0.0,0.0,0.0,0.0,0.0,0.0,1000.0,0.0,0.0,0.0,0.0,0.0,0.0,1000.0,0.0,-0.017284306654421832,0.03639206222949683,0.0,0.0,0.0,0.010805380389359322
10,925000000,map,3.808533087745575,1.7728916588366348,0.0,0.0,0.0,-0.27902592261558473,0.9602835698420138,0.051963030981808114,-0.06482378278012318,0.0,0.0,0.0,-0.0172113869847517,-0.06482378278012318,0.15995425669295146,0.0,0.0,0.0,0.03654007119110972,0.0,0.0,1000.0,0.0,0.0,0.0,0.0,0.0,0.0,1000.0,0.0,0.0,0.0,0.0,0.0,0.0,1000.0,0.0,-0.0172113869847517,0.03654007119110972,0.0,0.0,0.0,0.011774293552794298
10,950000000,map,3.8215978573583866,1.7663232938450752,0.0,0.0,0.0,-0.2822953084082116,0.9593275555568664,0.05212958472716748,-0.06477369932252408,0.0,0.0,0.0,-0.017130869624925462,-0.06477369932252408,0.1613345556427447,0.0,0.0,0.0,0.03670022379488759,0.0,0.0,1000.0,0.0,0.0,0.0,0.0,0.0,0.0,1000.0,0.0,0.0,0.0,0.0,0.0,0.0,1000.0,0.0,-0.017130869624925462,0.03670022379488759,0.0,0.0,0.0,0.012742419489098444
10,975000000,map,3.8320001957769922,1.7647356498682802,0.0,0.0,0.0,-0.2849266089245501,0.9585493349466977,0.051327192606565666,-0.0650906120771636,0.0,0.0,0.0,-0.01714638114600477,-0.0650906120771636,0.1617585110169821,0.0,0.0,0.0,0.036809914683311316,0.0,0.0,1000.0,0.0,0.0,0.0,0.0,0.0,0.0,1000.0,0.0,0.0,0.0,0.0,0.0,0.0,1000.0,0.0,-0.01714638114600477,0.036809914683311316,0.0,0.0,0.0,0.010805513405553819
11,0,map,3.844985280986676,1.7579856679242885,0.0,0.0,0.0,-0.28815262361711275,0.957584495228789,0.05148913138743229,-0.06502984482786377,0.0,0.0,0.0,-0.017070179347739984,-0.06502984482786377,0.16313864809764134,0.0,0.0,0.0,0.036956505718933295,0.0,0.0,1000.0,0.0,0.0,0.0,0.0,0.0,0.0,1000.0,0.0,0.0,0.0,0.0,0.0,0.0,1000.0,0.0,-0.017070179347739984,0.036956505718933295,0.0,0.0,0.0,0.01177285758775417
11,25000000,map,3.857928678894701,1.7511116117315042,0.0,0.0,0.0,-0.2913122366348462,0.956628026343993,0.051648276645510555,-0.06496202395798134,0.0,0.0,0.0,-0.01698593181071515,-0.06496202395798134,0.1645186710844737,0.0,0.0,0.0,0.037115138317198655,0.0,0.0,1000.0,0.0,0.0,0.0,0.0,0.0,0.0,1000.0,0.0,0.0,0.0,0.0,0.0,0.0,1000.0,0.0,-0.01698593181071515,0.037115138317198655,0.0,0.0,0.0,0.012738881816781412
11,50000000,map,3.865035400056616,1.7423272504089635,0.0,0.0,0.0,-0.2930458540477767,0.9560983879420617,0.05062177908078281,-0.06494278577438553,0.0,0.0,0.0,-0.01692187417218919,-0.06494278577438553,0.16441922408501616,0.0,0.0,0.0,0.03711293076743151,0.0,0.0,1000.0,0.0,0.0,0.0,0.0,0.0,0.0,1000.0,0.0,0.0,0.0,0.0,0.0,0.0,1000.0,0.0,-0.01692187417218919,0.03711293076743151,0.0,0.0,0.0,0.010777964227170743
11,75000000,map,3.877911854178237,1.7352776296692074,0.0,0.0,0.0,-0.29612572003957327,0.9551489715908427,0.05077754700756527,-0.06486472902745449,0.0,0.0,0.0,-0.016842494081678667,-0.06486472902745449,0.16579683012021207,0.0,0.0,0.0,0.03725792212673465,0.0,0.0,1000.0,0.0,0.0,0.0,0.0,0.0,0.0,1000.0,0.0,0.0,0.0,0.0,0.0,0.0,1000.0,0.0,-0.016842494081678667,0.03725792212673465,0.0,0.0,0.0,0.011742421887463852
11,100000000,map,3.8938183367861723,1.7225398321847973,0.0,0.0,0.0,-0.3009942817505522,0.9536259446729988,0.04992989653693618,-0.06455621212211467,0.0,0.0,0.0,-0.016712823382554226,-0.06455621212211467,0.16589616593835055,0.0,0.0,0.0,0.037282246210538376,0.0,0.0,1000.0,0.0,0.0,0.0,0.0,0.0,0.0,1000.0,0.0,0.0,0.0,0.0,0.0,0.0,1000.0,0.0,-0.016712823382554226,0.037282246210538376,0.0,0.0,0.0,0.010754097461097158
11,125000000,map,3.9065759455847076,1.715253639107235,0.0,0.0,0.0,-0.30402387609011144,0.9526644124596786,0.05008175140903912,-0.06446336420944924,0.0,0.0,0.0,-0.016630956572029326,-0.06446336420944924,0.16726777636652987,0.0,0.0,0.0,0.037425589206138754,0.0,0.0,1000.0,0.0,0.0,0.0,0.0,0.0,0.0,1000.0,0.0,0.0,0.0,0.0,0.0,0.0,1000.0,0.0,-0.016630956572029326,0.037425589206138754,0.0,0.0,0.0,0.011717667877378362
11,150000000,map,3.9192870134558113,1.7078859387491991,0.0,0.0,0.0,-0.3070494084654027,0.9516935750340265,0.050232576908121516,-0.0643643648771269,0.0,0.0,0.0,-0.01654107473383803,-0.0643643648771269,0.16863927010529575,0.0,0.0,0.0,0.03758065715001666,0.0,0.0,1000.0,0.0,0.0,0.0,0.0,0.0,0.0,1000.0,0.0,0.0,0.0,0.0,0.0,0.0,1000.0,0.0,-0.01654107473383803,0.03758065715001666,0.0,0.0,0.0,0.012681217479912823
11,175000000,map,3.926944470165647,1.6988063828422106,0.0,0.0,0.0,-0.30826954383503524,0.95129905305521,0.04912719508198162,-0.06423475288013279,0.0,0.0,0.0,-0.016474469441218068,-0.06423475288013279,0.16868249067177155,0.0,0.0,0.0,0.03764305583667057,0.0,0.0,1000.0,0.0,0.0,0.0,0.0,0.0,0.0,1000.0,0.0,0.0,0.0,0.0,0.0,0.0,1000.0,0.0,-0.016474469441218068,0.03764305583667057,0.0,0.0,0.0,0.010758869022626924
11,200000000,map,3.9395904231847974,1.691280207904258,0.0,0.0,0.0,-0.3112486252279452,0.950328518615386,0.04927547495157334,-0.06412565481923507,0.0,0.0,0.0,-0.016389873722838736,-0.06412565481923507,0.17005321804365145,0.0,0.0,0.0,0.03778519888929237,0.0,0.0,1000.0,0.0,0.0,0.0,0.0,0.0,0.0,1000.0,0.0,0.0,0.0,0.0,0.0,0.0,1000.0,0.0,-0.016389873722838736,0.03778519888929237,0.0,0.0,0.0,0.01172153279549571
11,225000000,map,3.962396402592797,1.678557559421576,0.0,0.0,0.0,-0.3160846137057215,0.9487310034875559,0.04847938003434505,-0.06392639526977302,0.0,0.0,0.0,-0.0162868043019588,-0.06392639526977302,0.17050441476415792,0.0,0.0,0.0,0.03788223225528093,0.0,0.0,1000.0,0.0,0.0,0.0,0.0,0.0,0.0,1000.0,0.0,0.0,0.0,0.0,0.0,0.0,1000.0,0.0,-0.0162868043019588,0.03788223225528093,0.0,0.0,0.0,0.01075153889060355
11,250000000,map,3.9749171223273363,1.670737076123728,0.0,0.0,0.0,-0.3190217439860476,0.9477473961262572,0.04862161377888216,-0.06380083856306744,0.0,0.0,0.0,-0.016198960618229983,-0.06380083856306744,0.17186942856760254,0.0,0.0,0.0,0.0380228714079431,0.0,0.0,1000.0,0.0,0.0,0.0,0.0,0.0,0.0,1000.0,0.0,0.0,0.0,0.0,0.0,0.0,1000.0,0.0,-0.016198960618229983,0.0380228714079431,0.0,0.0,0.0,0.011713487983883664
11,275000000,map,3.9873896428366207,1.6627731017624074,0.0,0.0,0.0,-0.3219305005000043,0.9467633034966114,0.0487607300761907,-0.06366758039981373,0.0,0.0,0.0,-0.016101846360573158,-0.06366758039981373,0.17323319108705124,0.0,0.0,0.0,0.03817496375724191,0.0,0.0,1000.0,0.0,0.0,0.0,0.0,0.0,0.0,1000.0,0.0,0.0,0.0,0.0,0.0,0.0,1000.0,0.0,-0.016101846360573158,0.03817496375724191,0.0,0.0,0.0,0.012674902347579889
11,300000000,map,3.9960113972946725,1.6607157783329254,0.0,0.0,0.0,-0.323596044295085,0.9461953287332238,0.0478462327259298,-0.06381615405363672,0.0,0.0,0.0,-0.01609688654011047,-0.06381615405363672,0.1736205210792105,0.0,0.0,0.0,0.038288622039836205,0.0,0.0,1000.0,0.0,0.0,0.0,0.0,0.0,0.0,1000.0,0.0,0.0,0.0,0.0,0.0,0.0,1000.0,0.0,-0.01609688654011047,0.038288622039836205,0.0,0.0,0.0,0.010761331392265636
11,325000000,map,4.008407420765697,1.6525026814847683,0.0,0.0,0.0,-0.3264817910970636,0.9452034913615445,0.04797889248321389,-0.06367050873739663,0.0,0.0,0.0,-0.01600455617190519,-0.06367050873739663,0.17498269131779462,0.0,0.0,0.0,0.03842797622407644,0.0,0.0,1000.0,0.0,0.0,0.0,0.0,0.0,0.0,1000.0,0.0,0.0,0.0,0.0,0.0,0.0,1000.0,0.0,-0.01600455617190519,0.03842797622407644,0.0,0.0,0.0,0.011722360182854953
11,350000000,map,4.020754625199667,1.6442113793356943,0.0,0.0,0.0,-0.32936374267174084,0.9442031163967122,0.048111011690055785,-0.06351862578642427,0.0,0.0,0.0,-0.015903378518012386,-0.06351862578642427,0.17634432504900954,0.0,0.0,0.0,0.03857864751241002,0.0,0.0,1000.0,0.0,0.0,0.0,0.0,0.0,0.0,1000.0,0.0,0.0,0.0,0.0,0.0,0.0,1000.0,0.0,-0.015903378518012386,0.03857864751241002,0.0,0.0,0.0,0.012683372975501978
11,375000000,map,4.028566766833091,1.6410288129841542,0.0,0.0,0.0,-0.3312512875509337,0.9435425716393768,0.047247759034296614,-0.0636254618380481,0.0,0.0,0.0,-0.01590451941688197,-0.0636254618380481,0.1761447973531501,0.0,0.0,0.0,0.03858285336900739,0.0,0.0,1000.0,0.0,0.0,0.0,0.0,0.0,0.0,1000.0,0.0,0.0,0.0,0.0,0.0,0.0,1000.0,0.0,-0.01590451941688197,0.03858285336900739,0.0,0.0,0.0,0.010747615162695541
11,400000000,map,4.040832700056574,1.6326007938057288,0.0,0.0,0.0,-0.3341109668246909,0.9425337457340561,0.04737771332841207,-0.06346461131703438,0.0,0.0,0.0,-0.015809890129554416,-0.06346461131703438,0.17750310926941298,0.0,0.0,0.0,0.03872057452207699,0.0,0.0,1000.0,0.0,0.0,0.0,0.0,0.0,0.0,1000.0,0.0,0.0,0.0,0.0,0.0,0.0,1000.0,0.0,-0.015809890129554416,0.03872057452207699,0.0,0.0,0.0,0.011708263335965441
11,425000000,map,4.053048838344733,1.624096397323436,0.0,0.0,0.0,-0.3369671810014274,0.9415163933399945,0.04750729814204494,-0.06329753594387294,0.0,0.0,0.0,-0.015706233585032123,-0.06329753594387294,0.17886071157496333,0.0,0.0,0.0,0.03886947194060559,0.0,0.0,1000.0,0.0,0.0,0.0,0.0,0.0,0.0,1000.0,0.0,0.0,0.0,0.0,0.0,0.0,1000.0,0.0,-0.015706233585032123,0.03886947194060559,0.0,0.0,0.0,0.012668903165647435
11,450000000,map,4.060679859842929,1.6196125811911695,0.0,0.0,0.0,-0.33836664722003856,0.9410143527327678,0.04650218211834265,-0.06323542698591372,0.0,0.0,0.0,-0.015661655355897454,-0.06323542698591372,0.17871413276025053,0.0,0.0,0.0,0.03887179161333495,0.0,0.0,1000.0,0.0,0.0,0.0,0.0,0.0,0.0,1000.0,0.0,0.0,0.0,0.0,0.0,0.0,1000.0,0.0,-0.015661655355897454,0.03887179161333495,0.0,0.0,0.0,0.01072991286651813
11,475000000,map,4.072821904521856,1.6110021614563068,0.0,0.0,0.0,-0.34123427994955563,0.9399782796359224,0.046631520895541005,-0.0630598815466556,0.0,0.0,0.0,-0.015565129076579412,-0.0630598815466556,0.18006906137118595,0.0,0.0,0.0,0.03900790883319879,0.0,0.0,1000.0,0.0,0.0,0.0,0.0,0.0,0.0,1000.0,0.0,0.0,0.0,0.0,0.0,0.0,1000.0,0.0,-0.015565129076579412,0.03900790883319879,0.0,0.0,0.0,0.011690894083744094
11,500000000,map,4.086070826901115,1.6059026729037391,0.0,0.0,0.0,-0.34568430838789105,0.9383508719740102,0.04602007297222235,-0.06298772289017261,0.0,0.0,0.0,-0.01552133024570643,-0.06298772289017261,0.1802843248712755,0.0,0.0,0.0,0.03908023809953766,0.0,0.0,1000.0,0.0,0.0,0.0,0.0,0.0,0.0,1000.0,0.0,0.0,0.0,0.0,0.0,0.0,1000.0,0.0,-0.01552133024570643,0.03908023809953766,0.0,0.0,0.0,0.010729192696491642
11,525000000,map,4.0980808869797105,1.5971107097938402,0.0,0.0,0.0,-0.34856485547849714,0.9372846640830386,0.04614724923826675,-0.06279924482263988,0.0,0.0,0.0,-0.015422773147253089,-0.06279924482263988,0.18163315536906352,0.0,0.0,0.0,0.03921486976925701,0.0,0.0,1000.0,0.0,0.0,0.0,0.0,0.0,0.0,1000.0,0.0,0.0,0.0,0.0,0.0,0.0,1000.0,0.0,-0.015422773147253089,0.03921486976925701,0.0,0.0,0.0,0.011690623497317374
11,550000000,map,4.110038491358505,1.5882483031059675,0.0,0.0,0.0,-0.35145272531556804,0.9362056301199325,0.04627448997687782,-0.06260460797331835,0.0,0.0,0.0,-0.015314904787516412,-0.06260460797331835,0.18298091854534296,0.0,0.0,0.0,0.03936041117986342,0.0,0.0,1000.0,0.0,0.0,0.0,0.0,0.0,0.0,1000.0,0.0,0.0,0.0,0.0,0.0,0.0,1000.0,0.0,-0.015314904787516412,0.03936041117986342,0.0,0.0,0.0,0.012652280983535179
11,575000000,map,4.11844849018458,1.5826215928658411,0.0,0.0,0.0,-0.35297850341573894,0.9356314317755604,0.04529034731561592,-0.06256184182845688,0.0,0.0,0.0,-0.015286602986226043,-0.06256184182845688,0.18305218437574092,0.0,0.0,0.0,0.039421141913404976,0.0,0.0,1000.0,0.0,0.0,0.0,0.0,0.0,0.0,1000.0,0.0,0.0,0.0,0.0,0.0,0.0,1000.0,0.0,-0.015286602986226043,0.039421141913404976,0.0,0.0,0.0,0.010735393408083781
11,600000000,map,4.130325921440924,1.5736557069855117,0.0,0.0,0.0,-0.35588191034182387,0.93453093361935,0.045417464584181236,-0.062358307265754476,0.0,0.0,0.0,-0.015186037636801337,-0.062358307265754476,0.18439797683913678,0.0,0.0,0.0,0.03955436444606989,0.0,0.0,1000.0,0.0,0.0,0.0,0.0,0.0,0.0,1000.0,0.0,0.0,0.0,0.0,0.0,0.0,1000.0,0.0,-0.015186037636801337,0.03955436444606989,0.0,0.0,0.0,0.011697492927295442
11,625000000,map,4.142150699287944,1.5646583314885751,0.0,0.0,0.0,-0.35885718609275585,0.9333924790727581,0.045546217879600996,-0.06214954720702749,0.0,0.0,0.0,-0.015076455456876196,-0.06214954720702749,0.1857429681581303,0.0,0.0,0.0,0.03969838254713149,0.0,0.0,1000.0,0.0,0.0,0.0,0.0,0.0,0.0,1000.0,0.0,0.0,0.0,0.0,0.0,0.0,1000.0,0.0,-0.015076455456876196,0.03969838254713149,0.0,0.0,0.0,0.012661205887142427
11,650000000,map,4.13662027917887,1.5586688716115022,0.0,0.0,0.0,-0.3579394436022293,0.9337448017064012,0.04452291599874198,-0.06191583624369741,0.0,0.0,0.0,-0.014999612569742748,-0.06191583624369741,0.18552038576782304,0.0,0.0,0.0,0.039646537755493004,0.0,0.0,1000.0,0.0,0.0,0.0,0.0,0.0,0.0,1000.0,0.0,0.0,0.0,0.0,0.0,0.0,1000.0,0.0,-0.014999612569742748,0.039646537755493004,0.0,0.0,0.0,0.010767719217377557
11,675000000,map,4.148411092938315,1.5497209393739184,0.0,0.0,0.0,-0.36096687052003795,0.9325786392508517,0.044657429471327,-0.06170406140508186,0.0,0.0,0.0,-0.014898946883657723,-0.06170406140508186,0.18686547884414514,0.0,0.0,0.0,0.03977918631887951,0.0,0.0,1000.0,0.0,0.0,0.0,0.0,0.0,0.0,1000.0,0.0,0.0,0.0,0.0,0.0,0.0,1000.0,0.0,-0.014898946883657723,0.03977918631887951,0.0,0.0,0.0,0.011732604524950712
11,700000000,map,4.173481249077202,1.531925181345726,0.0,0.0,0.0,-0.3684499589534114,0.9296475825533187,0.04398514858502737,-0.06126714952741641,0.0,0.0,0.0,-0.014884185698164536,-0.06126714952741641,0.1866717858108965,0.0,0.0,0.0,0.03982627490864866,0.0,0.0,1000.0,0.0,0.0,0.0,0.0,0.0,0.0,1000.0,0.0,0.0,0.0,0.0,0.0,0.0,1000.0,0.0,-0.014884185698164536,0.03982627490864866,0.0,0.0,0.0,0.010761765526186332
11,725000000,map,4.185075788231971,1.5229080626719875,0.0,0.0,0.0,-0.37160721763073634,0.9283900450805914,0.044122616527958264,-0.061043748315778815,0.0,0.0,0.0,-0.014782781432531176,-0.061043748315778815,0.18800570354079674,0.0,0.0,0.0,0.039956664201602154,0.0,0.0,1000.0,0.0,0.0,0.0,0.0,0.0,0.0,1000.0,0.0,0.0,0.0,0.0,0.0,0.0,1000.0,0.0,-0.014782781432531176,0.039956664201602154,0.0,0.0,0.0,0.011729735207566011
11,750000000,map,4.196613072949674,1.5139240577478144,0.0,0.0,0.0,-0.3747906923128748,0.9271094525219965,0.044264274199413665,-0.06081672760926934,0.0,0.0,0.0,-0.014673050355171012,-0.06081672760926934,0.18933865203006534,0.0,0.0,0.0,0.040097581163755426,0.0,0.0,1000.0,0.0,0.0,0.0,0.0,0.0,0.0,1000.0,0.0,0.0,0.0,0.0,0.0,0.0,1000.0,0.0,-0.014673050355171012,0.040097581163755426,0.0,0.0,0.0,0.01269836301506723
11,775000000,map,4.2113386403855015,1.5004418650545266,0.0,0.0,0.0,-0.3765958636877246,0.9263776527169126,0.04312977120379217,-0.06052487066732071,0.0,0.0,0.0,-0.014591859625925931,-0.06052487066732071,0.18967630398808039,0.0,0.0,0.0,0.040166291591580604,0.0,0.0,1000.0,0.0,0.0,0.0,0.0,0.0,0.0,1000.0,0.0,0.0,0.0,0.0,0.0,0.0,1000.0,0.0,-0.014591859625925931,0.040166291591580604,0.0,0.0,0.0,0.010770066165430699
11,800000000,map,4.222783164675374,1.4913907453584259,0.0,0.0,0.0,-0.3798479359482278,0.9250489422489336,0.04327411895548927,-0.06028893781816022,0.0,0.0,0.0,-0.014489987494504135,-0.06028893781816022,0.19100618130574204,0.0,0.0,0.0,0.040295101962193665,0.0,0.0,1000.0,0.0,0.0,0.0,0.0,0.0,0.0,1000.0,0.0,0.0,0.0,0.0,0.0,0.0,1000.0,0.0,-0.014489987494504135,0.040295101962193665,0.0,0.0,0.0,0.011740326988619381
11,825000000,map,4.234171166118404,1.4823267694183595,0.0,0.0,0.0,-0.3832568718880262,0.9236417975333322,0.04342118524651649,-0.06004818877553084,0.0,0.0,0.0,-0.01437916038980572,-0.06004818877553084,0.1923346368338789,0.0,0.0,0.0,0.04043434540641481,0.0,0.0,1000.0,0.0,0.0,0.0,0.0,0.0,0.0,1000.0,0.0,0.0,0.0,0.0,0.0,0.0,1000.0,0.0,-0.01437916038980572,0.04043434540641481,0.0,0.0,0.0,0.01271408582783936
11,850000000,map,4.244876032307068,1.4794888116788907,0.0,0.0,0.0,-0.38589309390749243,0.9225435057895661,0.04237659347730907,-0.05997818362346938,0.0,0.0,0.0,-0.014331835572672232,-0.05997818362346938,0.1926512982274825,0.0,0.0,0.0,0.04049852481746565,0.0,0.0,1000.0,0.0,0.0,0.0,0.0,0.0,0.0,1000.0,0.0,0.0,0.0,0.0,0.0,0.0,1000.0,0.0,-0.014331835572672232,0.04049852481746565,0.0,0.0,0.0,0.01076609552253334
11,875000000,map,4.25615463827218,1.4703876887499052,0.0,0.0,0.0,-0.38958354304975573,0.9209911307850902,0.04252745954170938,-0.05972912611548446,0.0,0.0,0.0,-0.014229392130394649,-0.05972912611548446,0.19397526162042253,0.0,0.0,0.0,0.040625478296522494,0.0,0.0,1000.0,0.0,0.0,0.0,0.0,0.0,0.0,1000.0,0.0,0.0,0.0,0.0,0.0,0.0,1000.0,0.0,-0.014229392130394649,0.040625478296522494,0.0,0.0,0.0,0.011746168750113332
11,900000000,map,4.263663572991919,1.4617993898043624,0.0,0.0,0.0,-0.39550447733329164,0.918464048512145,0.04189882186755371,-0.05965843873668425,0.0,0.0,0.0,-0.014161355480249807,-0.05965843873668425,0.1943100634641825,0.0,0.0,0.0,0.04066110407096905,0.0,0.0,1000.0,0.0,0.0,0.0,0.0,0.0,0.0,1000.0,0.0,0.0,0.0,0.0,0.0,0.0,1000.0,0.0,-0.014161355480249807,0.04066110407096905,0.0,0.0,0.0,0.010748909857782539
11,925000000,map,4.274785078226491,1.4526993971851727,0.0,0.0,0.0,-0.3994469635580159,0.9167563052983498,0.042056907961121465,-0.05940030418207792,0.0,0.0,0.0,-0.014059054505188127,-0.05940030418207792,0.1956250331919393,0.0,0.0,0.0,0.04078613063717208,0.0,0.0,1000.0,0.0,0.0,0.0,0.0,0.0,0.0,1000.0,0.0,0.0,0.0,0.0,0.0,0.0,1000.0,0.0,-0.014059054505188127,0.04078613063717208,0.0,0.0,0.0,0.011734839161079676
11,950000000,map,4.285832173692039,1.4435286301591186,0.0,0.0,0.0,-0.4033989316160028,0.9150242084071151,0.04221598245223908,-0.059135542837768666,0.0,0.0,0.0,-0.013946914475861482,-0.059135542837768666,0.19693624278047203,0.0,0.0,0.0,0.04092121438817801,0.0,0.0,1000.0,0.0,0.0,0.0,0.0,0.0,0.0,1000.0,0.0,0.0,0.0,0.0,0.0,0.0,1000.0,0.0,-0.013946914475861482,0.04092121438817801,0.0,0.0,0.0,0.012721136878450478
11,975000000,map,4.302722962902618,1.432589893920881,0.0,0.0,0.0,-0.4060618869972419,0.9138455799139367,0.0411925132450852,-0.059017579283357643,0.0,0.0,0.0,-0.013921509449867532,-0.059017579283357643,0.1970956709431226,0.0,0.0,0.0,0.04101317059126925,0.0,0.0,1000.0,0.0,0.0,0.0,0.0,0.0,0.0,1000.0,0.0,0.0,0.0,0.0,0.0,0.0,1000.0,0.0,-0.013921509449867532,0.04101317059126925,0.0,0.0,0.0,0.01078052654623518
12,0,map,4.313675594748834,1.4234954922912737,0.0,0.0,0.0,-0.41039618254918553,0.9119073271714926,0.041360009772712016,-0.058747668378874504,0.0,0.0,0.0,-0.01381894273373509,-0.058747668378874504,0.19840440596970185,0.0,0.0,0.0,0.04113669443893139,0.0,0.0,1000.0,0.0,0.0,0.0,0.0,0.0,0.0,1000.0,0.0,0.0,0.0,0.0,0.0,0.0,1000.0,0.0,-0.01381894273373509,0.04113669443893139,0.0,0.0,0.0,0.011775485450976134
12,25000000,map,4.324659767406204,1.4141749591482746,0.0,0.0,0.0,-0.4147405588812463,0.9099397061447926,0.04152505643229623,-0.058467340934354996,0.0,0.0,0.0,-0.013704550177386504,-0.058467340934354996,0.19971872292632398,0.0,0.0,0.0,0.04127150513810202,0.0,0.0,1000.0,0.0,0.0,0.0,0.0,0.0,0.0,1000.0,0.0,0.0,0.0,0.0,0.0,0.0,1000.0,0.0,-0.013704550177386504,0.04127150513810202,0.0,0.0,0.0,0.012770869267907914
12,50000000,map,4.330550929563529,1.411345627893389,0.0,0.0,0.0,-0.41712926676214906,0.9088471680158726,0.04050198246051423,-0.05840207324522359,0.0,0.0,0.0,-0.013662154633727226,-0.05840207324522359,0.1996869974348776,0.0,0.0,0.0,0.04126461656952605,0.0,0.0,1000.0,0.0,0.0,0.0,0.0,0.0,0.0,1000.0,0.0,0.0,0.0,0.0,0.0,0.0,1000.0,0.0,-0.013662154633727226,0.04126461656952605,0.0,0.0,0.0,0.010754021402211733
12,75000000,map,4.341306186569721,1.4012550292524864,0.0,0.0,0.0,-0.42048298073706664,0.9073004259397609,0.04064368994291591,-0.05809325507939336,0.0,0.0,0.0,-0.0135487266832692,-0.05809325507939336,0.2009800541018542,0.0,0.0,0.0,0.04138551591378463,0.0,0.0,1000.0,0.0,0.0,0.0,0.0,0.0,0.0,1000.0,0.0,0.0,0.0,0.0,0.0,0.0,1000.0,0.0,-0.0135487266832692,0.04138551591378463,0.0,0.0,0.0,0.011727885666857903
12,100000000,map,4.3527142124056235,1.3878321433618357,0.0,0.0,0.0,-0.4255138309657542,0.9049519211852349,0.0399840871809755,-0.05797300451001424,0.0,0.0,0.0,-0.013483105295651384,-0.05797300451001424,0.20119476761112365,0.0,0.0,0.0,0.04143109189201835,0.0,0.0,1000.0,0.0,0.0,0.0,0.0,0.0,0.0,1000.0,0.0,0.0,0.0,0.0,0.0,0.0,1000.0,0.0,-0.013483105295651384,0.04143109189201835,0.0,0.0,0.0,0.010711370553664827
12,125000000,map,4.362976244697404,1.3770177170387499,0.0,0.0,0.0,-0.4276464064405175,0.9039460996422916,0.04010168921247076,-0.057633888922917736,0.0,0.0,0.0,-0.013362146485864906,-0.057633888922917736,0.2024432302730532,0.0,0.0,0.0,0.041545872202588735,0.0,0.0,1000.0,0.0,0.0,0.0,0.0,0.0,0.0,1000.0,0.0,0.0,0.0,0.0,0.0,0.0,1000.0,0.0,-0.013362146485864906,0.041545872202588735,0.0,0.0,0.0,0.011658527982379862
12,150000000,map,4.373184834263638,1.3659969812919506,0.0,0.0,0.0,-0.4295592295948071,0.9030386859209941,0.04021539946476405,-0.057285074657050364,0.0,0.0,0.0,-0.013228468273971884,-0.057285074657050364,0.203688904309994,0.0,0.0,0.0,0.041669699325433976,0.0,0.0,1000.0,0.0,0.0,0.0,0.0,0.0,0.0,1000.0,0.0,0.0,0.0,0.0,0.0,0.0,1000.0,0.0,-0.013228468273971884,0.041669699325433976,0.0,0.0,0.0,0.012600870838945906
12,175000000,map,4.386704712206268,1.352434809296869,0.0,0.0,0.0,-0.43060201421384126,0.9025419133508332,0.03911194517241248,-0.05697751815570794,0.0,0.0,0.0,-0.013167176451745996,-0.05697751815570794,0.2038154167434523,0.0,0.0,0.0,0.041739908837580275,0.0,0.0,1000.0,0.0,0.0,0.0,0.0,0.0,0.0,1000.0,0.0,0.0,0.0,0.0,0.0,0.0,1000.0,0.0,-0.013167176451745996,0.041739908837580275,0.0,0.0,0.0,0.010703516448809828
12,200000000,map,4.396824104824294,1.3412674882961577,0.0,0.0,0.0,-0.432378117917484,0.9016923883155132,0.039225356660663166,-0.05661866857963164,0.0,0.0,0.0,-0.013042401689217146,-0.05661866857963164,0.20505669392983106,0.0,0.0,0.0,0.04185297488186878,0.0,0.0,1000.0,0.0,0.0,0.0,0.0,0.0,0.0,1000.0,0.0,0.0,0.0,0.0,0.0,0.0,1000.0,0.0,-0.013042401689217146,0.04185297488186878,0.0,0.0,0.0,0.011642892778775078
12,225000000,map,4.410562684645559,1.324967202138341,0.0,0.0,0.0,-0.43513668884374423,0.900364405128336,0.038425305218786426,-0.05624037122594155,0.0,0.0,0.0,-0.012924880077501599,-0.05624037122594155,0.2056169885750034,0.0,0.0,0.0,0.04196329270303045,0.0,0.0,1000.0,0.0,0.0,0.0,0.0,0.0,0.0,1000.0,0.0,0.0,0.0,0.0,0.0,0.0,1000.0,0.0,-0.012924880077501599,0.04196329270303045,0.0,0.0,0.0,0.010699607145214205
12,250000000,map,4.420550535626196,1.313614727692448,0.0,0.0,0.0,-0.43676802913072316,0.8995741707770759,0.03853881007690235,-0.055868484776344575,0.0,0.0,0.0,-0.012798098665349941,-0.055868484776344575,0.2068507679309737,0.0,0.0,0.0,0.042074834363636765,0.0,0.0,1000.0,0.0,0.0,0.0,0.0,0.0,0.0,1000.0,0.0,0.0,0.0,0.0,0.0,0.0,1000.0,0.0,-0.012798098665349941,0.042074834363636765,0.0,0.0,0.0,0.011635860378788644
12,275000000,map,4.43048879348708,1.3021839233899708,0.0,0.0,0.0,-0.4383296755415451,0.8988142719937439,0.038652975627494604,-0.05549069514771689,0.0,0.0,0.0,-0.012659749039795151,-0.05549069514771689,0.20808230631486735,0.0,0.0,0.0,0.0421951193599797,0.0,0.0,1000.0,0.0,0.0,0.0,0.0,0.0,0.0,1000.0,0.0,0.0,0.0,0.0,0.0,0.0,1000.0,0.0,-0.012659749039795151,0.0421951193599797,0.0,0.0,0.0,0.012570594721629457
12,300000000,map,4.4384819162307,1.2903586195000474,0.0,0.0,0.0,-0.43922109266826953,0.8983790022898417,0.03750599747593212,-0.05504279980460728,0.0,0.0,0.0,-0.012563385720497783,-0.05504279980460728,0.20827997794430747,0.0,0.0,0.0,0.04223746551882249,0.0,0.0,1000.0,0.0,0.0,0.0,0.0,0.0,0.0,1000.0,0.0,0.0,0.0,0.0,0.0,0.0,1000.0,0.0,-0.012563385720497783,0.04223746551882249,0.0,0.0,0.0,0.01069318805140505
12,325000000,map,4.448349832816651,1.2788442463132468,0.0,0.0,0.0,-0.44072928275917117,0.897640072255348,0.03762317074359408,-0.05465702826173818,0.0,0.0,0.0,-0.01243488551310138,-0.05465702826173818,0.20950828672596938,0.0,0.0,0.0,0.04234759129877538,0.0,0.0,1000.0,0.0,0.0,0.0,0.0,0.0,0.0,1000.0,0.0,0.0,0.0,0.0,0.0,0.0,1000.0,0.0,-0.01243488551310138,0.04234759129877538,0.0,0.0,0.0,0.011626777666521503
12,350000000,map,4.458178583459728,1.2672957068217208,0.0,0.0,0.0,-0.4422340415685277,0.896899689194932,0.03774271787816611,-0.054266738809867536,0.0,0.0,0.0,-0.012295222695536881,-0.054266738809867536,0.21073537694326727,0.0,0.0,0.0,0.04246645576721819,0.0,0.0,1000.0,0.0,0.0,0.0,0.0,0.0,0.0,1000.0,0.0,0.0,0.0,0.0,0.0,0.0,1000.0,0.0,-0.012295222695536881,0.04246645576721819,0.0,0.0,0.0,0.01256031848827441
12,375000000,map,4.465892487520969,1.258303543301208,0.0,0.0,0.0,-0.44271249315919314,0.8966636205404853,0.036590959703747906,-0.0537865402756108,0.0,0.0,0.0,-0.01219544966447763,-0.0537865402756108,0.2104695498862393,0.0,0.0,0.0,0.04244150886474275,0.0,0.0,1000.0,0.0,0.0,0.0,0.0,0.0,0.0,1000.0,0.0,0.0,0.0,0.0,0.0,0.0,1000.0,0.0,-0.01219544966447763,0.04244150886474275,0.0,0.0,0.0,0.010672415024393419
12,400000000,map,4.4756540806266365,1.2466447621137473,0.0,0.0,0.0,-0.4441036619836871,0.8959754111652166,0.036712552439886637,-0.05338848003097635,0.0,0.0,0.0,-0.012065594906656749,-0.05338848003097635,0.21169215481589854,0.0,0.0,0.0,0.04255023286327236,0.0,0.0,1000.0,0.0,0.0,0.0,0.0,0.0,0.0,1000.0,0.0,0.0,0.0,0.0,0.0,0.0,1000.0,0.0,-0.012065594906656749,0.04255023286327236,0.0,0.0,0.0,0.011603456824122503
12,425000000,map,4.486438974878734,1.2328765891847062,0.0,0.0,0.0,-0.4458609590878556,0.8951022316815312,0.03596688265203876,-0.052995667155649816,0.0,0.0,0.0,-0.011961379054007956,-0.052995667155649816,0.21199377578328935,0.0,0.0,0.0,0.0426369385388802,0.0,0.0,1000.0,0.0,0.0,0.0,0.0,0.0,0.0,1000.0,0.0,0.0,0.0,0.0,0.0,0.0,1000.0,0.0,-0.011961379054007956,0.0426369385388802,0.0,0.0,0.0,0.010671382853462006
12,450000000,map,4.496108412811307,1.221109004200755,0.0,0.0,0.0,-0.4471819677862854,0.8944430041577751,0.036091104836662655,-0.052587993645533584,0.0,0.0,0.0,-0.011830333503965835,-0.052587993645533584,0.2132118316869107,0.0,0.0,0.0,0.0427446188160314,0.0,0.0,1000.0,0.0,0.0,0.0,0.0,0.0,0.0,1000.0,0.0,0.0,0.0,0.0,0.0,0.0,1000.0,0.0,-0.011830333503965835,0.0427446188160314,0.0,0.0,0.0,0.011600910097189176
12,475000000,map,4.505734903144482,1.2092773297525277,0.0,0.0,0.0,-0.44844380104341774,0.8938110299754258,0.03621668885975367,-0.05217499391851394,0.0,0.0,0.0,-0.011687584084875672,-0.05217499391851394,0.2144280993837744,0.0,0.0,0.0,0.04286076263903388,0.0,0.0,1000.0,0.0,0.0,0.0,0.0,0.0,0.0,1000.0,0.0,0.0,0.0,0.0,0.0,0.0,1000.0,0.0,-0.011687584084875672,0.04286076263903388,0.0,0.0,0.0,0.012529135014312211
12,500000000,map,4.5108526904649136,1.2010611437911378,0.0,0.0,0.0,-0.4489165395617442,0.8935736905862375,0.0351523724647151,-0.05175587670432201,0.0,0.0,0.0,-0.01161429432483537,-0.05175587670432201,0.21434071510860855,0.0,0.0,0.0,0.04286935379234241,0.0,0.0,1000.0,0.0,0.0,0.0,0.0,0.0,0.0,1000.0,0.0,0.0,0.0,0.0,0.0,0.0,1000.0,0.0,-0.01161429432483537,0.04286935379234241,0.0,0.0,0.0,0.010665967402535156
12,525000000,map,4.520424816973237,1.1891596712314623,0.0,0.0,0.0,-0.45012257567422415,0.8929667781437349,0.035281037441154274,-0.05133633880403538,0.0,0.0,0.0,-0.011481837257803837,-0.05133633880403538,0.21555432261826943,0.0,0.0,0.0,0.042975886475267976,0.0,0.0,1000.0,0.0,0.0,0.0,0.0,0.0,0.0,1000.0,0.0,0.0,0.0,0.0,0.0,0.0,1000.0,0.0,-0.011481837257803837,0.042975886475267976,0.0,0.0,0.0,0.011592970114209159
12,550000000,map,4.532077765566384,1.171695473192463,0.0,0.0,0.0,-0.45209569164890384,0.8919694420732692,0.0345529125573333,-0.05090755209761324,0.0,0.0,0.0,-0.011374478585299698,-0.05090755209761324,0.21572891728899116,0.0,0.0,0.0,0.04303454559577283,0.0,0.0,1000.0,0.0,0.0,0.0,0.0,0.0,0.0,1000.0,0.0,0.0,0.0,0.0,0.0,0.0,1000.0,0.0,-0.011374478585299698,0.04303454559577283,0.0,0.0,0.0,0.010660069605280422
12,575000000,map,4.541559519230908,1.1597075417659917,0.0,0.0,0.0,-0.4532674290406664,0.8913745777005672,0.03468534434178225,-0.050479375164895104,0.0,0.0,0.0,-0.011241134300526688,-0.050479375164895104,0.21693752890737053,0.0,0.0,0.0,0.0431400131377374,0.0,0.0,1000.0,0.0,0.0,0.0,0.0,0.0,0.0,1000.0,0.0,0.0,0.0,0.0,0.0,0.0,1000.0,0.0,-0.011241134300526688,0.0431400131377374,0.0,0.0,0.0,0.011586351404196484
12,600000000,map,4.551009003044305,1.1476920598899762,0.0,0.0,0.0,-0.4544337267117433,0.8907805498700994,0.03482055572588852,-0.05004708655642057,0.0,0.0,0.0,-0.011096354472307604,-0.05004708655642057,0.21814532142785184,0.0,0.0,0.0,0.04325387412620042,0.0,0.0,1000.0,0.0,0.0,0.0,0.0,0.0,0.0,1000.0,0.0,0.0,0.0,0.0,0.0,0.0,1000.0,0.0,-0.011096354472307604,0.04325387412620042,0.0,0.0,0.0,0.012512528642901087
12,625000000,map,4.5622119707122435,1.1363095246360235,0.0,0.0,0.0,-0.4552824023596121,0.8903470863105356,0.0337524322771709,-0.04961421053330172,0.0,0.0,0.0,-0.011026904920086306,-0.04961421053330172,0.21835530075720197,0.0,0.0,0.0,0.043339262226006,0.0,0.0,1000.0,0.0,0.0,0.0,0.0,0.0,0.0,1000.0,0.0,0.0,0.0,0.0,0.0,0.0,1000.0,0.0,-0.011026904920086306,0.043339262226006,0.0,0.0,0.0,0.010674507957044542
12,650000000,map,4.5715983332825445,1.1242190379445498,0.0,0.0,0.0,-0.45639317352451425,0.8897782145907049,0.03389073480811422,-0.04917419950042544,0.0,0.0,0.0,-0.010892253319098889,-0.04917419950042544,0.21956098980353603,0.0,0.0,0.0,0.043443798030046936,0.0,0.0,1000.0,0.0,0.0,0.0,0.0,0.0,0.0,1000.0,0.0,0.0,0.0,0.0,0.0,0.0,1000.0,0.0,-0.010892253319098889,0.043443798030046936,0.0,0.0,0.0,0.011599467346592628
12,675000000,map,4.580947013147895,1.1120758787945335,0.0,0.0,0.0,-0.4574550970976932,0.8892327221483362,0.03403097649642958,-0.048729319169120835,0.0,0.0,0.0,-0.010745789750058571,-0.048729319169120835,0.22076523586802568,0.0,0.0,0.0,0.04355655625070262,0.0,0.0,1000.0,0.0,0.0,0.0,0.0,0.0,0.0,1000.0,0.0,0.0,0.0,0.0,0.0,0.0,1000.0,0.0,-0.010745789750058571,0.04355655625070262,0.0,0.0,0.0,0.012523344062021944
12,700000000,map,4.58756630328244,1.1005676817088277,0.0,0.0,0.0,-0.4577589386215822,0.8890763488655192,0.032970592938257666,-0.04833824462429391,0.0,0.0,0.0,-0.01067461278788296,-0.04833824462429391,0.22078296929337018,0.0,0.0,0.0,0.043582727599726125,0.0,0.0,1000.0,0.0,0.0,0.0,0.0,0.0,0.0,1000.0,0.0,0.0,0.0,0.0,0.0,0.0,1000.0,0.0,-0.01067461278788296,0.043582727599726125,0.0,0.0,0.0,0.010664356153324417
12,725000000,map,4.596869621129984,1.0883667887905657,0.0,0.0,0.0,-0.4587712221486828,0.8885544247417847,0.03311445396914379,-0.047887219064307505,0.0,0.0,0.0,-0.010538868761042645,-0.047887219064307505,0.22198554246089303,0.0,0.0,0.0,0.043686233944389696,0.0,0.0,1000.0,0.0,0.0,0.0,0.0,0.0,0.0,1000.0,0.0,0.0,0.0,0.0,0.0,0.0,1000.0,0.0,-0.010538868761042645,0.043686233944389696,0.0,0.0,0.0,0.011587134413753045
12,750000000,map,4.6050951692533335,1.074599334996958,0.0,0.0,0.0,-0.46041493800528,0.8877038272203146,0.032415499157381976,-0.047459770953819126,0.0,0.0,0.0,-0.01043223909897823,-0.047459770953819126,0.22219808386023449,0.0,0.0,0.0,0.043739283901387024,0.0,0.0,1000.0,0.0,0.0,0.0,0.0,0.0,0.0,1000.0,0.0,0.0,0.0,0.0,0.0,0.0,1000.0,0.0,-0.01043223909897823,0.043739283901387024,0.0,0.0,0.0,0.01065387206968163
12,775000000,map,4.6143161376261554,1.0623087188651972,0.0,0.0,0.0,-0.4613691379393826,0.8872082723673573,0.03256313765717424,-0.04700037850963733,0.0,0.0,0.0,-0.010295633520106,-0.04700037850963733,0.22339601585432597,0.0,0.0,0.0,0.04384177149914681,0.0,0.0,1000.0,0.0,0.0,0.0,0.0,0.0,0.0,1000.0,0.0,0.0,0.0,0.0,0.0,0.0,1000.0,0.0,-0.010295633520106,0.04384177149914681,0.0,0.0,0.0,0.0115753762296318
12,800000000,map,4.623507898058651,1.0499910596319164,0.0,0.0,0.0,-0.46230907148860917,0.8867188519589172,0.03271367628744482,-0.04653701743822156,0.0,0.0,0.0,-0.010147378500798542,-0.04653701743822156,0.22459324097990394,0.0,0.0,0.0,0.04395240328352895,0.0,0.0,1000.0,0.0,0.0,0.0,0.0,0.0,0.0,1000.0,0.0,0.0,0.0,0.0,0.0,0.0,1000.0,0.0,-0.010147378500798542,0.04395240328352895,0.0,0.0,0.0,0.01249657063944434
12,825000000,map,4.632020273262834,1.0422327780224572,0.0,0.0,0.0,-0.4628497655836291,0.8864367402692532,0.031698134286892436,-0.046096075276255935,0.0,0.0,0.0,-0.010083054693891437,-0.046096075276255935,0.22444817945697143,0.0,0.0,0.0,0.04396591116794859,0.0,0.0,1000.0,0.0,0.0,0.0,0.0,0.0,0.0,1000.0,0.0,0.0,0.0,0.0,0.0,0.0,1000.0,0.0,-0.010083054693891437,0.04396591116794859,0.0,0.0,0.0,0.010653359710400665
12,850000000,map,4.641164072879526,1.0298607159301885,0.0,0.0,0.0,-0.46374908997884784,0.8859665803763652,0.0318524468926615,-0.04562685361108868,0.0,0.0,0.0,-0.00994555768547591,-0.04562685361108868,0.2256431844737733,0.0,0.0,0.0,0.04406753085620022,0.0,0.0,1000.0,0.0,0.0,0.0,0.0,0.0,0.0,1000.0,0.0,0.0,0.0,0.0,0.0,0.0,1000.0,0.0,-0.00994555768547591,0.04406753085620022,0.0,0.0,0.0,0.011573655865515325
12,875000000,map,4.650277578655008,1.0174518043977159,0.0,0.0,0.0,-0.4646176439631448,0.8855114030424094,0.032009376198858325,-0.045153383026579355,0.0,0.0,0.0,-0.009796235522001196,-0.045153383026579355,0.22683731800473292,0.0,0.0,0.0,0.04417719788023155,0.0,0.0,1000.0,0.0,0.0,0.0,0.0,0.0,0.0,1000.0,0.0,0.0,0.0,0.0,0.0,0.0,1000.0,0.0,-0.009796235522001196,0.04417719788023155,0.0,0.0,0.0,0.012493267826213194
12,900000000,map,4.657620535126079,1.0102054175799584,0.0,0.0,0.0,-0.4651312581736325,0.885241725558513,0.03101446513668433,-0.04481057975598689,0.0,0.0,0.0,-0.009747161984815688,-0.04481057975598689,0.22664301165760967,0.0,0.0,0.0,0.04418223344172908,0.0,0.0,1000.0,0.0,0.0,0.0,0.0,0.0,0.0,1000.0,0.0,0.0,0.0,0.0,0.0,0.0,1000.0,0.0,-0.009747161984815688,0.04418223344172908,0.0,0.0,0.0,0.010644481653647323
12,925000000,map,4.666691155380874,0.9977543232805134,0.0,0.0,0.0,-0.4659756649081098,0.8847975360010023,0.031175255323875026,-0.04433194503944258,0.0,0.0,0.0,-0.009608904750323766,-0.04433194503944258,0.2278352117784117,0.0,0.0,0.0,0.04428295381548853,0.0,0.0,1000.0,0.0,0.0,0.0,0.0,0.0,0.0,1000.0,0.0,0.0,0.0,0.0,0.0,0.0,1000.0,0.0,-0.009608904750323766,0.04428295381548853,0.0,0.0,0.0,0.011563563866991589
12,950000000,map,4.685111222783789,0.9848881602002627,0.0,0.0,0.0,-0.4674704115584173,0.884008718462326,0.030541871815829964,-0.044024028410753015,0.0,0.0,0.0,-0.00953660145707368,-0.044024028410753015,0.2284297582260464,0.0,0.0,0.0,0.04443599309119497,0.0,0.0,1000.0,0.0,0.0,0.0,0.0,0.0,0.0,1000.0,0.0,0.0,0.0,0.0,0.0,0.0,1000.0,0.0,-0.00953660145707368,0.04443599309119497,0.0,0.0,0.0,0.010660223628975863
12,975000000,map,4.6941094455619625,0.9723674042559272,0.0,0.0,0.0,-0.46827747791179974,0.8835814640883793,0.030706434189488097,-0.04353692531137142,0.0,0.0,0.0,-0.009397378721163897,-0.04353692531137142,0.22961987652016602,0.0,0.0,0.0,0.044536047528728334,0.0,0.0,1000.0,0.0,0.0,0.0,0.0,0.0,0.0,1000.0,0.0,0.0,0.0,0.0,0.0,0.0,1000.0,0.0,-0.009397378721163897,0.044536047528728334,0.0,0.0,0.0,0.011578487280930146
13,0,map,4.70308215163354,0.9598215239727388,0.0,0.0,0.0,-0.4690691268238411,0.8831614542430615,0.030874084800834863,-0.043046006385141035,0.0,0.0,0.0,-0.009246358327638302,-0.043046006385141035,0.230809506420027,0.0,0.0,0.0,0.04464405602006831,0.0,0.0,1000.0,0.0,0.0,0.0,0.0,0.0,0.0,1000.0,0.0,0.0,0.0,0.0,0.0,0.0,1000.0,0.0,-0.009246358327638302,0.04464405602006831,0.0,0.0,0.0,0.012496410632445417
13,25000000,map,4.711893939957495,0.9474955030720431,0.0,0.0,0.0,-0.4692993475284743,0.8830391397946913,0.029870128107087713,-0.04260032948787344,0.0,0.0,0.0,-0.009170387016729866,-0.04260032948787344,0.23106716792344237,0.0,0.0,0.0,0.04466904334211554,0.0,0.0,1000.0,0.0,0.0,0.0,0.0,0.0,0.0,1000.0,0.0,0.0,0.0,0.0,0.0,0.0,1000.0,0.0,-0.009170387016729866,0.04466904334211554,0.0,0.0,0.0,0.010647249104472647
13,50000000,map,4.720834816869238,0.9349196459214792,0.0,0.0,0.0,-0.4700750263562158,0.8826264609653413,0.030042715100578897,-0.0421043446625298,0.0,0.0,0.0,-0.009030719102630171,-0.0421043446625298,0.23225615977210665,0.0,0.0,0.0,0.04476834103717797,0.0,0.0,1000.0,0.0,0.0,0.0,0.0,0.0,0.0,1000.0,0.0,0.0,0.0,0.0,0.0,0.0,1000.0,0.0,-0.009030719102630171,0.04476834103717797,0.0,0.0,0.0,0.011564821600136761
13,75000000,map,4.729748500951839,0.9223121526498865,0.0,0.0,0.0,-0.4708235709779472,0.882227388495491,0.030218201527333028,-0.04160435573374583,0.0,0.0,0.0,-0.008879135373379555,-0.04160435573374583,0.23344445364982785,0.0,0.0,0.0,0.04487551297417571,0.0,0.0,1000.0,0.0,0.0,0.0,0.0,0.0,0.0,1000.0,0.0,0.0,0.0,0.0,0.0,0.0,1000.0,0.0,-0.008879135373379555,0.04487551297417571,0.0,0.0,0.0,0.012481787188014164
13,100000000,map,4.731970335354147,0.9115930924997139,0.0,0.0,0.0,-0.47117786997844646,0.8820382162030023,0.029207293497055066,-0.041163715024704596,0.0,0.0,0.0,-0.0088101583811012,-0.041163715024704596,0.23333302898444933,0.0,0.0,0.0,0.04487875968371634,0.0,0.0,1000.0,0.0,0.0,0.0,0.0,0.0,0.0,1000.0,0.0,0.0,0.0,0.0,0.0,0.0,1000.0,0.0,-0.0088101583811012,0.04487875968371634,0.0,0.0,0.0,0.01063409091133504
13,125000000,map,4.74084523376486,0.8989391194355224,0.0,0.0,0.0,-0.4718853112240771,0.8816599418432006,0.029387090288705592,-0.04065842990333578,0.0,0.0,0.0,-0.008669799079957057,-0.04065842990333578,0.2345195811947241,0.0,0.0,0.0,0.04497720106116624,0.0,0.0,1000.0,0.0,0.0,0.0,0.0,0.0,0.0,1000.0,0.0,0.0,0.0,0.0,0.0,0.0,1000.0,0.0,-0.008669799079957057,0.04497720106116624,0.0,0.0,0.0,0.011550135407485652
13,150000000,map,4.752456636150696,0.8867881775786138,0.0,0.0,0.0,-0.47330148958911117,0.8809005051381957,0.028747853953408842,-0.040225215845696535,0.0,0.0,0.0,-0.00857673948931172,-0.040225215845696535,0.23474580311180349,0.0,0.0,0.0,0.04506091751804481,0.0,0.0,1000.0,0.0,0.0,0.0,0.0,0.0,0.0,1000.0,0.0,0.0,0.0,0.0,0.0,0.0,1000.0,0.0,-0.00857673948931172,0.04506091751804481,0.0,0.0,0.0,0.010636935988136312
13,175000000,map,4.7612680768963385,0.8740836238618631,0.0,0.0,0.0,-0.4739947896945198,0.8805276482555491,0.02893272066876231,-0.03971290792177082,0.0,0.0,0.0,-0.00843578490496834,-0.03971290792177082,0.2359296968700909,0.0,0.0,0.0,0.04515867876141148,0.0,0.0,1000.0,0.0,0.0,0.0,0.0,0.0,0.0,1000.0,0.0,0.0,0.0,0.0,0.0,0.0,1000.0,0.0,-0.00843578490496834,0.04515867876141148,0.0,0.0,0.0,0.01155268003238292
13,200000000,map,4.7700591618401145,0.8613639892803517,0.0,0.0,0.0,-0.4746857518701808,0.8801553482036232,0.029121093069173935,-0.03919719882551831,0.0,0.0,0.0,-0.008283015367132338,-0.03919719882551831,0.23711349407212437,0.0,0.0,0.0,0.045264264340567184,0.0,0.0,1000.0,0.0,0.0,0.0,0.0,0.0,0.0,1000.0,0.0,0.0,0.0,0.0,0.0,0.0,1000.0,0.0,-0.008283015367132338,0.045264264340567184,0.0,0.0,0.0,0.012468377625682318
13,225000000,map,4.774305707014141,0.8510073515231562,0.0,0.0,0.0,-0.47457770256549864,0.8802136128393228,0.028145195444900295,-0.03869066601375101,0.0,0.0,0.0,-0.008210039779049532,-0.03869066601375101,0.23685108925398185,0.0,0.0,0.0,0.04523200426345678,0.0,0.0,1000.0,0.0,0.0,0.0,0.0,0.0,0.0,1000.0,0.0,0.0,0.0,0.0,0.0,0.0,1000.0,0.0,-0.008210039779049532,0.04523200426345678,0.0,0.0,0.0,0.010624247002120451
13,250000000,map,4.783073357956626,0.8382550443440442,0.0,0.0,0.0,-0.47523318279291765,0.8798598876937812,0.028338341007830368,-0.03817079653349961,0.0,0.0,0.0,-0.008068722596140256,-0.03817079653349961,0.2380338811799221,0.0,0.0,0.0,0.0453291646999583,0.0,0.0,1000.0,0.0,0.0,0.0,0.0,0.0,0.0,1000.0,0.0,0.0,0.0,0.0,0.0,0.0,1000.0,0.0,-0.008068722596140256,0.0453291646999583,0.0,0.0,0.0,0.011539143657218476
13,275000000,map,4.791818357811095,0.825478325486537,0.0,0.0,0.0,-0.47586930599498223,0.8795160053187514,0.028534714276478364,-0.03764724250098701,0.0,0.0,0.0,-0.00791544828681169,-0.03764724250098701,0.23921631457646908,0.0,0.0,0.0,0.045434072996659566,0.0,0.0,1000.0,0.0,0.0,0.0,0.0,0.0,0.0,1000.0,0.0,0.0,0.0,0.0,0.0,0.0,1000.0,0.0,-0.00791544828681169,0.045434072996659566,0.0,0.0,0.0,0.012453606130573293
13,300000000,map,4.786586544344621,0.8242319213893803,0.0,0.0,0.0,-0.47586412834321623,0.8795188067097548,0.027582073899476332,-0.037209876145800444,0.0,0.0,0.0,-0.007860446047709505,-0.037209876145800444,0.238193043191451,0.0,0.0,0.0,0.04529276095350518,0.0,0.0,1000.0,0.0,0.0,0.0,0.0,0.0,0.0,1000.0,0.0,0.0,0.0,0.0,0.0,0.0,1000.0,0.0,-0.007860446047709505,0.04529276095350518,0.0,0.0,0.0,0.010591154183869134
13,325000000,map,4.7953098399601695,0.8114319295692556,0.0,0.0,0.0,-0.4764820903689553,0.8791841772675568,0.027783125616989552,-0.03668402121838973,0.0,0.0,0.0,-0.007719029412857799,-0.03668402121838973,0.23937272815945976,0.0,0.0,0.0,0.045389137508123595,0.0,0.0,1000.0,0.0,0.0,0.0,0.0,0.0,0.0,1000.0,0.0,0.0,0.0,0.0,0.0,0.0,1000.0,0.0,-0.007719029412857799,0.045389137508123595,0.0,0.0,0.0,0.011505209132451972
13,350000000,map,4.806269932516929,0.7948691809377033,0.0,0.0,0.0,-0.4777856632871556,0.8784764424600428,0.027200321139044983,-0.03631521549982135,0.0,0.0,0.0,-0.0076533587886503706,-0.03631521549982135,0.23934274177447426,0.0,0.0,0.0,0.04548384344694827,0.0,0.0,1000.0,0.0,0.0,0.0,0.0,0.0,0.0,1000.0,0.0,0.0,0.0,0.0,0.0,0.0,1000.0,0.0,-0.0076533587886503706,0.04548384344694827,0.0,0.0,0.0,0.010609869704187574
13,375000000,map,4.814934993139888,0.7820242066070054,0.0,0.0,0.0,-0.4783912186587687,0.8781468225246722,0.02740600898573618,-0.035782771445533074,0.0,0.0,0.0,-0.00751120648602754,-0.035782771445533074,0.240520317636363,0.0,0.0,0.0,0.045579737630012246,0.0,0.0,1000.0,0.0,0.0,0.0,0.0,0.0,0.0,1000.0,0.0,0.0,0.0,0.0,0.0,0.0,1000.0,0.0,-0.00751120648602754,0.045579737630012246,0.0,0.0,0.0,0.011523658781440425
13,400000000,map,4.823582270266367,0.7691670871187806,0.0,0.0,0.0,-0.47899619121907133,0.877816979100782,0.027615354149776318,-0.035247096055094795,0.0,0.0,0.0,-0.007357171132512175,-0.035247096055094795,0.24169796200550034,0.0,0.0,0.0,0.045683336759688414,0.0,0.0,1000.0,0.0,0.0,0.0,0.0,0.0,0.0,1000.0,0.0,0.0,0.0,0.0,0.0,0.0,1000.0,0.0,-0.007357171132512175,0.045683336759688414,0.0,0.0,0.0,0.012437439761112248
13,425000000,map,4.8340149047556435,0.7614270048245106,0.0,0.0,0.0,-0.4793734860029515,0.877610996351674,0.026661314462958507,-0.03473585580622807,0.0,0.0,0.0,-0.00729293542563698,-0.03473585580622807,0.24158213170508225,0.0,0.0,0.0,0.04571781774096063,0.0,0.0,1000.0,0.0,0.0,0.0,0.0,0.0,0.0,1000.0,0.0,0.0,0.0,0.0,0.0,0.0,1000.0,0.0,-0.00729293542563698,0.04571781774096063,0.0,0.0,0.0,0.010619061947093509
13,450000000,map,4.84263009959721,0.7485404297165107,0.0,0.0,0.0,-0.4799611083240407,0.8772897665517126,0.02687559843836061,-0.034195213391288296,0.0,0.0,0.0,-0.007150206827000846,-0.034195213391288296,0.24275907130922753,0.0,0.0,0.0,0.04581323756169722,0.0,0.0,1000.0,0.0,0.0,0.0,0.0,0.0,0.0,1000.0,0.0,0.0,0.0,0.0,0.0,0.0,1000.0,0.0,-0.007150206827000846,0.04581323756169722,0.0,0.0,0.0,0.011532455805288774
13,475000000,map,4.8529583542054295,0.7262540299487555,0.0,0.0,0.0,-0.48159676938705204,0.8763929208499773,0.026277529577404295,-0.03373769142002792,0.0,0.0,0.0,-0.007051317373428199,-0.03373769142002792,0.24294341518210588,0.0,0.0,0.0,0.04584246652184339,0.0,0.0,1000.0,0.0,0.0,0.0,0.0,0.0,0.0,1000.0,0.0,0.0,0.0,0.0,0.0,0.0,1000.0,0.0,-0.007051317373428199,0.04584246652184339,0.0,0.0,0.0,0.010602284017637013
13,500000000,map,4.861505007852171,0.7133145654090419,0.0,0.0,0.0,-0.482167867296345,0.8760788479051953,0.02649728792354073,-0.03319065698489587,0.0,0.0,0.0,-0.00690822240169226,-0.03319065698489587,0.2441160486676455,0.0,0.0,0.0,0.04593698226925038,0.0,0.0,1000.0,0.0,0.0,0.0,0.0,0.0,0.0,1000.0,0.0,0.0,0.0,0.0,0.0,0.0,1000.0,0.0,-0.00690822240169226,0.04593698226925038,0.0,0.0,0.0,0.011515319272167406
13,525000000,map,4.870031450281787,0.7003540179851194,0.0,0.0,0.0,-0.48272213350092913,0.8757735676693554,0.026720488777257155,-0.03264012844151619,0.0,0.0,0.0,-0.006753063302426037,-0.03264012844151619,0.24528844540235797,0.0,0.0,0.0,0.046039057828565315,0.0,0.0,1000.0,0.0,0.0,0.0,0.0,0.0,0.0,1000.0,0.0,0.0,0.0,0.0,0.0,0.0,1000.0,0.0,-0.006753063302426037,0.046039057828565315,0.0,0.0,0.0,0.012427974817375715
13,550000000,map,4.876623721058599,0.690117656708866,0.0,0.0,0.0,-0.48326475438806654,0.8754742584258213,0.025768112625954718,-0.03209166345891719,0.0,0.0,0.0,-0.0066820930053493365,-0.03209166345891719,0.24545642144482804,0.0,0.0,0.0,0.046121371923675214,0.0,0.0,1000.0,0.0,0.0,0.0,0.0,0.0,0.0,1000.0,0.0,0.0,0.0,0.0,0.0,0.0,1000.0,0.0,-0.0066820930053493365,0.046121371923675214,0.0,0.0,0.0,0.01061935132446333
13,575000000,map,4.885115884231368,0.6771303537770549,0.0,0.0,0.0,-0.483809484603752,0.8751733443195422,0.025996650181663136,-0.031535563987941294,0.0,0.0,0.0,-0.006538251164050642,-0.031535563987941294,0.24662865279471913,0.0,0.0,0.0,0.046215427509642026,0.0,0.0,1000.0,0.0,0.0,0.0,0.0,0.0,0.0,1000.0,0.0,0.0,0.0,0.0,0.0,0.0,1000.0,0.0,-0.006538251164050642,0.046215427509642026,0.0,0.0,0.0,0.011531797694532348
13,600000000,map,4.893591697710317,0.6641319307429927,0.0,0.0,0.0,-0.4843530754244383,0.8748726183433154,0.026228958358064325,-0.03097632456716465,0.0,0.0,0.0,-0.00638242593876407,-0.03097632456716465,0.2478010002622647,0.0,0.0,0.0,0.04631703564636624,0.0,0.0,1000.0,0.0,0.0,0.0,0.0,0.0,0.0,1000.0,0.0,0.0,0.0,0.0,0.0,0.0,1000.0,0.0,-0.00638242593876407,0.04631703564636624,0.0,0.0,0.0,0.012444222300852443
13,625000000,map,4.905623852980686,0.6506728106638191,0.0,0.0,0.0,-0.4839051270107564,0.8751204648805236,0.025422070126446893,-0.030417816739344176,0.0,0.0,0.0,-0.006387434716613174,-0.030417816739344176,0.24819196439873206,0.0,0.0,0.0,0.04625418884307395,0.0,0.0,1000.0,0.0,0.0,0.0,0.0,0.0,0.0,1000.0,0.0,0.0,0.0,0.0,0.0,0.0,1000.0,0.0,-0.006387434716613174,0.04625418884307395,0.0,0.0,0.0,0.010728782048726392
13,650000000,map,4.914094633795545,0.6376660073574564,0.0,0.0,0.0,-0.4844377427820015,0.8748257388579049,0.025657957395749092,-0.029856560525495346,0.0,0.0,0.0,-0.006241955321971236,-0.029856560525495346,0.2493644242075399,0.0,0.0,0.0,0.04634893341912882,0.0,0.0,1000.0,0.0,0.0,0.0,0.0,0.0,0.0,1000.0,0.0,0.0,0.0,0.0,0.0,0.0,1000.0,0.0,-0.006241955321971236,0.04634893341912882,0.0,0.0,0.0,0.011640956497373118
13,675000000,map,4.926782315908816,0.6178194568999144,0.0,0.0,0.0,-0.4850665008470848,0.8744772665747035,0.025035674016828588,-0.029204563295569197,0.0,0.0,0.0,-0.0061117233446163505,-0.029204563295569197,0.24997337422210564,0.0,0.0,0.0,0.046445919900274524,0.0,0.0,1000.0,0.0,0.0,0.0,0.0,0.0,0.0,1000.0,0.0,0.0,0.0,0.0,0.0,0.0,1000.0,0.0,-0.0061117233446163505,0.046445919900274524,0.0,0.0,0.0,0.01072426648724822
13,700000000,map,4.935216591046043,0.6047844774556999,0.0,0.0,0.0,-0.48558911744874267,0.8741871704705756,0.025278368580210597,-0.028637063902822606,0.0,0.0,0.0,-0.005965989096371715,-0.028637063902822606,0.25114560484341897,0.0,0.0,0.0,0.04654021715266933,0.0,0.0,1000.0,0.0,0.0,0.0,0.0,0.0,0.0,1000.0,0.0,0.0,0.0,0.0,0.0,0.0,1000.0,0.0,-0.005965989096371715,0.04654021715266933,0.0,0.0,0.0,0.011636221132748549
13,725000000,map,4.943633377503207,0.5917338988317115,0.0,0.0,0.0,-0.48610232519063473,0.8739018992108087,0.025524774193030716,-0.028066270930044906,0.0,0.0,0.0,-0.00580818028887628,-0.028066270930044906,0.2523178176097954,0.0,0.0,0.0,0.04664199371538106,0.0,0.0,1000.0,0.0,0.0,0.0,0.0,0.0,0.0,1000.0,0.0,0.0,0.0,0.0,0.0,0.0,1000.0,0.0,-0.00580818028887628,0.04664199371538106,0.0,0.0,0.0,0.012547964418283557
13,750000000,map,4.956688367053278,0.5751734836787367,0.0,0.0,0.0,-0.48578549845146424,0.8740780568657827,0.024587325911542404,-0.027377067616224226,0.0,0.0,0.0,-0.005721921786293335,-0.027377067616224226,0.25271775366745974,0.0,0.0,0.0,0.04673853217127141,0.0,0.0,1000.0,0.0,0.0,0.0,0.0,0.0,0.0,1000.0,0.0,0.0,0.0,0.0,0.0,0.0,1000.0,0.0,-0.005721921786293335,0.04673853217127141,0.0,0.0,0.0,0.010753868184401539
13,775000000,map,4.965098432721365,0.5621165676676757,0.0,0.0,0.0,-0.48629433647198933,0.8737950665432185,0.024839850110032983,-0.026801436972257685,0.0,0.0,0.0,-0.005575557798243772,-0.026801436972257685,0.2538925962940215,0.0,0.0,0.0,0.04683280640493402,0.0,0.0,1000.0,0.0,0.0,0.0,0.0,0.0,0.0,1000.0,0.0,0.0,0.0,0.0,0.0,0.0,1000.0,0.0,-0.005575557798243772,0.04683280640493402,0.0,0.0,0.0,0.011665512919922343
13,800000000,map,4.973493106318782,0.5490493128303563,0.0,0.0,0.0,-0.4868020701536807,0.8735123035733904,0.025096259340870168,-0.026222697781252302,0.0,0.0,0.0,-0.005417165361612799,-0.026222697781252302,0.25506761461461397,0.0,0.0,0.0,0.046934560967952045,0.0,0.0,1000.0,0.0,0.0,0.0,0.0,0.0,0.0,1000.0,0.0,0.0,0.0,0.0,0.0,0.0,1000.0,0.0,-0.005417165361612799,0.046934560967952045,0.0,0.0,0.0,0.012577136144916052
13,825000000,map,4.9783499183492514,0.5430693341786532,0.0,0.0,0.0,-0.4871309799954343,0.8733289233322619,0.024156473327720314,-0.025654674210580174,0.0,0.0,0.0,-0.0053388566892238155,-0.025654674210580174,0.25521198446032306,0.0,0.0,0.0,0.04695062642809089,0.0,0.0,1000.0,0.0,0.0,0.0,0.0,0.0,0.0,1000.0,0.0,0.0,0.0,0.0,0.0,0.0,1000.0,0.0,-0.0053388566892238155,0.04695062642809089,0.0,0.0,0.0,0.010739860963181764
13,850000000,map,4.986718214414052,0.5299821485345257,0.0,0.0,0.0,-0.48763194472070887,0.8730493035836518,0.024418686020150442,-0.025071514319273888,0.0,0.0,0.0,-0.005192337817867035,-0.025071514319273888,0.2563863788826364,0.0,0.0,0.0,0.047044314508013864,0.0,0.0,1000.0,0.0,0.0,0.0,0.0,0.0,0.0,1000.0,0.0,0.0,0.0,0.0,0.0,0.0,1000.0,0.0,-0.005192337817867035,0.047044314508013864,0.0,0.0,0.0,0.011651335332337592
13,875000000,map,4.988047298264923,0.5145985915281759,0.0,0.0,0.0,-0.48806515095245995,0.8728072000308845,0.023836369806242885,-0.024528002103034262,0.0,0.0,0.0,-0.005069549436180825,-0.024528002103034262,0.25659121191516243,0.0,0.0,0.0,0.04704144927927135,0.0,0.0,1000.0,0.0,0.0,0.0,0.0,0.0,0.0,1000.0,0.0,0.0,0.0,0.0,0.0,0.0,1000.0,0.0,-0.005069549436180825,0.04704144927927135,0.0,0.0,0.0,0.010693942631248171
13,900000000,map,4.996387144305726,0.5014923015188244,0.0,0.0,0.0,-0.4885637592152135,0.872528196210013,0.02410546696832137,-0.02394040824820088,0.0,0.0,0.0,-0.00492341880798438,-0.02394040824820088,0.25776438674420676,0.0,0.0,0.0,0.04713443569572747,0.0,0.0,1000.0,0.0,0.0,0.0,0.0,0.0,0.0,1000.0,0.0,0.0,0.0,0.0,0.0,0.0,1000.0,0.0,-0.00492341880798438,0.04713443569572747,0.0,0.0,0.0,0.011605369850343435
13,925000000,map,5.004711948791106,0.48837632038233925,0.0,0.0,0.0,-0.48906192384735003,0.87224906686263,0.024378483618300383,-0.023349764441171532,0.0,0.0,0.0,-0.004765225907564521,-0.023349764441171532,0.25893772696016,0.0,0.0,0.0,0.047234841830294645,0.0,0.0,1000.0,0.0,0.0,0.0,0.0,0.0,0.0,1000.0,0.0,0.0,0.0,0.0,0.0,0.0,1000.0,0.0,-0.004765225907564521,0.047234841830294645,0.0,0.0,0.0,0.012516790554387282
13,950000000,map,5.011067996864181,0.484449764345929,0.0,0.0,0.0,-0.4896833629943925,0.8719003406390561,0.023500278138998888,-0.022766115507900756,0.0,0.0,0.0,-0.004703209091627723,-0.022766115507900756,0.25843683287700514,0.0,0.0,0.0,0.047188890672522306,0.0,0.0,1000.0,0.0,0.0,0.0,0.0,0.0,0.0,1000.0,0.0,0.0,0.0,0.0,0.0,0.0,1000.0,0.0,-0.004703209091627723,0.047188890672522306,0.0,0.0,0.0,0.010698429593417106
13,975000000,map,5.019359427073032,0.47131336843249005,0.0,0.0,0.0,-0.49018269489711336,0.8716197138795126,0.023778806767135705,-0.022171924763876326,0.0,0.0,0.0,-0.00455668366324632,-0.022171924763876326,0.25960780069673856,0.0,0.0,0.0,0.0472813745905811,0.0,0.0,1000.0,0.0,0.0,0.0,0.0,0.0,0.0,1000.0,0.0,0.0,0.0,0.0,0.0,0.0,1000.0,0.0,-0.00455668366324632,0.0472813745905811,0.0,0.0,0.0,0.01160988531227219
14,0,map,5.027635922893162,0.45816783816530465,0.0,0.0,0.0,-0.4906824688577446,0.8713384616529151,0.024061295516306147,-0.02157471577453091,0.0,0.0,0.0,-0.004398074689151715,-0.02157471577453091,0.26077892256133245,0.0,0.0,0.0,0.047381235644829024,0.0,0.0,1000.0,0.0,0.0,0.0,0.0,0.0,0.0,1000.0,0.0,0.0,0.0,0.0,0.0,0.0,1000.0,0.0,-0.004398074689151715,0.047381235644829024,0.0,0.0,0.0,0.012521354869119854
14,25000000,map,5.041994859805331,0.4489367525709409,0.0,0.0,0.0,-0.491126595263635,0.8710882087508415,0.023179199043991648,-0.021158318294926932,0.0,0.0,0.0,-0.004361815696489144,-0.021158318294926932,0.26067854083711456,0.0,0.0,0.0,0.04744184213105228,0.0,0.0,1000.0,0.0,0.0,0.0,0.0,0.0,0.0,1000.0,0.0,0.0,0.0,0.0,0.0,0.0,1000.0,0.0,-0.004361815696489144,0.04744184213105228,0.0,0.0,0.0,0.01071145493623986
14,50000000,map,5.050243243558113,0.43577441653944116,0.0,0.0,0.0,-0.4916279005855673,0.8708053785811314,0.023466584933212332,-0.020556579189975912,0.0,0.0,0.0,-0.004214829115374813,-0.020556579189975912,0.26184953457853016,0.0,0.0,0.0,0.04753395357119778,0.0,0.0,1000.0,0.0,0.0,0.0,0.0,0.0,0.0,1000.0,0.0,0.0,0.0,0.0,0.0,0.0,1000.0,0.0,-0.004214829115374813,0.04753395357119778,0.0,0.0,0.0,0.011622966668339634
14,75000000,map,5.060601776053351,0.41612675782609304,0.0,0.0,0.0,-0.4922587397522267,0.8704489262085108,0.02291015601666725,-0.02001295956425323,0.0,0.0,0.0,-0.004101281492142197,-0.02001295956425323,0.26239255899336295,0.0,0.0,0.0,0.047644380118552904,0.0,0.0,1000.0,0.0,0.0,0.0,0.0,0.0,0.0,1000.0,0.0,0.0,0.0,0.0,0.0,0.0,1000.0,0.0,-0.004101281492142197,0.047644380118552904,0.0,0.0,0.0,0.010697539999069043
14,100000000,map,5.068817103143536,0.40294637334717054,0.0,0.0,0.0,-0.49276530815615505,0.8701622556039589,0.023204374991006898,-0.01940540024903456,0.0,0.0,0.0,-0.003954275911469227,-0.01940540024903456,0.26356368030608784,0.0,0.0,0.0,0.0477360086238702,0.0,0.0,1000.0,0.0,0.0,0.0,0.0,0.0,0.0,1000.0,0.0,0.0,0.0,0.0,0.0,0.0,1000.0,0.0,-0.003954275911469227,0.0477360086238702,0.0,0.0,0.0,0.011609181160401789
14,125000000,map,5.077018844108466,0.3897613437817573,0.0,0.0,0.0,-0.4932799446040166,0.8698706204094137,0.023502704220742646,-0.01879499827907099,0.0,0.0,0.0,-0.0037951972585946766,-0.01879499827907099,0.26473504933377084,0.0,0.0,0.0,0.047834963419341396,0.0,0.0,1000.0,0.0,0.0,0.0,0.0,0.0,0.0,1000.0,0.0,0.0,0.0,0.0,0.0,0.0,1000.0,0.0,-0.0037951972585946766,0.047834963419341396,0.0,0.0,0.0,0.012521011659467635
14,150000000,map,5.082319188811131,0.37926255103202444,0.0,0.0,0.0,-0.49315213220181214,0.8699430869343158,0.022635536095521675,-0.01816007804736053,0.0,0.0,0.0,-0.003722941764635087,-0.01816007804736053,0.264852604036981,0.0,0.0,0.0,0.04788797055833509,0.0,0.0,1000.0,0.0,0.0,0.0,0.0,0.0,0.0,1000.0,0.0,0.0,0.0,0.0,0.0,0.0,1000.0,0.0,-0.003722941764635087,0.04788797055833509,0.0,0.0,0.0,0.010715996901117604
14,175000000,map,5.090512341304138,0.36607884902980914,0.0,0.0,0.0,-0.49368104491259934,0.8696430451018418,0.02293998956075746,-0.017545793566044805,0.0,0.0,0.0,-0.003575652420124881,-0.017545793566044805,0.2660255751471351,0.0,0.0,0.0,0.047979505095444956,0.0,0.0,1000.0,0.0,0.0,0.0,0.0,0.0,0.0,1000.0,0.0,0.0,0.0,0.0,0.0,0.0,1000.0,0.0,-0.003575652420124881,0.047979505095444956,0.0,0.0,0.0,0.011628158706382629
14,200000000,map,5.102853785412141,0.3508683774709518,0.0,0.0,0.0,-0.4952999617040974,0.8687220199441934,0.022392715130135542,-0.016888401031643553,0.0,0.0,0.0,-0.003443751156995382,-0.016888401031643553,0.2663108792411326,0.0,0.0,0.0,0.04802085692030119,0.0,0.0,1000.0,0.0,0.0,0.0,0.0,0.0,0.0,1000.0,0.0,0.0,0.0,0.0,0.0,0.0,1000.0,0.0,-0.003443751156995382,0.04802085692030119,0.0,0.0,0.0,0.010688915211368149
14,225000000,map,5.1109845273260825,0.3376522241838041,0.0,0.0,0.0,-0.49584140074105193,0.8684130960039419,0.022704567284533086,-0.016268267673189757,0.0,0.0,0.0,-0.0032964551605654006,-0.016268267673189757,0.26747991199586474,0.0,0.0,0.0,0.04811147524969765,0.0,0.0,1000.0,0.0,0.0,0.0,0.0,0.0,0.0,1000.0,0.0,0.0,0.0,0.0,0.0,0.0,1000.0,0.0,-0.0032964551605654006,0.04811147524969765,0.0,0.0,0.0,0.011601382612768317
14,250000000,map,5.119098924466675,0.32442634283351374,0.0,0.0,0.0,-0.49638332589247014,0.8681034464716344,0.023020448520039857,-0.015645132087882145,0.0,0.0,0.0,-0.003136982454419418,-0.015645132087882145,0.2686488726419135,0.0,0.0,0.0,0.04820931560048267,0.0,0.0,1000.0,0.0,0.0,0.0,0.0,0.0,0.0,1000.0,0.0,0.0,0.0,0.0,0.0,0.0,1000.0,0.0,-0.003136982454419418,0.04820931560048267,0.0,0.0,0.0,0.012513865652706483
14,275000000,map,5.127529539979114,0.314016372847187,0.0,0.0,0.0,-0.4966084129032684,0.8679747025309533,0.022183632684817312,-0.015106031643869516,0.0,0.0,0.0,-0.003087041198568257,-0.015106031643869516,0.2688805902735875,0.0,0.0,0.0,0.04829872702332074,0.0,0.0,1000.0,0.0,0.0,0.0,0.0,0.0,0.0,1000.0,0.0,0.0,0.0,0.0,0.0,0.0,1000.0,0.0,-0.003087041198568257,0.04829872702332074,0.0,0.0,0.0,0.010718099561008781
14,300000000,map,5.135625134353723,0.3007885993530623,0.0,0.0,0.0,-0.4971709327735971,0.8676526168951669,0.022505146911488978,-0.014478516930055457,0.0,0.0,0.0,-0.002939226364324782,-0.014478516930055457,0.27005068706313623,0.0,0.0,0.0,0.048389191903227914,0.0,0.0,1000.0,0.0,0.0,0.0,0.0,0.0,0.0,1000.0,0.0,0.0,0.0,0.0,0.0,0.0,1000.0,0.0,-0.002939226364324782,0.048389191903227914,0.0,0.0,0.0,0.011631063630987091
14,325000000,map,5.143710537460817,0.2875696032999044,0.0,0.0,0.0,-0.4977658570110643,0.8673114501688771,0.022831144766310166,-0.013848656318900568,0.0,0.0,0.0,-0.002779436175226546,-0.013848656318900568,0.2712213141727388,0.0,0.0,0.0,0.04848692762281075,0.0,0.0,1000.0,0.0,0.0,0.0,0.0,0.0,0.0,1000.0,0.0,0.0,0.0,0.0,0.0,0.0,1000.0,0.0,-0.002779436175226546,0.04848692762281075,0.0,0.0,0.0,0.012544779747082945
14,350000000,map,5.14484501202726,0.27743080133209064,0.0,0.0,0.0,-0.4981468043931573,0.8670927062736057,0.021985246688029404,-0.013484913079103463,0.0,0.0,0.0,-0.0027556402007486345,-0.013484913079103463,0.27106143473954014,0.0,0.0,0.0,0.04849798525227596,0.0,0.0,1000.0,0.0,0.0,0.0,0.0,0.0,0.0,1000.0,0.0,0.0,0.0,0.0,0.0,0.0,1000.0,0.0,-0.0027556402007486345,0.04849798525227596,0.0,0.0,0.0,0.010714750607993791
14,375000000,map,5.152907293891898,0.2642109982594803,0.0,0.0,0.0,-0.49877023423395184,0.8667342461459618,0.022316298155624737,-0.012851914806603009,0.0,0.0,0.0,-0.0026079493278216783,-0.012851914806603009,0.2722314832253752,0.0,0.0,0.0,0.048588056597501865,0.0,0.0,1000.0,0.0,0.0,0.0,0.0,0.0,0.0,1000.0,0.0,0.0,0.0,0.0,0.0,0.0,1000.0,0.0,-0.0026079493278216783,0.048588056597501865,0.0,0.0,0.0,0.011629133353931773
14,400000000,map,5.160950707666301,0.2509800465456969,0.0,0.0,0.0,-0.4993941451053628,0.8663749118219455,0.022651404218363078,-0.012215863754548695,0.0,0.0,0.0,-0.0024480356361096696,-0.012215863754548695,0.27340116975519346,0.0,0.0,0.0,0.04868527197689835,0.0,0.0,1000.0,0.0,0.0,0.0,0.0,0.0,0.0,1000.0,0.0,0.0,0.0,0.0,0.0,0.0,1000.0,0.0,-0.0024480356361096696,0.04868527197689835,0.0,0.0,0.0,0.012543533158850931
14,425000000,map,5.166924023536721,0.24020009475674353,0.0,0.0,0.0,-0.49961781750622586,0.8662459445390296,0.021799860519290327,-0.01178356040956402,0.0,0.0,0.0,-0.0024085015284583604,-0.01178356040956402,0.27311824063144374,0.0,0.0,0.0,0.048659794544638896,0.0,0.0,1000.0,0.0,0.0,0.0,0.0,0.0,0.0,1000.0,0.0,0.0,0.0,0.0,0.0,0.0,1000.0,0.0,-0.0024085015284583604,0.048659794544638896,0.0,0.0,0.0,0.010699645997313306
14,450000000,map,5.174957914630084,0.22699687336511584,0.0,0.0,0.0,-0.5003143915891279,0.8658438136112082,0.022141023378803908,-0.01114580427114572,0.0,0.0,0.0,-0.0022611840882508128,-0.01114580427114572,0.2742880983439795,0.0,0.0,0.0,0.04874943420420947,0.0,0.0,1000.0,0.0,0.0,0.0,0.0,0.0,0.0,1000.0,0.0,0.0,0.0,0.0,0.0,0.0,1000.0,0.0,-0.0022611840882508128,0.04874943420420947,0.0,0.0,0.0,0.011615732324065643
14,475000000,map,5.18159816026527,0.21037308721793851,0.0,0.0,0.0,-0.5012666262972114,0.8652928806829581,0.021635582674692774,-0.010540520564812274,0.0,0.0,0.0,-0.002145247799272474,-0.010540520564812274,0.2743926182758695,0.0,0.0,0.0,0.04877670159053712,0.0,0.0,1000.0,0.0,0.0,0.0,0.0,0.0,0.0,1000.0,0.0,0.0,0.0,0.0,0.0,0.0,1000.0,0.0,-0.002145247799272474,0.04877670159053712,0.0,0.0,0.0,0.010673634814298196
14,500000000,map,5.189597134578318,0.19717978564864427,0.0,0.0,0.0,-0.5020304065759434,0.8648499701527386,0.02198455308130471,-0.009899017466073594,0.0,0.0,0.0,-0.0019983738456392747,-0.009899017466073594,0.2755608857944648,0.0,0.0,0.0,0.04886574988343009,0.0,0.0,1000.0,0.0,0.0,0.0,0.0,0.0,0.0,1000.0,0.0,0.0,0.0,0.0,0.0,0.0,1000.0,0.0,-0.0019983738456392747,0.04886574988343009,0.0,0.0,0.0,0.01159129301468893
14,525000000,map,5.196907634653433,0.18414357167773251,0.0,0.0,0.0,-0.5032636813478591,0.8641328989433283,0.02233037500973903,-0.009263261650809224,0.0,0.0,0.0,-0.0018412150001296025,-0.009263261650809224,0.2766573942138329,0.0,0.0,0.0,0.04895388204775841,0.0,0.0,1000.0,0.0,0.0,0.0,0.0,0.0,0.0,1000.0,0.0,0.0,0.0,0.0,0.0,0.0,1000.0,0.0,-0.0018412150001296025,0.04895388204775841,0.0,0.0,0.0,0.012519824808376427
14,550000000,map,5.207279047458416,0.17238735847211933,0.0,0.0,0.0,-0.5048296627225783,0.8632189824345893,0.021527562267897656,-0.008615088516199455,0.0,0.0,0.0,-0.001777522746535505,-0.008615088516199455,0.2763778194417441,0.0,0.0,0.0,0.048991935941816875,0.0,0.0,1000.0,0.0,0.0,0.0,0.0,0.0,0.0,1000.0,0.0,0.0,0.0,0.0,0.0,0.0,1000.0,0.0,-0.001777522746535505,0.048991935941816875,0.0,0.0,0.0,0.010723149595719907
14,575000000,map,5.2124935573533495,0.16180571943180255,0.0,0.0,0.0,-0.5058584763618865,0.8626164859848383,0.021891838961484323,-0.00807287443035985,0.0,0.0,0.0,-0.001659166350997215,-0.00807287443035985,0.27725006566494453,0.0,0.0,0.0,0.049050260610926426,0.0,0.0,1000.0,0.0,0.0,0.0,0.0,0.0,0.0,1000.0,0.0,0.0,0.0,0.0,0.0,0.0,1000.0,0.0,-0.001659166350997215,0.049050260610926426,0.0,0.0,0.0,0.011646994592216178
14,600000000,map,5.2157583808911445,0.15100198684996585,0.0,0.0,0.0,-0.5069423655559906,0.8619799522056742,0.021310813011466558,-0.007684735202761209,0.0,0.0,0.0,-0.0015397246868660707,-0.007684735202761209,0.2769972615449468,0.0,0.0,0.0,0.049206853518955096,0.0,0.0,1000.0,0.0,0.0,0.0,0.0,0.0,0.0,1000.0,0.0,0.0,0.0,0.0,0.0,0.0,1000.0,0.0,-0.0015397246868660707,0.049206853518955096,0.0,0.0,0.0,0.010582927842137022
14,625000000,map,5.220218226905236,0.14273849512027414,0.0,0.0,0.0,-0.506559125704679,0.8622052262456493,0.021669725477543943,-0.007248549471967439,0.0,0.0,0.0,-0.001448517443863194,-0.007248549471967439,0.27777534041060087,0.0,0.0,0.0,0.04925607850428437,0.0,0.0,1000.0,0.0,0.0,0.0,0.0,0.0,0.0,1000.0,0.0,0.0,0.0,0.0,0.0,0.0,1000.0,0.0,-0.001448517443863194,0.04925607850428437,0.0,0.0,0.0,0.011491818762898669
14,650000000,map,5.224214653427673,0.13483525860864673,0.0,0.0,0.0,-0.5053367623491468,0.8629222193329373,0.022035386244867682,-0.006823119518525747,0.0,0.0,0.0,-0.0013540264268283035,-0.006823119518525747,0.27850595092846925,0.0,0.0,0.0,0.04930385973999137,0.0,0.0,1000.0,0.0,0.0,0.0,0.0,0.0,0.0,1000.0,0.0,0.0,0.0,0.0,0.0,0.0,1000.0,0.0,-0.0013540264268283035,0.04930385973999137,0.0,0.0,0.0,0.012420161321684043
14,675000000,map,5.229343969835808,0.12688361566725806,0.0,0.0,0.0,-0.5028811758446114,0.8643555535664366,0.021265916717725736,-0.006562512006558198,0.0,0.0,0.0,-0.0013239834300668822,-0.006562512006558198,0.27841540115743074,0.0,0.0,0.0,0.04937437174626988,0.0,0.0,1000.0,0.0,0.0,0.0,0.0,0.0,0.0,1000.0,0.0,0.0,0.0,0.0,0.0,0.0,1000.0,0.0,-0.0013239834300668822,0.04937437174626988,0.0,0.0,0.0,0.010630567364354635
14,700000000,map,5.23285328013376,0.11911843275177991,0.0,0.0,0.0,-0.5005078282529627,0.8657320104151762,0.021642084437575315,-0.006134115774081237,0.0,0.0,0.0,-0.0012377277510412863,-0.006134115774081237,0.2791001347936985,0.0,0.0,0.0,0.0494133531773522,0.0,0.0,1000.0,0.0,0.0,0.0,0.0,0.0,0.0,1000.0,0.0,0.0,0.0,0.0,0.0,0.0,1000.0,0.0,-0.0012377277510412863,0.0494133531773522,0.0,0.0,0.0,0.011585439641395264
14,725000000,map,5.236177863611688,0.11134767672307797,0.0,0.0,0.0,-0.49760037028409815,0.8674064050334932,0.02202360786514915,-0.005701056228589302,0.0,0.0,0.0,-0.0011439425666634397,-0.005701056228589302,0.2797684106619438,0.0,0.0,0.0,0.0494534775453423,0.0,0.0,1000.0,0.0,0.0,0.0,0.0,0.0,0.0,1000.0,0.0,0.0,0.0,0.0,0.0,0.0,1000.0,0.0,-0.0011439425666634397,0.0494534775453423,0.0,0.0,0.0,0.012552542308222782
14,750000000,map,5.238270489749504,0.10729116920423096,0.0,0.0,0.0,-0.49561170842833346,0.8685442040959968,0.02122380044361324,-0.005413741992349166,0.0,0.0,0.0,-0.0011032908096670943,-0.005413741992349166,0.27936530885031796,0.0,0.0,0.0,0.04945061627547584,0.0,0.0,1000.0,0.0,0.0,0.0,0.0,0.0,0.0,1000.0,0.0,0.0,0.0,0.0,0.0,0.0,1000.0,0.0,-0.0011032908096670943,0.04945061627547584,0.0,0.0,0.0,0.01066220979230299
14,775000000,map,5.241203133895476,0.09952149835859346,0.0,0.0,0.0,-0.49156225469774195,0.8708424368141876,0.021615215171178023,-0.004972100342764622,0.0,0.0,0.0,-0.0010165908275524965,-0.004972100342764622,0.2799982680070007,0.0,0.0,0.0,0.049483340981587035,0.0,0.0,1000.0,0.0,0.0,0.0,0.0,0.0,0.0,1000.0,0.0,0.0,0.0,0.0,0.0,0.0,1000.0,0.0,-0.0010165908275524965,0.049483340981587035,0.0,0.0,0.0,0.011655333341014639
14,800000000,map,5.246209047703849,0.09304208539254152,0.0,0.0,0.0,-0.4847806722301198,0.874635752660565,0.021171776654741552,-0.004739555904804168,0.0,0.0,0.0,-0.0009693559508669499,-0.004739555904804168,0.2799859448159014,0.0,0.0,0.0,0.04952365265378744,0.0,0.0,1000.0,0.0,0.0,0.0,0.0,0.0,0.0,1000.0,0.0,0.0,0.0,0.0,0.0,0.0,1000.0,0.0,-0.0009693559508669499,0.04952365265378744,0.0,0.0,0.0,0.010684757320791863
14,825000000,map,5.248935213267585,0.08514602450940766,0.0,0.0,0.0,-0.4796175359000129,0.877477646015669,0.021571467277477434,-0.0042825237922450785,0.0,0.0,0.0,-0.00088096986747371,-0.0042825237922450785,0.2806056497226243,0.0,0.0,0.0,0.04955416851485113,0.0,0.0,1000.0,0.0,0.0,0.0,0.0,0.0,0.0,1000.0,0.0,0.0,0.0,0.0,0.0,0.0,1000.0,0.0,-0.00088096986747371,0.04955416851485113,0.0,0.0,0.0,0.011702629175184706
14,850000000,map,5.251540837997114,0.07718059684701006,0.0,0.0,0.0,-0.47388397007035715,0.8805872943157633,0.02197575550440023,-0.003817237726817791,0.0,0.0,0.0,-0.000783649428757524,-0.003817237726817791,0.28121719595363237,0.0,0.0,0.0,0.04958600365949811,0.0,0.0,1000.0,0.0,0.0,0.0,0.0,0.0,0.0,1000.0,0.0,0.0,0.0,0.0,0.0,0.0,1000.0,0.0,-0.000783649428757524,0.04958600365949811,0.0,0.0,0.0,0.01273308045421959
14,875000000,map,5.252991895503382,0.06890116960535517,0.0,0.0,0.0,-0.46933367071790155,0.8830208975615811,0.02117399465224154,-0.0036490563187101953,0.0,0.0,0.0,-0.0007662809739724692,-0.0036490563187101953,0.28094450604848303,0.0,0.0,0.0,0.049596408953669555,0.0,0.0,1000.0,0.0,0.0,0.0,0.0,0.0,0.0,1000.0,0.0,0.0,0.0,0.0,0.0,0.0,1000.0,0.0,-0.0007662809739724692,0.049596408953669555,0.0,0.0,0.0,0.010723769377824741
14,900000000,map,5.255456595559442,0.06065426970644522,0.0,0.0,0.0,-0.46244993032945136,0.8866453980810398,0.021586033244319562,-0.003161410400612977,0.0,0.0,0.0,-0.0006734904352165088,-0.003161410400612977,0.2815511051161254,0.0,0.0,0.0,0.04962414068909463,0.0,0.0,1000.0,0.0,0.0,0.0,0.0,0.0,0.0,1000.0,0.0,0.0,0.0,0.0,0.0,0.0,1000.0,0.0,-0.0006734904352165088,0.04962414068909463,0.0,0.0,0.0,0.011779362682314673
14,925000000,map,5.25786124801178,0.0522692319860995,0.0,0.0,0.0,-0.4549531759379683,0.8905153607344211,0.022002223211617114,-0.0026618879662727393,0.0,0.0,0.0,-0.0005702393451027704,-0.0026618879662727393,0.2821573617576629,0.0,0.0,0.0,0.04965375093001772,0.0,0.0,1000.0,0.0,0.0,0.0,0.0,0.0,0.0,1000.0,0.0,0.0,0.0,0.0,0.0,0.0,1000.0,0.0,-0.0005702393451027704,0.04965375093001772,0.0,0.0,0.0,0.012848097218839189
14,950000000,map,5.260393910853301,0.04950851160942368,0.0,0.0,0.0,-0.45003111794479295,0.8930128738609314,0.021155310825583366,-0.0024939882489748598,0.0,0.0,0.0,-0.0005471808723544636,-0.0024939882489748598,0.28168877296269235,0.0,0.0,0.0,0.04965977983691726,0.0,0.0,1000.0,0.0,0.0,0.0,0.0,0.0,0.0,1000.0,0.0,0.0,0.0,0.0,0.0,0.0,1000.0,0.0,-0.0005471808723544636,0.04965977983691726,0.0,0.0,0.0,0.010762132688911071
14,975000000,map,5.262628304019879,0.040791988427366865,0.0,0.0,0.0,-0.44124814024155723,0.8973851340051088,0.02157948906441504,-0.0019678034303893697,0.0,0.0,0.0,-0.0004485948690684731,-0.0019678034303893697,0.2822900313761608,0.0,0.0,0.0,0.049685051368634846,0.0,0.0,1000.0,0.0,0.0,0.0,0.0,0.0,0.0,1000.0,0.0,0.0,0.0,0.0,0.0,0.0,1000.0,0.0,-0.0004485948690684731,0.049685051368634846,0.0,0.0,0.0,0.011858355142505989
15,0,map,5.262321481005217,0.030347955680432664,0.0,0.0,0.0,-0.42723290029194594,0.9041416088800096,0.02111185109082577,-0.0016273697538262907,0.0,0.0,0.0,-0.0003780548979493897,-0.0016273697538262907,0.2818633146059663,0.0,0.0,0.0,0.04966743093522883,0.0,0.0,1000.0,0.0,0.0,0.0,0.0,0.0,0.0,1000.0,0.0,0.0,0.0,0.0,0.0,0.0,1000.0,0.0,-0.0003780548979493897,0.04966743093522883,0.0,0.0,0.0,0.010779705738608508
15,25000000,map,5.264681716548249,0.021152109029155722,0.0,0.0,0.0,-0.4170190952410342,0.9088977248317598,0.021541051550786318,-0.001066469205638283,0.0,0.0,0.0,-0.0002737521560909813,-0.001066469205638283,0.2824965463350083,0.0,0.0,0.0,0.04969420161202515,0.0,0.0,1000.0,0.0,0.0,0.0,0.0,0.0,0.0,1000.0,0.0,0.0,0.0,0.0,0.0,0.0,1000.0,0.0,-0.0002737521560909813,0.04969420161202515,0.0,0.0,0.0,0.011905044413010196
15,50000000,map,5.267065577124454,0.011673055009265739,0.0,0.0,0.0,-0.406070526395724,0.9138417409993371,0.021974051845683254,-0.0004854119773279776,0.0,0.0,0.0,-0.00015549928805364905,-0.0004854119773279776,0.2831427126681384,0.0,0.0,0.0,0.04972394069248042,0.0,0.0,1000.0,0.0,0.0,0.0,0.0,0.0,0.0,1000.0,0.0,0.0,0.0,0.0,0.0,0.0,1000.0,0.0,-0.00015549928805364905,0.04972394069248042,0.0,0.0,0.0,0.013045307761204907
15,75000000,map,5.270702501859442,-0.0007182801108979384,0.0,0.0,0.0,-0.3983920688008461,0.9172152198456924,0.021129431633742906,-0.00021049334264074717,0.0,0.0,0.0,-0.00011404812185324809,-0.00021049334264074717,0.2825022527735099,0.0,0.0,0.0,0.04971530270281588,0.0,0.0,1000.0,0.0,0.0,0.0,0.0,0.0,0.0,1000.0,0.0,0.0,0.0,0.0,0.0,0.0,1000.0,0.0,-0.00011404812185324809,0.04971530270281588,0.0,0.0,0.0,0.01082148260872996
15,100000000,map,5.273467307140996,-0.010362913722402464,0.0,0.0,0.0,-0.3870224326375699,0.9220702991829298,0.02156017368473572,0.0003820629954831622,0.0,0.0,0.0,-4.1464412427136415e-06,0.0003820629954831622,0.28319930076201844,0.0,0.0,0.0,0.04974680796877448,0.0,0.0,1000.0,0.0,0.0,0.0,0.0,0.0,0.0,1000.0,0.0,0.0,0.0,0.0,0.0,0.0,1000.0,0.0,-4.1464412427136415e-06,0.04974680796877448,0.0,0.0,0.0,0.01196874147597536
15,125000000,map,5.2784375675239135,-0.023399663490085598,0.0,0.0,0.0,-0.3696306589905483,0.9291787642505682,0.021086814642626527,0.0008888128817779048,0.0,0.0,0.0,0.00010098208833838804,0.0008888128817779048,0.2831328595019611,0.0,0.0,0.0,0.04980115488518185,0.0,0.0,1000.0,0.0,0.0,0.0,0.0,0.0,0.0,1000.0,0.0,0.0,0.0,0.0,0.0,0.0,1000.0,0.0,0.00010098208833838804,0.04980115488518185,0.0,0.0,0.0,0.010824181010802084
15,150000000,map,5.282058966975289,-0.033089692910946156,0.0,0.0,0.0,-0.3581153193225606,0.9336773629399507,0.02150948586936657,0.001483159086522002,0.0,0.0,0.0,0.00021142720694088712,0.001483159086522002,0.2839314169258177,0.0,0.0,0.0,0.04984243090969558,0.0,0.0,1000.0,0.0,0.0,0.0,0.0,0.0,0.0,1000.0,0.0,0.0,0.0,0.0,0.0,0.0,1000.0,0.0,0.00021142720694088712,0.04984243090969558,0.0,0.0,0.0,0.011971439890974428
15,175000000,map,5.28606492506077,-0.042815697077704905,0.0,0.0,0.0,-0.3465452459104543,0.938033257692318,0.021930054635552615,0.002078724579083232,0.0,0.0,0.0,0.000333440603448458,0.002078724579083232,0.28477498559176173,0.0,0.0,0.0,0.04989268593158288,0.0,0.0,1000.0,0.0,0.0,0.0,0.0,0.0,0.0,1000.0,0.0,0.0,0.0,0.0,0.0,0.0,1000.0,0.0,0.000333440603448458,0.04989268593158288,0.0,0.0,0.0,0.01311869875498353
15,200000000,map,5.283663375909588,-0.0557539240949519,0.0,0.0,0.0,-0.33866025593468224,0.9409087262058183,0.021114932738292076,0.00253441371027152,0.0,0.0,0.0,0.0004110857336057394,0.00253441371027152,0.28405283407790577,0.0,0.0,0.0,0.04983511403710604,0.0,0.0,1000.0,0.0,0.0,0.0,0.0,0.0,0.0,1000.0,0.0,0.0,0.0,0.0,0.0,0.0,1000.0,0.0,0.0004110857336057394,0.04983511403710604,0.0,0.0,0.0,0.010812531654584252
15,225000000,map,5.288295196250013,-0.06549888807550355,0.0,0.0,0.0,-0.32700226994672593,0.9450235528544718,0.021532174034632985,0.0031290446362151588,0.0,0.0,0.0,0.0005220434633414166,0.0031290446362151588,0.28496912945442143,0.0,0.0,0.0,0.04988785268965959,0.0,0.0,1000.0,0.0,0.0,0.0,0.0,0.0,0.0,1000.0,0.0,0.0,0.0,0.0,0.0,0.0,1000.0,0.0,0.0005220434633414166,0.04988785268965959,0.0,0.0,0.0,0.011959790532982382
15,250000000,map,5.2934443752045786,-0.07534662613985221,0.0,0.0,0.0,-0.3152943033186594,0.9489939421802445,0.021948876453941384,0.003727320539445063,0.0,0.0,0.0,0.000645469300430552,0.003727320539445063,0.28594428193520705,0.0,0.0,0.0,0.04995238951208888,0.0,0.0,1000.0,0.0,0.0,0.0,0.0,0.0,0.0,1000.0,0.0,0.0,0.0,0.0,0.0,0.0,1000.0,0.0,0.000645469300430552,0.04995238951208888,0.0,0.0,0.0,0.013107049442375764
15,275000000,map,5.297958378888612,-0.07809007365819765,0.0,0.0,0.0,-0.3085682948474362,0.9512021906066794,0.021135414849206578,0.003979140926532702,0.0,0.0,0.0,0.0006871367727102706,0.003979140926532702,0.2852526535800606,0.0,0.0,0.0,0.049969959305257536,0.0,0.0,1000.0,0.0,0.0,0.0,0.0,0.0,0.0,1000.0,0.0,0.0,0.0,0.0,0.0,0.0,1000.0,0.0,0.0006871367727102706,0.049969959305257536,0.0,0.0,0.0,0.01082110456694085
15,300000000,map,5.303650764181874,-0.08787269684073687,0.0,0.0,0.0,-0.2967853520170899,0.9549442155582136,0.021548843224476692,0.004572996117828914,0.0,0.0,0.0,0.0007986071619824814,0.004572996117828914,0.2862920985937994,0.0,0.0,0.0,0.05003482252166557,0.0,0.0,1000.0,0.0,0.0,0.0,0.0,0.0,0.0,1000.0,0.0,0.0,0.0,0.0,0.0,0.0,1000.0,0.0,0.0007986071619824814,0.05003482252166557,0.0,0.0,0.0,0.01196836349131404
15,325000000,map,5.314570542622805,-0.09735204124124971,0.0,0.0,0.0,-0.278959148159054,0.9603029697227718,0.021122790448829216,0.004882208843854261,0.0,0.0,0.0,0.0008632857192225689,0.004882208843854261,0.28637482105523615,0.0,0.0,0.0,0.050087214642644,0.0,0.0,1000.0,0.0,0.0,0.0,0.0,0.0,0.0,1000.0,0.0,0.0,0.0,0.0,0.0,0.0,1000.0,0.0,0.0008632857192225689,0.050087214642644,0.0,0.0,0.0,0.010817456271898188
15,350000000,map,5.321252299106551,-0.10705428277838216,0.0,0.0,0.0,-0.2670586189751763,0.9636802862106663,0.021531231446571604,0.005468324490257236,0.0,0.0,0.0,0.0009738055233210322,0.005468324490257236,0.2875292172312812,0.0,0.0,0.0,0.05016332761249648,0.0,0.0,1000.0,0.0,0.0,0.0,0.0,0.0,0.0,1000.0,0.0,0.0,0.0,0.0,0.0,0.0,1000.0,0.0,0.0009738055233210322,0.05016332761249648,0.0,0.0,0.0,0.011964867519048827
15,375000000,map,5.328301023339064,-0.11667741877161814,0.0,0.0,0.0,-0.25511811660049405,0.9669098957928897,0.021938434334755407,0.006049455914229026,0.0,0.0,0.0,0.001094465828810292,0.006049455914229026,0.2887268007845324,0.0,0.0,0.0,0.05025170849164048,0.0,0.0,1000.0,0.0,0.0,0.0,0.0,0.0,0.0,1000.0,0.0,0.0,0.0,0.0,0.0,0.0,1000.0,0.0,0.001094465828810292,0.05025170849164048,0.0,0.0,0.0,0.013112260264258178
15,400000000,map,5.328224593325002,-0.12490803393494533,0.0,0.0,0.0,-0.2467829769643628,0.9690707725860928,0.02119562527330715,0.006384678323695307,0.0,0.0,0.0,0.0011409262058835025,0.006384678323695307,0.28827345203378907,0.0,0.0,0.0,0.05020579359866385,0.0,0.0,1000.0,0.0,0.0,0.0,0.0,0.0,0.0,1000.0,0.0,0.0,0.0,0.0,0.0,0.0,1000.0,0.0,0.0011409262058835025,0.05020579359866385,0.0,0.0,0.0,0.010801906342378135
15,425000000,map,5.335799811190342,-0.13442321530206247,0.0,0.0,0.0,-0.234992258275665,0.9719972420488152,0.021600624728615802,0.006958474621692542,0.0,0.0,0.0,0.0012491460913132647,0.006958474621692542,0.289534959471386,0.0,0.0,0.0,0.0502919495191727,0.0,0.0,1000.0,0.0,0.0,0.0,0.0,0.0,0.0,1000.0,0.0,0.0,0.0,0.0,0.0,0.0,1000.0,0.0,0.0012491460913132647,0.0502919495191727,0.0,0.0,0.0,0.011944877193194153
15,450000000,map,5.343709010009441,-0.14382323040097195,0.0,0.0,0.0,-0.22327507227827137,0.9747554781067571,0.022004461900998678,0.007525380019188396,0.0,0.0,0.0,0.001366789653462386,0.007525380019188396,0.2908362519254107,0.0,0.0,0.0,0.05039093513919923,0.0,0.0,1000.0,0.0,0.0,0.0,0.0,0.0,0.0,1000.0,0.0,0.0,0.0,0.0,0.0,0.0,1000.0,0.0,0.001366789653462386,0.05039093513919923,0.0,0.0,0.0,0.013085627739243572
15,475000000,map,5.352845866632501,-0.15115185589126393,0.0,0.0,0.0,-0.2171538865765549,0.9761373825157486,0.021251826102045575,0.007692087168703618,0.0,0.0,0.0,0.0013846968245140824,0.007692087168703618,0.29041094232975934,0.0,0.0,0.0,0.05042586604923431,0.0,0.0,1000.0,0.0,0.0,0.0,0.0,0.0,0.0,1000.0,0.0,0.0,0.0,0.0,0.0,0.0,1000.0,0.0,0.0013846968245140824,0.05042586604923431,0.0,0.0,0.0,0.010797099101921382
15,500000000,map,5.361247211504721,-0.16041208492997894,0.0,0.0,0.0,-0.20578790983921816,0.9785966156512119,0.021653914254240736,0.00825020349243877,0.0,0.0,0.0,0.0014899244147842344,0.00825020349243877,0.29177207082789763,0.0,0.0,0.0,0.05052133380410691,0.0,0.0,1000.0,0.0,0.0,0.0,0.0,0.0,0.0,1000.0,0.0,0.0,0.0,0.0,0.0,0.0,1000.0,0.0,0.0014899244147842344,0.05052133380410691,0.0,0.0,0.0,0.01192968008036845
15,525000000,map,5.3712718306490626,-0.1748240525759803,0.0,0.0,0.0,-0.18991882367540194,0.9817997965032136,0.02126947850448058,0.008647192525755992,0.0,0.0,0.0,0.0015672611678265867,0.008647192525755992,0.2919353715548735,0.0,0.0,0.0,0.050613660548022715,0.0,0.0,1000.0,0.0,0.0,0.0,0.0,0.0,0.0,1000.0,0.0,0.0,0.0,0.0,0.0,0.0,1000.0,0.0,0.0015672611678265867,0.050613660548022715,0.0,0.0,0.0,0.010799197728611227
15,550000000,map,5.380309571031377,-0.18369165416673394,0.0,0.0,0.0,-0.17888509566564686,0.9838699723788161,0.021666886949616434,0.009181430338211349,0.0,0.0,0.0,0.0016680100762175994,0.009181430338211349,0.29337343001016436,0.0,0.0,0.0,0.05071634248163473,0.0,0.0,1000.0,0.0,0.0,0.0,0.0,0.0,0.0,1000.0,0.0,0.0,0.0,0.0,0.0,0.0,1000.0,0.0,0.0016680100762175994,0.05071634248163473,0.0,0.0,0.0,0.01192372399039449
15,575000000,map,5.389660750896619,-0.1922616465320431,0.0,0.0,0.0,-0.16811681186020835,0.9857670807903657,0.022062317996779494,0.009698028398640712,0.0,0.0,0.0,0.0017749898541698746,0.009698028398640712,0.29484498574264323,0.0,0.0,0.0,0.050833073874491604,0.0,0.0,1000.0,0.0,0.0,0.0,0.0,0.0,0.0,1000.0,0.0,0.0,0.0,0.0,0.0,0.0,1000.0,0.0,0.0017749898541698746,0.050833073874491604,0.0,0.0,0.0,0.01304240745805884
15,600000000,map,5.398024938198504,-0.20593711874850434,0.0,0.0,0.0,-0.16157560238262256,0.9868603369852761,0.02137909235106177,0.010000384603280796,0.0,0.0,0.0,0.0018311236192832911,0.010000384603280796,0.29478633007343613,0.0,0.0,0.0,0.050847265237607575,0.0,0.0,1000.0,0.0,0.0,0.0,0.0,0.0,0.0,1000.0,0.0,0.0,0.0,0.0,0.0,0.0,1000.0,0.0,0.0018311236192832911,0.050847265237607575,0.0,0.0,0.0,0.010780336593868622
15,625000000,map,5.408040757029737,-0.21394944935337337,0.0,0.0,0.0,-0.15153969547245463,0.9884511726413783,0.021772404763867666,0.010483082568221204,0.0,0.0,0.0,0.0019219189421064643,0.010483082568221204,0.296323423052337,0.0,0.0,0.0,0.05096076398709347,0.0,0.0,1000.0,0.0,0.0,0.0,0.0,0.0,0.0,1000.0,0.0,0.0,0.0,0.0,0.0,0.0,1000.0,0.0,0.0019219189421064643,0.05096076398709347,0.0,0.0,0.0,0.011883561665146664
15,650000000,map,5.418358222910203,-0.22164225693806577,0.0,0.0,0.0,-0.14181137110250444,0.9898936988515624,0.022164328603187466,0.010947275641527015,0.0,0.0,0.0,0.0020175552258513176,0.010947275641527015,0.29789174873370367,0.0,0.0,0.0,0.05108902978389248,0.0,0.0,1000.0,0.0,0.0,0.0,0.0,0.0,0.0,1000.0,0.0,0.0,0.0,0.0,0.0,0.0,1000.0,0.0,0.0020175552258513176,0.05108902978389248,0.0,0.0,0.0,0.012980256308191421
15,675000000,map,5.425282859872512,-0.22476276552900273,0.0,0.0,0.0,-0.13595965009246525,0.990714375360898,0.021470186036454703,0.011322872584667314,0.0,0.0,0.0,0.00206745995151896,0.011322872584667314,0.2977645164992989,0.0,0.0,0.0,0.05112752279297743,0.0,0.0,1000.0,0.0,0.0,0.0,0.0,0.0,0.0,1000.0,0.0,0.0,0.0,0.0,0.0,0.0,1000.0,0.0,0.00206745995151896,0.05112752279297743,0.0,0.0,0.0,0.010752703616603519
15,700000000,map,5.436333959588845,-0.23177624955936416,0.0,0.0,0.0,-0.12727943016000215,0.991866899668572,0.0218610580249605,0.01174712897976491,0.0,0.0,0.0,0.002146644065066066,0.01174712897976491,0.29940114775610027,0.0,0.0,0.0,0.051252292669257224,0.0,0.0,1000.0,0.0,0.0,0.0,0.0,0.0,0.0,1000.0,0.0,0.0,0.0,0.0,0.0,0.0,1000.0,0.0,0.002146644065066066,0.051252292669257224,0.0,0.0,0.0,0.01182783216399202
15,725000000,map,5.452554921859776,-0.23794233797092004,0.0,0.0,0.0,-0.11400427873028622,0.9934802587022992,0.02149021053577698,0.011971729557275455,0.0,0.0,0.0,0.0021823710996897285,0.011971729557275455,0.3001173472038544,0.0,0.0,0.0,0.05134881836522028,0.0,0.0,1000.0,0.0,0.0,0.0,0.0,0.0,0.0,1000.0,0.0,0.0,0.0,0.0,0.0,0.0,1000.0,0.0,0.0021823710996897285,0.05134881836522028,0.0,0.0,0.0,0.01072626644557922
15,750000000,map,5.464259902437284,-0.2442461799519107,0.0,0.0,0.0,-0.10595187815883962,0.9943712583912582,0.02187855942748173,0.012354798092458853,0.0,0.0,0.0,0.0022533352273072663,0.012354798092458853,0.3018213003577581,0.0,0.0,0.0,0.051480584633786006,0.0,0.0,1000.0,0.0,0.0,0.0,0.0,0.0,0.0,1000.0,0.0,0.0,0.0,0.0,0.0,0.0,1000.0,0.0,0.0022533352273072663,0.051480584633786006,0.0,0.0,0.0,0.011788297793667656
15,775000000,map,5.476238664102904,-0.2502072183279935,0.0,0.0,0.0,-0.0983221336422784,0.9951546402625222,0.022266351600994244,0.012718910726870019,0.0,0.0,0.0,0.0023267453942836832,0.012718910726870019,0.3035523539219045,0.0,0.0,0.0,0.0516281030422519,0.0,0.0,1000.0,0.0,0.0,0.0,0.0,0.0,0.0,1000.0,0.0,0.0,0.0,0.0,0.0,0.0,1000.0,0.0,0.0023267453942836832,0.0516281030422519,0.0,0.0,0.0,0.012841695286382614
15,800000000,map,5.485227921528108,-0.25419375343756906,0.0,0.0,0.0,-0.0943709536970701,0.9955371028235489,0.021596720167392634,0.013014103915190022,0.0,0.0,0.0,0.002355460169962394,0.013014103915190022,0.30383236468742497,0.0,0.0,0.0,0.05167396094325373,0.0,0.0,1000.0,0.0,0.0,0.0,0.0,0.0,0.0,1000.0,0.0,0.0,0.0,0.0,0.0,0.0,1000.0,0.0,0.002355460169962394,0.05167396094325373,0.0,0.0,0.0,0.010701531233944617
15,825000000,map,5.497763277841816,-0.25958232755987415,0.0,0.0,0.0,-0.08757909234784376,0.9961575691543622,0.02198482610347755,0.013346483997440019,0.0,0.0,0.0,0.0024159185318004144,0.013346483997440019,0.3056160703520282,0.0,0.0,0.0,0.05181460429167602,0.0,0.0,1000.0,0.0,0.0,0.0,0.0,0.0,0.0,1000.0,0.0,0.0,0.0,0.0,0.0,0.0,1000.0,0.0,0.0024159185318004144,0.05181460429167602,0.0,0.0,0.0,0.011737934370792283
15,850000000,map,5.513077389194429,-0.26474801115104796,0.0,0.0,0.0,-0.07795036552626908,0.9969572410661959,0.02161962981551261,0.01357860567326637,0.0,0.0,0.0,0.002450871295894558,0.01357860567326637,0.3063922434629203,0.0,0.0,0.0,0.051915568135654476,0.0,0.0,1000.0,0.0,0.0,0.0,0.0,0.0,0.0,1000.0,0.0,0.0,0.0,0.0,0.0,0.0,1000.0,0.0,0.002450871295894558,0.051915568135654476,0.0,0.0,0.0,0.01067629896107587
15,875000000,map,5.52612405590551,-0.2694384336245749,0.0,0.0,0.0,-0.07190014946850141,0.9974118349540511,0.0220065436536081,0.01387243264063232,0.0,0.0,0.0,0.0025033429196390264,0.01387243264063232,0.30822672895038516,0.0,0.0,0.0,0.052061520827687474,0.0,0.0,1000.0,0.0,0.0,0.0,0.0,0.0,0.0,1000.0,0.0,0.0,0.0,0.0,0.0,0.0,1000.0,0.0,0.0025033429196390264,0.052061520827687474,0.0,0.0,0.0,0.011697644554938416
15,900000000,map,5.539343617927851,-0.27388259908969126,0.0,0.0,0.0,-0.06608106933800888,0.9978142574022207,0.022393271787383203,0.014153333179728583,0.0,0.0,0.0,0.002557588289633164,0.014153333179728583,0.310080556187219,0.0,0.0,0.0,0.052222878463601595,0.0,0.0,1000.0,0.0,0.0,0.0,0.0,0.0,0.0,1000.0,0.0,0.0,0.0,0.0,0.0,0.0,1000.0,0.0,0.002557588289633164,0.052222878463601595,0.0,0.0,0.0,0.012714304288968026
15,925000000,map,5.55252747250317,-0.2834680914930833,0.0,0.0,0.0,-0.06331239910626457,0.9979937575553312,0.02171849706881517,0.014474301877968988,0.0,0.0,0.0,0.0025891144713391626,0.014474301877968988,0.3105903973675958,0.0,0.0,0.0,0.05225862136314843,0.0,0.0,1000.0,0.0,0.0,0.0,0.0,0.0,0.0,1000.0,0.0,0.0,0.0,0.0,0.0,0.0,1000.0,0.0,0.0025891144713391626,0.05225862136314843,0.0,0.0,0.0,0.010650852616157981
15,950000000,map,5.565969321318861,-0.2875385862931726,0.0,0.0,0.0,-0.05786612062257812,0.9983243521441783,0.02210470675037218,0.014735517244128731,0.0,0.0,0.0,0.0026345225329939834,0.014735517244128731,0.31246811832089083,0.0,0.0,0.0,0.05240857077464609,0.0,0.0,1000.0,0.0,0.0,0.0,0.0,0.0,0.0,1000.0,0.0,0.0,0.0,0.0,0.0,0.0,1000.0,0.0,0.0026345225329939834,0.05240857077464609,0.0,0.0,0.0,0.01165997881093248
15,975000000,map,5.579512679671268,-0.2914005070454212,0.0,0.0,0.0,-0.052575614939739466,0.9986169459375843,0.022490394158851013,0.01498588866151611,0.0,0.0,0.0,0.00268149493907949,0.01498588866151611,0.31435893122097547,0.0,0.0,0.0,0.05257329816526393,0.0,0.0,1000.0,0.0,0.0,0.0,0.0,0.0,0.0,1000.0,0.0,0.0,0.0,0.0,0.0,0.0,1000.0,0.0,0.00268149493907949,0.05257329816526393,0.0,0.0,0.0,0.012665950745315928
16,0,map,5.588582582746544,-0.2869605761928921,0.0,0.0,0.0,-0.0496394904935698,0.9987672005945823,0.02178641717836001,0.015266588649219755,0.0,0.0,0.0,0.0027146763267069662,0.015266588649219755,0.3146107095277309,0.0,0.0,0.0,0.05267775601913297,0.0,0.0,1000.0,0.0,0.0,0.0,0.0,0.0,0.0,1000.0,0.0,0.0,0.0,0.0,0.0,0.0,1000.0,0.0,0.0027146763267069662,0.05267775601913297,0.0,0.0,0.0,0.010662843520346495
16,25000000,map,5.602285706959888,-0.2904891259704321,0.0,0.0,0.0,-0.04462360503833133,0.9990038708,0.022171359393075036,0.015499747203679831,0.0,0.0,0.0,0.0027540657333481743,0.015499747203679831,0.31652223282674813,0.0,0.0,0.0,0.05283072479268694,0.0,0.0,1000.0,0.0,0.0,0.0,0.0,0.0,0.0,1000.0,0.0,0.0,0.0,0.0,0.0,0.0,1000.0,0.0,0.0027540657333481743,0.05283072479268694,0.0,0.0,0.0,0.011663272943664376
16,50000000,map,5.621133398794751,-0.2996150667027739,0.0,0.0,0.0,-0.03679418803774042,0.9993228646071516,0.02178695835215129,0.015569462272905968,0.0,0.0,0.0,0.002756540904795329,0.015569462272905968,0.31745714799559266,0.0,0.0,0.0,0.05289314866660923,0.0,0.0,1000.0,0.0,0.0,0.0,0.0,0.0,0.0,1000.0,0.0,0.0,0.0,0.0,0.0,0.0,1000.0,0.0,0.002756540904795329,0.05289314866660923,0.0,0.0,0.0,0.010632382915913573
16,75000000,map,5.635067508726628,-0.30263514259900964,0.0,0.0,0.0,-0.03215851935486836,0.9994827810587347,0.022170252023408714,0.015774636107635694,0.0,0.0,0.0,0.002790150626429081,0.015774636107635694,0.31939442510718474,0.0,0.0,0.0,0.05304821813244887,0.0,0.0,1000.0,0.0,0.0,0.0,0.0,0.0,0.0,1000.0,0.0,0.0,0.0,0.0,0.0,0.0,1000.0,0.0,0.002790150626429081,0.05304821813244887,0.0,0.0,0.0,0.011625151522637076
16,100000000,map,5.649052315864894,-0.30550968264541034,0.0,0.0,0.0,-0.027560250163622648,0.9996201441602298,0.022553043026096266,0.01597226658100265,0.0,0.0,0.0,0.002824993371217256,0.01597226658100265,0.32134118674588125,0.0,0.0,0.0,0.053217730144167266,0.0,0.0,1000.0,0.0,0.0,0.0,0.0,0.0,0.0,1000.0,0.0,0.0,0.0,0.0,0.0,0.0,1000.0,0.0,0.002824993371217256,0.053217730144167266,0.0,0.0,0.0,0.012617158012624355
16,125000000,map,5.6622139907179205,-0.3032442046674041,0.0,0.0,0.0,-0.025739460988931727,0.9996686851892477,0.02187497069674577,0.016319177283813817,0.0,0.0,0.0,0.002865357363883266,0.016319177283813817,0.3221023836251507,0.0,0.0,0.0,0.053349131513688704,0.0,0.0,1000.0,0.0,0.0,0.0,0.0,0.0,0.0,1000.0,0.0,0.0,0.0,0.0,0.0,0.0,1000.0,0.0,0.002865357363883266,0.053349131513688704,0.0,0.0,0.0,0.01064015074709048
16,150000000,map,5.676348776578124,-0.30580939417210423,0.0,0.0,0.0,-0.021454036200383834,0.9997698356775486,0.022257342564895793,0.016501140049971462,0.0,0.0,0.0,0.0028939156621539367,0.016501140049971462,0.3240693800481722,0.0,0.0,0.0,0.05350649432444718,0.0,0.0,1000.0,0.0,0.0,0.0,0.0,0.0,0.0,1000.0,0.0,0.0,0.0,0.0,0.0,0.0,1000.0,0.0,0.0028939156621539367,0.05350649432444718,0.0,0.0,0.0,0.011625883180105458
16,175000000,map,5.690588358027932,-0.30814204419620894,0.0,0.0,0.0,-0.017435333835703993,0.9998479930139569,0.022639231949784153,0.01667086162939056,0.0,0.0,0.0,0.0029221782313967656,0.01667086162939056,0.3260487951949291,0.0,0.0,0.0,0.05367902220156349,0.0,0.0,1000.0,0.0,0.0,0.0,0.0,0.0,0.0,1000.0,0.0,0.0,0.0,0.0,0.0,0.0,1000.0,0.0,0.0029221782313967656,0.05367902220156349,0.0,0.0,0.0,0.012606272480430152
16,200000000,map,5.697769574410055,-0.3133012975540506,0.0,0.0,0.0,-0.015292890012637764,0.9998830569196887,0.02189997039776662,0.016619564878482408,0.0,0.0,0.0,0.002895634358972706,0.016619564878482408,0.3261188023237439,0.0,0.0,0.0,0.05366476434528305,0.0,0.0,1000.0,0.0,0.0,0.0,0.0,0.0,0.0,1000.0,0.0,0.0,0.0,0.0,0.0,0.0,1000.0,0.0,0.002895634358972706,0.05366476434528305,0.0,0.0,0.0,0.010612200552001079
16,225000000,map,5.712179741672757,-0.3153009045201215,0.0,0.0,0.0,-0.011648489165145872,0.9999321540485482,0.02228123924948064,0.0167710328903647,0.0,0.0,0.0,0.0029178272926028512,0.0167710328903647,0.32811595639014507,0.0,0.0,0.0,0.053824697717734155,0.0,0.0,1000.0,0.0,0.0,0.0,0.0,0.0,0.0,1000.0,0.0,0.0,0.0,0.0,0.0,0.0,1000.0,0.0,0.0029178272926028512,0.053824697717734155,0.0,0.0,0.0,0.011585095223331232
16,250000000,map,5.729630092739714,-0.3188076069023445,0.0,0.0,0.0,-0.006150687810314879,0.999981084340829,0.0218999743644061,0.01690344862902938,0.0,0.0,0.0,0.0029362746942894866,0.01690344862902938,0.32894102344664855,0.0,0.0,0.0,0.05393316237990119,0.0,0.0,1000.0,0.0,0.0,0.0,0.0,0.0,0.0,1000.0,0.0,0.0,0.0,0.0,0.0,0.0,1000.0,0.0,0.0029362746942894866,0.05393316237990119,0.0,0.0,0.0,0.010605505318582167
16,275000000,map,5.744142276233799,-0.3204646553557483,0.0,0.0,0.0,-0.00269147592964421,0.9999963779721005,0.022280003839231424,0.017036359522767178,0.0,0.0,0.0,0.002954651523684995,0.017036359522767178,0.33095453798771557,0.0,0.0,0.0,0.05409410391403635,0.0,0.0,1000.0,0.0,0.0,0.0,0.0,0.0,0.0,1000.0,0.0,0.0,0.0,0.0,0.0,0.0,1000.0,0.0,0.002954651523684995,0.05409410391403635,0.0,0.0,0.0,0.011574690266839441
16,300000000,map,5.758667631746989,-0.32201954933778115,0.0,0.0,0.0,0.0007637535646286259,0.9999997083402037,0.022659504288767812,0.017163799962093083,0.0,0.0,0.0,0.002973402367423866,0.017163799962093083,0.33297430980836484,0.0,0.0,0.0,0.05426926869994883,0.0,0.0,1000.0,0.0,0.0,0.0,0.0,0.0,0.0,1000.0,0.0,0.0,0.0,0.0,0.0,0.0,1000.0,0.0,0.002973402367423866,0.05426926869994883,0.0,0.0,0.0,0.012543794923200709
16,325000000,map,5.773598043891983,-0.3216200404887873,0.0,0.0,0.0,0.002951142117529533,0.9999956453706197,0.021954093175079164,0.017302543403123156,0.0,0.0,0.0,0.002979963206205228,0.017302543403123156,0.33375758845389847,0.0,0.0,0.0,0.05438179779653974,0.0,0.0,1000.0,0.0,0.0,0.0,0.0,0.0,0.0,1000.0,0.0,0.0,0.0,0.0,0.0,0.0,1000.0,0.0,0.002979963206205228,0.05438179779653974,0.0,0.0,0.0,0.010611270587385167
16,350000000,map,5.788264069717387,-0.3228507498203143,0.0,0.0,0.0,0.0060434031592251055,0.9999817384723858,0.02233299378774495,0.01741274808311039,0.0,0.0,0.0,0.0029936144722808914,0.01741274808311039,0.33579592384892326,0.0,0.0,0.0,0.0545444761932061,0.0,0.0,1000.0,0.0,0.0,0.0,0.0,0.0,0.0,1000.0,0.0,0.0,0.0,0.0,0.0,0.0,1000.0,0.0,0.0029936144722808914,0.0545444761932061,0.0,0.0,0.0,0.01157311645829526
16,375000000,map,5.802974400990646,-0.32394145183458495,0.0,0.0,0.0,0.009025731848992836,0.9999592672527167,0.022711475693864763,0.017515450253216602,0.0,0.0,0.0,0.0030067606388742645,0.017515450253216602,0.33784256675190305,0.0,0.0,0.0,0.0547217789422904,0.0,0.0,1000.0,0.0,0.0,0.0,0.0,0.0,0.0,1000.0,0.0,0.0,0.0,0.0,0.0,0.0,1000.0,0.0,0.0030067606388742645,0.0547217789422904,0.0,0.0,0.0,0.012532764747332378
16,400000000,map,5.811627250669321,-0.32590613394563733,0.0,0.0,0.0,0.01044407778089894,0.9999454591323002,0.02197638001072349,0.017579554670643475,0.0,0.0,0.0,0.0030041944877354024,0.017579554670643475,0.33828154490141726,0.0,0.0,0.0,0.054748177201802105,0.0,0.0,1000.0,0.0,0.0,0.0,0.0,0.0,0.0,1000.0,0.0,0.0,0.0,0.0,0.0,0.0,1000.0,0.0,0.0030041944877354024,0.054748177201802105,0.0,0.0,0.0,0.010594386315113734
16,425000000,map,5.826410939738718,-0.3267807989153401,0.0,0.0,0.0,0.013234278999069616,0.9999124230948302,0.022354267940113224,0.017670475823847703,0.0,0.0,0.0,0.0030138790321882093,0.017670475823847703,0.3403393701784686,0.0,0.0,0.0,0.05491186649876538,0.0,0.0,1000.0,0.0,0.0,0.0,0.0,0.0,0.0,1000.0,0.0,0.0,0.0,0.0,0.0,0.0,1000.0,0.0,0.0030138790321882093,0.05491186649876538,0.0,0.0,0.0,0.0115501942689192
16,450000000,map,5.846705830496416,-0.3256166070097271,0.0,0.0,0.0,0.017807317022229204,0.9998414371591476,0.021962820069714003,0.01773965106390518,0.0,0.0,0.0,0.003022201421908739,0.01773965106390518,0.3414676136722341,0.0,0.0,0.0,0.05505480796794478,0.0,0.0,1000.0,0.0,0.0,0.0,0.0,0.0,0.0,1000.0,0.0,0.0,0.0,0.0,0.0,0.0,1000.0,0.0,0.003022201421908739,0.05505480796794478,0.0,0.0,0.0,0.010593351413434393
16,475000000,map,5.861567153609813,-0.3261825839714489,0.0,0.0,0.0,0.02039567337178314,0.9997919866190724,0.02233962170268939,0.017813498732715767,0.0,0.0,0.0,0.0030284663565669544,0.017813498732715767,0.3435402881068096,0.0,0.0,0.0,0.05521931151585744,0.0,0.0,1000.0,0.0,0.0,0.0,0.0,0.0,0.0,1000.0,0.0,0.0,0.0,0.0,0.0,0.0,1000.0,0.0,0.0030284663565669544,0.05521931151585744,0.0,0.0,0.0,0.011545128001546391
16,500000000,map,5.876476814196604,-0.3266072778944417,0.0,0.0,0.0,0.0228474405940283,0.999738963159035,0.022716078720250974,0.017879660223357356,0.0,0.0,0.0,0.0030335710294784788,0.017879660223357356,0.3456214673407206,0.0,0.0,0.0,0.05539852043879439,0.0,0.0,1000.0,0.0,0.0,0.0,0.0,0.0,0.0,1000.0,0.0,0.0,0.0,0.0,0.0,0.0,1000.0,0.0,0.0030335710294784788,0.05539852043879439,0.0,0.0,0.0,0.012494174824128013
16,525000000,map,5.8889665154933395,-0.3265673857802827,0.0,0.0,0.0,0.024063422699471582,0.9997104339197359,0.02199188083350213,0.01787472093386227,0.0,0.0,0.0,0.003017818791247857,0.01787472093386227,0.3464797341322,0.0,0.0,0.0,0.05547471529823126,0.0,0.0,1000.0,0.0,0.0,0.0,0.0,0.0,0.0,1000.0,0.0,0.0,0.0,0.0,0.0,0.0,1000.0,0.0,0.003017818791247857,0.05547471529823126,0.0,0.0,0.0,0.010584866854094056
16,550000000,map,5.9039102253808755,-0.32683748438819765,0.0,0.0,0.0,0.02641894627124019,0.9996509587240525,0.022367766381326204,0.01793199256402269,0.0,0.0,0.0,0.003020805657689241,0.01793199256402269,0.3485707199510234,0.0,0.0,0.0,0.05563996926202404,0.0,0.0,1000.0,0.0,0.0,0.0,0.0,0.0,0.0,1000.0,0.0,0.0,0.0,0.0,0.0,0.0,1000.0,0.0,0.003020805657689241,0.05563996926202404,0.0,0.0,0.0,0.01153199235107738
16,575000000,map,5.918896074977225,-0.3269776661847898,0.0,0.0,0.0,0.028628760053237518,0.9995901130452493,0.02274333251117556,0.017982098314330387,0.0,0.0,0.0,0.003022488413835101,0.017982098314330387,0.35066976033950586,0.0,0.0,0.0,0.0558198608822075,0.0,0.0,1000.0,0.0,0.0,0.0,0.0,0.0,0.0,1000.0,0.0,0.0,0.0,0.0,0.0,0.0,1000.0,0.0,0.003022488413835101,0.0558198608822075,0.0,0.0,0.0,0.012476205385978637
16,600000000,map,5.9294456958943496,-0.33353604155807215,0.0,0.0,0.0,0.02956235960771099,0.9995629379355881,0.022007257739638766,0.018071321334686506,0.0,0.0,0.0,0.0030274614720616163,0.018071321334686506,0.3510764855067179,0.0,0.0,0.0,0.05581670237639719,0.0,0.0,1000.0,0.0,0.0,0.0,0.0,0.0,0.0,1000.0,0.0,0.0,0.0,0.0,0.0,0.0,1000.0,0.0,0.0030274614720616163,0.05581670237639719,0.0,0.0,0.0,0.010560172073145522
16,625000000,map,5.9445019765656815,-0.3334890737718149,0.0,0.0,0.0,0.03157079831435593,0.9995015181047973,0.022382473524891856,0.018111171004702678,0.0,0.0,0.0,0.0030269434048926834,0.018111171004702678,0.3531857204281536,0.0,0.0,0.0,0.05598277715495577,0.0,0.0,1000.0,0.0,0.0,0.0,0.0,0.0,0.0,1000.0,0.0,0.0,0.0,0.0,0.0,0.0,1000.0,0.0,0.0030269434048926834,0.05598277715495577,0.0,0.0,0.0,0.01150035963237711
16,650000000,map,5.961451664753123,-0.3378947953095941,0.0,0.0,0.0,0.034400717960011304,0.9994081201410342,0.021995784647317176,0.01825559497813863,0.0,0.0,0.0,0.0030512556042633387,0.01825559497813863,0.3541395446870365,0.0,0.0,0.0,0.056123300631594986,0.0,0.0,1000.0,0.0,0.0,0.0,0.0,0.0,0.0,1000.0,0.0,0.0,0.0,0.0,0.0,0.0,1000.0,0.0,0.0030512556042633387,0.056123300631594986,0.0,0.0,0.0,0.010567663580537758
16,675000000,map,5.976546933800897,-0.33764301346456654,0.0,0.0,0.0,0.03626881786622988,0.9993420699893436,0.02237024528904796,0.018284052091506527,0.0,0.0,0.0,0.003048476850122997,0.018284052091506527,0.3562606045719606,0.0,0.0,0.0,0.0562898973985759,0.0,0.0,1000.0,0.0,0.0,0.0,0.0,0.0,0.0,1000.0,0.0,0.0,0.0,0.0,0.0,0.0,1000.0,0.0,0.003048476850122997,0.0562898973985759,0.0,0.0,0.0,0.011505048930072474
16,700000000,map,5.991656479754571,-0.33731101380754686,0.0,0.0,0.0,0.038104536263218254,0.9992737584446842,0.022744410933895367,0.018307820915861514,0.0,0.0,0.0,0.0030445016791806,0.018307820915861514,0.3583878066704358,0.0,0.0,0.0,0.05647081032049586,0.0,0.0,1000.0,0.0,0.0,0.0,0.0,0.0,0.0,1000.0,0.0,0.0,0.0,0.0,0.0,0.0,1000.0,0.0,0.0030445016791806,0.05647081032049586,0.0,0.0,0.0,0.012441788714770424
16,725000000,map,6.006584425757833,-0.3385168157396937,0.0,0.0,0.0,0.03880843149469496,0.9992466690687147,0.02202991794856304,0.01842633285436237,0.0,0.0,0.0,0.0030553836713234166,0.01842633285436237,0.3592282137987359,0.0,0.0,0.0,0.056568534374358166,0.0,0.0,1000.0,0.0,0.0,0.0,0.0,0.0,0.0,1000.0,0.0,0.0,0.0,0.0,0.0,0.0,1000.0,0.0,0.0030553836713234166,0.056568534374358166,0.0,0.0,0.0,0.010570888531355313
16,750000000,map,6.021741034004988,-0.3380399788527374,0.0,0.0,0.0,0.04048803083231396,0.9991800234989296,0.02240375834356721,0.018442012028136823,0.0,0.0,0.0,0.003050120489892095,0.018442012028136823,0.36136695311637507,0.0,0.0,0.0,0.056735828435011536,0.0,0.0,1000.0,0.0,0.0,0.0,0.0,0.0,0.0,1000.0,0.0,0.0,0.0,0.0,0.0,0.0,1000.0,0.0,0.003050120489892095,0.056735828435011536,0.0,0.0,0.0,0.011504506956257071
16,775000000,map,6.03689141220348,-0.3375022865822014,0.0,0.0,0.0,0.04214741857347994,0.9991114027512608,0.022777219034290166,0.01845391604526419,0.0,0.0,0.0,0.0030436837138772704,0.01845391604526419,0.363509929952103,0.0,0.0,0.0,0.05691719535499043,0.0,0.0,1000.0,0.0,0.0,0.0,0.0,0.0,0.0,1000.0,0.0,0.0,0.0,0.0,0.0,0.0,1000.0,0.0,0.0030436837138772704,0.05691719535499043,0.0,0.0,0.0,0.012437723079550137
16,800000000,map,6.04934436672671,-0.3358923859758962,0.0,0.0,0.0,0.042881817917034395,0.9990801517856964,0.02203487284655233,0.01852822124130415,0.0,0.0,0.0,0.003050294854172265,0.01852822124130415,0.3642298798449345,0.0,0.0,0.0,0.056969815955624024,0.0,0.0,1000.0,0.0,0.0,0.0,0.0,0.0,0.0,1000.0,0.0,0.0,0.0,0.0,0.0,0.0,1000.0,0.0,0.003050294854172265,0.056969815955624024,0.0,0.0,0.0,0.01055970058439399
16,825000000,map,6.064572554528196,-0.33518668435585486,0.0,0.0,0.0,0.04429926227009227,0.9990183058194307,0.022408204772422755,0.018530761433159258,0.0,0.0,0.0,0.003042515278188058,0.018530761433159258,0.36638586247714733,0.0,0.0,0.0,0.057137689800233434,0.0,0.0,1000.0,0.0,0.0,0.0,0.0,0.0,0.0,1000.0,0.0,0.0,0.0,0.0,0.0,0.0,1000.0,0.0,0.003042515278188058,0.057137689800233434,0.0,0.0,0.0,0.011488076445651267
16,850000000,map,6.0828689862617775,-0.3334912712707398,0.0,0.0,0.0,0.04688969594320837,0.9989000732877906,0.021998758087288222,0.01848902432333839,0.0,0.0,0.0,0.0030342971122167793,0.01848902432333839,0.36758647637007485,0.0,0.0,0.0,0.05726252263172225,0.0,0.0,1000.0,0.0,0.0,0.0,0.0,0.0,0.0,1000.0,0.0,0.0,0.0,0.0,0.0,0.0,1000.0,0.0,0.0030342971122167793,0.05726252263172225,0.0,0.0,0.0,0.010555465646685708
16,875000000,map,6.09810794050488,-0.33262554492159363,0.0,0.0,0.0,0.048229360769792,0.9988362872662052,0.022371396750739847,0.01848175898159424,0.0,0.0,0.0,0.0030247577796506386,0.01848175898159424,0.36975144368308527,0.0,0.0,0.0,0.057430438801339266,0.0,0.0,1000.0,0.0,0.0,0.0,0.0,0.0,0.0,1000.0,0.0,0.0,0.0,0.0,0.0,0.0,1000.0,0.0,0.0030247577796506386,0.057430438801339266,0.0,0.0,0.0,0.011482289298739567
16,900000000,map,6.113379812436015,-0.3316876930350773,0.0,0.0,0.0,0.04949148421976833,0.9987745456256504,0.022744008165503253,0.018470153572767507,0.0,0.0,0.0,0.0030135552086173315,0.018470153572767507,0.3719246632412188,0.0,0.0,0.0,0.0576128601757373,0.0,0.0,1000.0,0.0,0.0,0.0,0.0,0.0,0.0,1000.0,0.0,0.0,0.0,0.0,0.0,0.0,1000.0,0.0,0.0030135552086173315,0.0576128601757373,0.0,0.0,0.0,0.012407561954679383
16,925000000,map,6.1218178017421,-0.32879618808336125,0.0,0.0,0.0,0.05044084370604674,0.9987270504428235,0.022009901377832958,0.018410186690024283,0.0,0.0,0.0,0.0029968242724092748,0.018410186690024283,0.37247361085845804,0.0,0.0,0.0,0.05761774976585845,0.0,0.0,1000.0,0.0,0.0,0.0,0.0,0.0,0.0,1000.0,0.0,0.0,0.0,0.0,0.0,0.0,1000.0,0.0,0.0029968242724092748,0.05761774976585845,0.0,0.0,0.0,0.010539298264135922
16,950000000,map,6.137134784724335,-0.3277108063587792,0.0,0.0,0.0,0.051531832332621534,0.9986713524761,0.0223822600865772,0.018389733066409293,0.0,0.0,0.0,0.002984884832094082,0.018389733066409293,0.37465522945569846,0.0,0.0,0.0,0.05778623998453762,0.0,0.0,1000.0,0.0,0.0,0.0,0.0,0.0,0.0,1000.0,0.0,0.0,0.0,0.0,0.0,0.0,1000.0,0.0,0.002984884832094082,0.05778623998453762,0.0,0.0,0.0,0.011461146454591774
16,975000000,map,6.159721370547549,-0.32436274670681514,0.0,0.0,0.0,0.05279367304558378,0.9986054416466776,0.021974088712347708,0.0183716905192124,0.0,0.0,0.0,0.0029792443494226035,0.0183716905192124,0.3760077105227593,0.0,0.0,0.0,0.05789968713226103,0.0,0.0,1000.0,0.0,0.0,0.0,0.0,0.0,0.0,1000.0,0.0,0.0,0.0,0.0,0.0,0.0,1000.0,0.0,0.0029792443494226035,0.05789968713226103,0.0,0.0,0.0,0.010526963685923294
17,0,map,6.175073871485586,-0.3231488303415247,0.0,0.0,0.0,0.05375922704560602,0.9985539271904442,0.022346199793752863,0.018343362269893845,0.0,0.0,0.0,0.0029659074958747317,0.018343362269893845,0.37820046782404027,0.0,0.0,0.0,0.05806835942506364,0.0,0.0,1000.0,0.0,0.0,0.0,0.0,0.0,0.0,1000.0,0.0,0.0,0.0,0.0,0.0,0.0,1000.0,0.0,0.0029659074958747317,0.05806835942506364,0.0,0.0,0.0,0.011446302231256427
17,25000000,map,6.1904423795993635,-0.3218720335531575,0.0,0.0,0.0,0.054655141045449517,0.9985052907007063,0.022718192048481498,0.018311057482324714,0.0,0.0,0.0,0.002950706879547437,0.018311057482324714,0.38039952352594125,0.0,0.0,0.0,0.0582513257337894,0.0,0.0,1000.0,0.0,0.0,0.0,0.0,0.0,0.0,1000.0,0.0,0.0,0.0,0.0,0.0,0.0,1000.0,0.0,0.002950706879547437,0.0582513257337894,0.0,0.0,0.0,0.012364246895725347
17,50000000,map,6.200164960678474,-0.32068245227528064,0.0,0.0,0.0,0.05497951685010222,0.9984874825088842,0.02198652775466757,0.018292609867188697,0.0,0.0,0.0,0.002942155787016583,0.018292609867188697,0.3812955641392355,0.0,0.0,0.0,0.05828287343131311,0.0,0.0,1000.0,0.0,0.0,0.0,0.0,0.0,0.0,1000.0,0.0,0.0,0.0,0.0,0.0,0.0,1000.0,0.0,0.002942155787016583,0.05828287343131311,0.0,0.0,0.0,0.010511980590516664
17,75000000,map,6.215555244651808,-0.3193339987085681,0.0,0.0,0.0,0.05579981636827717,0.9984419765280638,0.022358446896461995,0.018255622477262076,0.0,0.0,0.0,0.0029273629868252905,0.018255622477262076,0.3835025677606006,0.0,0.0,0.0,0.05845170786604995,0.0,0.0,1000.0,0.0,0.0,0.0,0.0,0.0,0.0,1000.0,0.0,0.0,0.0,0.0,0.0,0.0,1000.0,0.0,0.0029273629868252905,0.05845170786604995,0.0,0.0,0.0,0.011428411806317972
17,100000000,map,6.231596516054846,-0.31725140374794997,0.0,0.0,0.0,0.05660418672638943,0.9983966977334431,0.021947461918191136,0.018228113293948255,0.0,0.0,0.0,0.002923973884063216,0.018228113293948255,0.3845524612161567,0.0,0.0,0.0,0.058577742610442705,0.0,0.0,1000.0,0.0,0.0,0.0,0.0,0.0,0.0,1000.0,0.0,0.0,0.0,0.0,0.0,0.0,1000.0,0.0,0.002923973884063216,0.058577742610442705,0.0,0.0,0.0,0.010516151145422007
17,125000000,map,6.247006640598669,-0.3158138257247805,0.0,0.0,0.0,0.057340496375887486,0.9983546801990597,0.022319201832240877,0.018185332463349545,0.0,0.0,0.0,0.002908198583931233,0.018185332463349545,0.38676974921751867,0.0,0.0,0.0,0.05874684601619322,0.0,0.0,1000.0,0.0,0.0,0.0,0.0,0.0,0.0,1000.0,0.0,0.0,0.0,0.0,0.0,0.0,1000.0,0.0,0.002908198583931233,0.05874684601619322,0.0,0.0,0.0,0.011430901296577754
17,150000000,map,6.262419226761484,-0.31434833441095406,0.0,0.0,0.0,0.058064886608191424,0.9983128111685123,0.02269088666468693,0.018140387112778305,0.0,0.0,0.0,0.0028907765926869306,0.018140387112778305,0.38899260482559045,0.0,0.0,0.0,0.05893007326472566,0.0,0.0,1000.0,0.0,0.0,0.0,0.0,0.0,0.0,1000.0,0.0,0.0,0.0,0.0,0.0,0.0,1000.0,0.0,0.0028907765926869306,0.05893007326472566,0.0,0.0,0.0,0.012345413281245277
17,175000000,map,6.279120721880614,-0.3144737427700061,0.0,0.0,0.0,0.058698762801572005,0.9982757410883852,0.02195539787403744,0.018103205195596,0.0,0.0,0.0,0.0028829914532475086,0.018103205195596,0.39006932710006076,0.0,0.0,0.0,0.0590320059467056,0.0,0.0,1000.0,0.0,0.0,0.0,0.0,0.0,0.0,1000.0,0.0,0.0,0.0,0.0,0.0,0.0,1000.0,0.0,0.0028829914532475086,0.0590320059467056,0.0,0.0,0.0,0.010518878312586133
17,200000000,map,6.294568442362369,-0.31290502281244803,0.0,0.0,0.0,0.059291194735965676,0.9982407295972159,0.02232701165325542,0.018051647339324278,0.0,0.0,0.0,0.002865775045113308,0.018051647339324278,0.3923031796070784,0.0,0.0,0.0,0.059201541789783,0.0,0.0,1000.0,0.0,0.0,0.0,0.0,0.0,0.0,1000.0,0.0,0.0,0.0,0.0,0.0,0.0,1000.0,0.0,0.002865775045113308,0.059201541789783,0.0,0.0,0.0,0.011430747624474198
17,225000000,map,6.3100231497499895,-0.31130390151783155,0.0,0.0,0.0,0.05985361705699022,0.9982071651341695,0.022698602302477066,0.017997660065290674,0.0,0.0,0.0,0.002846743506010567,0.017997660065290674,0.3945429156094053,0.0,0.0,0.0,0.05938524234323756,0.0,0.0,1000.0,0.0,0.0,0.0,0.0,0.0,0.0,1000.0,0.0,0.0,0.0,0.0,0.0,0.0,1000.0,0.0,0.002846743506010567,0.05938524234323756,0.0,0.0,0.0,0.012342016083974304
17,250000000,map,6.323788483228462,-0.31162953193861503,0.0,0.0,0.0,0.060797512793799705,0.9981501201913907,0.022163362922886596,0.01796931166005255,0.0,0.0,0.0,0.002954341317048764,0.01796931166005255,0.39560632385398486,0.0,0.0,0.0,0.05941777452294795,0.0,0.0,1000.0,0.0,0.0,0.0,0.0,0.0,0.0,1000.0,0.0,0.0,0.0,0.0,0.0,0.0,1000.0,0.0,0.002954341317048764,0.05941777452294795,0.0,0.0,0.0,0.010594203319554638
17,275000000,map,6.339268846449605,-0.3099312202422577,0.0,0.0,0.0,0.061252849218778715,0.9981222813175656,0.022534454186086662,0.017910794009695686,0.0,0.0,0.0,0.002935577069902856,0.017910794009695686,0.39785416532899204,0.0,0.0,0.0,0.05958881342117434,0.0,0.0,1000.0,0.0,0.0,0.0,0.0,0.0,0.0,1000.0,0.0,0.0,0.0,0.0,0.0,0.0,1000.0,0.0,0.002935577069902856,0.05958881342117434,0.0,0.0,0.0,0.011503327052703245
17,300000000,map,6.354753780540314,-0.3082049933161099,0.0,0.0,0.0,0.06169112901176853,0.9980952883373678,0.02290552515629547,0.017850052068384754,0.0,0.0,0.0,0.0029149353348482663,0.017850052068384754,0.40010767212458154,0.0,0.0,0.0,0.059773977898681066,0.0,0.0,1000.0,0.0,0.0,0.0,0.0,0.0,0.0,1000.0,0.0,0.0,0.0,0.0,0.0,0.0,1000.0,0.0,0.0029149353348482663,0.059773977898681066,0.0,0.0,0.0,0.012412109257461081
17,325000000,map,6.367423266369472,-0.3040026309278684,0.0,0.0,0.0,0.062065837315208844,0.9980720574379197,0.02217444482975933,0.017820141539825737,0.0,0.0,0.0,0.0029202519804740314,0.017820141539825737,0.4008998748654754,0.0,0.0,0.0,0.059838183807734514,0.0,0.0,1000.0,0.0,0.0,0.0,0.0,0.0,0.0,1000.0,0.0,0.0,0.0,0.0,0.0,0.0,1000.0,0.0,0.0029202519804740314,0.059838183807734514,0.0,0.0,0.0,0.010595485257734285
17,350000000,map,6.382925600703738,-0.30221940005659764,0.0,0.0,0.0,0.06243541300857981,0.9980490064132362,0.022545467453239577,0.017755489419995465,0.0,0.0,0.0,0.0029005487269798073,0.017755489419995465,0.40316208050277585,0.0,0.0,0.0,0.06000947201727666,0.0,0.0,1000.0,0.0,0.0,0.0,0.0,0.0,0.0,1000.0,0.0,0.0,0.0,0.0,0.0,0.0,1000.0,0.0,0.0029005487269798073,0.06000947201727666,0.0,0.0,0.0,0.011502891134979725
17,375000000,map,6.401144716412479,-0.2992284229489742,0.0,0.0,0.0,0.06231702418350115,0.9980564054686052,0.022096360756869403,0.017649960016780264,0.0,0.0,0.0,0.0028700737309358165,0.017649960016780264,0.40463109119582613,0.0,0.0,0.0,0.06011169855923377,0.0,0.0,1000.0,0.0,0.0,0.0,0.0,0.0,0.0,1000.0,0.0,0.0,0.0,0.0,0.0,0.0,1000.0,0.0,0.0028700737309358165,0.06011169855923377,0.0,0.0,0.0,0.010576153951508804
17,400000000,map,6.416665107866879,-0.29740841126864276,0.0,0.0,0.0,0.06262221282863539,0.9980373031407419,0.022467563202445872,0.017581996541707133,0.0,0.0,0.0,0.0028500004366160746,0.017581996541707133,0.40690314114800763,0.0,0.0,0.0,0.06028287624396436,0.0,0.0,1000.0,0.0,0.0,0.0,0.0,0.0,0.0,1000.0,0.0,0.0,0.0,0.0,0.0,0.0,1000.0,0.0,0.0028500004366160746,0.06028287624396436,0.0,0.0,0.0,0.01148226966925171
17,425000000,map,6.432191274997839,-0.29556847794575436,0.0,0.0,0.0,0.06290393642461732,0.998019586372075,0.022838807869562678,0.01751223013905977,0.0,0.0,0.0,0.0028280406622678447,0.01751223013905977,0.40918112833760445,0.0,0.0,0.0,0.06046818248438483,0.0,0.0,1000.0,0.0,0.0,0.0,0.0,0.0,0.0,1000.0,0.0,0.0,0.0,0.0,0.0,0.0,1000.0,0.0,0.0028280406622678447,0.06046818248438483,0.0,0.0,0.0,0.012387915271751147
17,450000000,map,6.443233413614173,-0.2864667297155608,0.0,0.0,0.0,0.06291648934274166,0.9980187950979604,0.022107730594707612,0.01737764385796492,0.0,0.0,0.0,0.002816617650915809,0.01737764385796492,0.41028089859785477,0.0,0.0,0.0,0.06057873002872863,0.0,0.0,1000.0,0.0,0.0,0.0,0.0,0.0,0.0,1000.0,0.0,0.0,0.0,0.0,0.0,0.0,1000.0,0.0,0.002816617650915809,0.06057873002872863,0.0,0.0,0.0,0.010592660503169662
17,475000000,map,6.458777255332278,-0.28458885660532185,0.0,0.0,0.0,0.0631342184749681,0.9980050453066632,0.022479091795093928,0.01730470318874016,0.0,0.0,0.0,0.0027958768388697897,0.01730470318874016,0.4125692031529843,0.0,0.0,0.0,0.06075040930662577,0.0,0.0,1000.0,0.0,0.0,0.0,0.0,0.0,0.0,1000.0,0.0,0.0,0.0,0.0,0.0,0.0,1000.0,0.0,0.0027958768388697897,0.06075040930662577,0.0,0.0,0.0,0.011497023760300273
17,500000000,map,6.48304077693907,-0.2873007450127564,0.0,0.0,0.0,0.06436538741930671,0.9979263985396731,0.022016704087404214,0.017033649185238392,0.0,0.0,0.0,0.002739326922950364,0.017033649185238392,0.4141155740040003,0.0,0.0,0.0,0.06083802183689134,0.0,0.0,1000.0,0.0,0.0,0.0,0.0,0.0,0.0,1000.0,0.0,0.0,0.0,0.0,0.0,0.0,1000.0,0.0,0.002739326922950364,0.06083802183689134,0.0,0.0,0.0,0.010567742139345523
17,525000000,map,6.498598292043564,-0.28534831179318154,0.0,0.0,0.0,0.06451824402668822,0.9979165276653718,0.022388175966468953,0.01695458650564177,0.0,0.0,0.0,0.002717812526553467,0.01695458650564177,0.4164127717526259,0.0,0.0,0.0,0.06100945435686335,0.0,0.0,1000.0,0.0,0.0,0.0,0.0,0.0,0.0,1000.0,0.0,0.0,0.0,0.0,0.0,0.0,1000.0,0.0,0.002717812526553467,0.06100945435686335,0.0,0.0,0.0,0.011470805639084418
17,550000000,map,6.5141612655043195,-0.28338169138715597,0.0,0.0,0.0,0.064649913194291,0.9979080061428361,0.022759726890350242,0.016874011339355677,0.0,0.0,0.0,0.0026943662320773097,0.016874011339355677,0.4187159275111947,0.0,0.0,0.0,0.0611949980731634,0.0,0.0,1000.0,0.0,0.0,0.0,0.0,0.0,0.0,1000.0,0.0,0.0,0.0,0.0,0.0,0.0,1000.0,0.0,0.0026943662320773097,0.0611949980731634,0.0,0.0,0.0,0.01237344453173618
17,575000000,map,6.530513210060983,-0.285282208083661,0.0,0.0,0.0,0.06534340781178487,0.9978628357923461,0.022049818698255404,0.016996643973889742,0.0,0.0,0.0,0.0027215681041535744,0.016996643973889742,0.4201593644046202,0.0,0.0,0.0,0.061306924723853726,0.0,0.0,1000.0,0.0,0.0,0.0,0.0,0.0,0.0,1000.0,0.0,0.0,0.0,0.0,0.0,0.0,1000.0,0.0,0.0027215681041535744,0.061306924723853726,0.0,0.0,0.0,0.010575290236713154
17,600000000,map,6.546087339420349,-0.2832675966284003,0.0,0.0,0.0,0.06542565479174903,0.9978574465799566,0.02242125889470731,0.01691272243462952,0.0,0.0,0.0,0.0026993547676347814,0.01691272243462952,0.4224723105624516,0.0,0.0,0.0,0.061478646856944666,0.0,0.0,1000.0,0.0,0.0,0.0,0.0,0.0,0.0,1000.0,0.0,0.0,0.0,0.0,0.0,0.0,1000.0,0.0,0.0026993547676347814,0.061478646856944666,0.0,0.0,0.0,0.011476938703798326
17,625000000,map,6.561670606293017,-0.281235618610046,0.0,0.0,0.0,0.0654753339193673,0.9978541880696534,0.02279280412623776,0.016827100738626435,0.0,0.0,0.0,0.0026751184787243143,0.016827100738626435,0.4247915410592173,0.0,0.0,0.0,0.06166451528400609,0.0,0.0,1000.0,0.0,0.0,0.0,0.0,0.0,0.0,1000.0,0.0,0.0,0.0,0.0,0.0,0.0,1000.0,0.0,0.0026751184787243143,0.06166451528400609,0.0,0.0,0.0,0.012377934421350812
17,650000000,map,6.572910196168849,-0.2787677305698097,0.0,0.0,0.0,0.06534824362678411,0.9978625191151808,0.022039874474894413,0.016959932042596867,0.0,0.0,0.0,0.0026985690170926637,0.016959932042596867,0.4258291974828914,0.0,0.0,0.0,0.061757568327615725,0.0,0.0,1000.0,0.0,0.0,0.0,0.0,0.0,0.0,1000.0,0.0,0.0,0.0,0.0,0.0,0.0,1000.0,0.0,0.0026985690170926637,0.061757568327615725,0.0,0.0,0.0,0.010578626412495962
17,675000000,map,6.588503544031461,-0.2767188672989649,0.0,0.0,0.0,0.06535414427261137,0.9978621326748474,0.0224114383164236,0.016872832442567265,0.0,0.0,0.0,0.002675972748353077,0.016872832442567265,0.4281576072235868,0.0,0.0,0.0,0.0619295424577919,0.0,0.0,1000.0,0.0,0.0,0.0,0.0,0.0,0.0,1000.0,0.0,0.0,0.0,0.0,0.0,0.0,1000.0,0.0,0.002675972748353077,0.0619295424577919,0.0,0.0,0.0,0.011478744678226098
17,700000000,map,6.604099201221967,-0.2746647139602413,0.0,0.0,0.0,0.06534806406625672,0.9978625308742645,0.022783099866732284,0.016784679970390206,0.0,0.0,0.0,0.0026514691524811957,0.016784679970390206,0.430491892711052,0.0,0.0,0.0,0.0621155800207861,0.0,0.0,1000.0,0.0,0.0,0.0,0.0,0.0,0.0,1000.0,0.0,0.0,0.0,0.0,0.0,0.0,1000.0,0.0,0.0026514691524811957,0.0621155800207861,0.0,0.0,0.0,0.012378866542859343
17,725000000,map,6.60879468954067,-0.26393098245004326,0.0,0.0,0.0,0.06489130285003483,0.997892338288267,0.02200601556065785,0.016696651230613493,0.0,0.0,0.0,0.0026440536399553226,0.016696651230613493,0.4308078810407924,0.0,0.0,0.0,0.06218249051370488,0.0,0.0,1000.0,0.0,0.0,0.0,0.0,0.0,0.0,1000.0,0.0,0.0,0.0,0.0,0.0,0.0,1000.0,0.0,0.0026440536399553226,0.06218249051370488,0.0,0.0,0.0,0.01059140005063718
17,750000000,map,6.624384144839269,-0.26188407824207005,0.0,0.0,0.0,0.06486511386657758,0.9978940409698196,0.022377772671214324,0.016607919850032547,0.0,0.0,0.0,0.002621452414534585,0.016607919850032547,0.4331493217110415,0.0,0.0,0.0,0.06235462401756777,0.0,0.0,1000.0,0.0,0.0,0.0,0.0,0.0,0.0,1000.0,0.0,0.0,0.0,0.0,0.0,0.0,1000.0,0.0,0.002621452414534585,0.06235462401756777,0.0,0.0,0.0,0.011491924936140513
17,775000000,map,6.643794724231427,-0.25880420920471786,0.0,0.0,0.0,0.0644063682109736,0.9979237544691841,0.021911703403367754,0.016326878396337362,0.0,0.0,0.0,0.002565294628897096,0.016326878396337362,0.43425096728665313,0.0,0.0,0.0,0.0623762243236574,0.0,0.0,1000.0,0.0,0.0,0.0,0.0,0.0,0.0,1000.0,0.0,0.0,0.0,0.0,0.0,0.0,1000.0,0.0,0.002565294628897096,0.0623762243236574,0.0,0.0,0.0,0.0105599329724606
17,800000000,map,6.659370586103786,-0.25675854509221696,0.0,0.0,0.0,0.06434147674692901,0.9979279404696636,0.022283658222009693,0.01623650420090258,0.0,0.0,0.0,0.0025427706739138208,0.01623650420090258,0.43659722692042235,0.0,0.0,0.0,0.06254772364727307,0.0,0.0,1000.0,0.0,0.0,0.0,0.0,0.0,0.0,1000.0,0.0,0.0,0.0,0.0,0.0,0.0,1000.0,0.0,0.0025427706739138208,0.06254772364727307,0.0,0.0,0.0,0.01146123349923193
17,825000000,map,6.67493256732787,-0.254702243280079,0.0,0.0,0.0,0.06424143183422662,0.997934385837009,0.022655539948567,0.016144627578339378,0.0,0.0,0.0,0.0025182755213943135,0.016144627578339378,0.4389477454941951,0.0,0.0,0.0,0.06273310164059075,0.0,0.0,1000.0,0.0,0.0,0.0,0.0,0.0,0.0,1000.0,0.0,0.0,0.0,0.0,0.0,0.0,1000.0,0.0,0.0025182755213943135,0.06273310164059075,0.0,0.0,0.0,0.012363238545598105
17,850000000,map,6.693452871847264,-0.26168803676628444,0.0,0.0,0.0,0.0653049270437448,0.9978653548970478,0.02192036505935523,0.015996973005787073,0.0,0.0,0.0,0.0025068537309087193,0.015996973005787073,0.44005770328949695,0.0,0.0,0.0,0.06283083724713799,0.0,0.0,1000.0,0.0,0.0,0.0,0.0,0.0,0.0,1000.0,0.0,0.0,0.0,0.0,0.0,0.0,1000.0,0.0,0.0025068537309087193,0.06283083724713799,0.0,0.0,0.0,0.010574916322725574
17,875000000,map,6.708997159680357,-0.25958948759154254,0.0,0.0,0.0,0.06517090704506175,0.9978741167476607,0.02229207967970243,0.015901171449813855,0.0,0.0,0.0,0.002483714583378387,0.015901171449813855,0.4424150032593754,0.0,0.0,0.0,0.0630022325967219,0.0,0.0,1000.0,0.0,0.0,0.0,0.0,0.0,0.0,1000.0,0.0,0.0,0.0,0.0,0.0,0.0,1000.0,0.0,0.002483714583378387,0.0630022325967219,0.0,0.0,0.0,0.011477602444844935
17,900000000,map,6.727956981140648,-0.2559028154541155,0.0,0.0,0.0,0.0644414186487428,0.9979214916828565,0.021864371871589714,0.0160192798812367,0.0,0.0,0.0,0.002488711147500894,0.0160192798812367,0.44410039838624243,0.0,0.0,0.0,0.06310138603226707,0.0,0.0,1000.0,0.0,0.0,0.0,0.0,0.0,0.0,1000.0,0.0,0.0,0.0,0.0,0.0,0.0,1000.0,0.0,0.002488711147500894,0.06310138603226707,0.0,0.0,0.0,0.010554798455762834
17,925000000,map,6.7434922622200775,-0.2538198804379243,0.0,0.0,0.0,0.06427602969972832,0.9979321580177881,0.022236128382791705,0.01592356373500875,0.0,0.0,0.0,0.0024657854153501244,0.01592356373500875,0.4464653646950001,0.0,0.0,0.0,0.06327237441651594,0.0,0.0,1000.0,0.0,0.0,0.0,0.0,0.0,0.0,1000.0,0.0,0.0,0.0,0.0,0.0,0.0,1000.0,0.0,0.0024657854153501244,0.06327237441651594,0.0,0.0,0.0,0.011458113106587271
17,950000000,map,6.759027733129551,-0.2517407095101109,0.0,0.0,0.0,0.06410938859398797,0.9979428772700896,0.022607998562635144,0.015827345943758862,0.0,0.0,0.0,0.0024410229408596165,0.015827345943758862,0.4488359304960736,0.0,0.0,0.0,0.06345739850325538,0.0,0.0,1000.0,0.0,0.0,0.0,0.0,0.0,0.0,1000.0,0.0,0.0,0.0,0.0,0.0,0.0,1000.0,0.0,0.0024410229408596165,0.06345739850325538,0.0,0.0,0.0,0.012361452816787695
17,975000000,map,6.770907454208751,-0.24835839031690668,0.0,0.0,0.0,0.06354461430351759,0.9979789987735299,0.021881344334065553,0.015783643427761916,0.0,0.0,0.0,0.00244563324249502,0.015783643427761916,0.4502367894394246,0.0,0.0,0.0,0.06359715186278976,0.0,0.0,1000.0,0.0,0.0,0.0,0.0,0.0,0.0,1000.0,0.0,0.0,0.0,0.0,0.0,0.0,1000.0,0.0,0.00244563324249502,0.06359715186278976,0.0,0.0,0.0,0.010576433378473507
18,0,map,6.786434396336423,-0.24628909562027018,0.0,0.0,0.0,0.06334917274538711,0.9979914239673982,0.022253244959764117,0.0156870365838637,0.0,0.0,0.0,0.0024228122499555618,0.0156870365838637,0.45261658631921936,0.0,0.0,0.0,0.06376838906309389,0.0,0.0,1000.0,0.0,0.0,0.0,0.0,0.0,0.0,1000.0,0.0,0.0,0.0,0.0,0.0,0.0,1000.0,0.0,0.0024228122499555618,0.06376838906309389,0.0,0.0,0.0,0.01148035010099162
18,25000000,map,6.801952706913433,-0.24421711734604254,0.0,0.0,0.0,0.06313025311984928,0.9980052961487849,0.02262515245634058,0.015589459246958105,0.0,0.0,0.0,0.0023980882786777337,0.015589459246958105,0.45500111837294915,0.0,0.0,0.0,0.06395356198201815,0.0,0.0,1000.0,0.0,0.0,0.0,0.0,0.0,0.0,1000.0,0.0,0.0,0.0,0.0,0.0,0.0,1000.0,0.0,0.0023980882786777337,0.06395356198201815,0.0,0.0,0.0,0.012384737275027601
18,50000000,map,6.810307803096653,-0.23764107550808936,0.0,0.0,0.0,0.0631470934120896,0.9980042307493515,0.021853988401687716,0.015494367726711008,0.0,0.0,0.0,0.002387906006651796,0.015494367726711008,0.45591706671398236,0.0,0.0,0.0,0.06401992945664776,0.0,0.0,1000.0,0.0,0.0,0.0,0.0,0.0,0.0,1000.0,0.0,0.0,0.0,0.0,0.0,0.0,1000.0,0.0,0.002387906006651796,0.06401992945664776,0.0,0.0,0.0,0.010577264504013832
18,75000000,map,6.825816158082854,-0.2355651312162197,0.0,0.0,0.0,0.06290122310616929,0.9980197573854678,0.02222592856008741,0.015395430861500525,0.0,0.0,0.0,0.002365008905551941,0.015395430861500525,0.4583082638674085,0.0,0.0,0.0,0.06419098239549693,0.0,0.0,1000.0,0.0,0.0,0.0,0.0,0.0,0.0,1000.0,0.0,0.0,0.0,0.0,0.0,0.0,1000.0,0.0,0.002365008905551941,0.06419098239549693,0.0,0.0,0.0,0.01148219170541298
18,100000000,map,6.84563217098075,-0.23267701000624086,0.0,0.0,0.0,0.06243464881170901,0.9980490542191593,0.021767233971287388,0.015125859808746108,0.0,0.0,0.0,0.002314357765223118,0.015125859808746108,0.45942393193403636,0.0,0.0,0.0,0.06424906609319982,0.0,0.0,1000.0,0.0,0.0,0.0,0.0,0.0,0.0,1000.0,0.0,0.0,0.0,0.0,0.0,0.0,1000.0,0.0,0.002314357765223118,0.06424906609319982,0.0,0.0,0.0,0.010557950364821982
18,125000000,map,6.8611352361256,-0.23061555717840326,0.0,0.0,0.0,0.0621682086996704,0.9980656861284602,0.02213947102692509,0.015026217204867276,0.0,0.0,0.0,0.0022916598915869333,0.015026217204867276,0.4618218207780784,0.0,0.0,0.0,0.06441976445160003,0.0,0.0,1000.0,0.0,0.0,0.0,0.0,0.0,0.0,1000.0,0.0,0.0,0.0,0.0,0.0,0.0,1000.0,0.0,0.0022916598915869333,0.06441976445160003,0.0,0.0,0.0,0.01146328953907025
18,150000000,map,6.876638703521102,-0.22856150124600436,0.0,0.0,0.0,0.06190001731838435,0.998082355247293,0.022511830861576005,0.014926327788340528,0.0,0.0,0.0,0.0022671838091035653,0.014926327788340528,0.4642253038881017,0.0,0.0,0.0,0.06460450340674004,0.0,0.0,1000.0,0.0,0.0,0.0,0.0,0.0,0.0,1000.0,0.0,0.0,0.0,0.0,0.0,0.0,1000.0,0.0,0.0022671838091035653,0.06460450340674004,0.0,0.0,0.0,0.012368663717219633
18,175000000,map,6.888700381476302,-0.22639740801222943,0.0,0.0,0.0,0.061556816072877954,0.9981035809949637,0.021780696992417612,0.014823278165141476,0.0,0.0,0.0,0.002263002278395571,0.014823278165141476,0.4654500186053759,0.0,0.0,0.0,0.06471008211285438,0.0,0.0,1000.0,0.0,0.0,0.0,0.0,0.0,0.0,1000.0,0.0,0.0,0.0,0.0,0.0,0.0,1000.0,0.0,0.002263002278395571,0.06471008211285438,0.0,0.0,0.0,0.01057300112442998
18,200000000,map,6.904194321299273,-0.2243509133509747,0.0,0.0,0.0,0.061258523037888465,0.9981219331099865,0.022153100023781683,0.014722811315080107,0.0,0.0,0.0,0.002240437649349875,0.014722811315080107,0.46786145143121244,0.0,0.0,0.0,0.06488091813367611,0.0,0.0,1000.0,0.0,0.0,0.0,0.0,0.0,0.0,1000.0,0.0,0.0,0.0,0.0,0.0,0.0,1000.0,0.0,0.002240437649349875,0.06488091813367611,0.0,0.0,0.0,0.011478978265402515
18,225000000,map,6.927017344794138,-0.22403956351458476,0.0,0.0,0.0,0.060946587441436786,0.9981410288527585,0.0217108040246896,0.014594897636921504,0.0,0.0,0.0,0.0022100178756996112,0.014594897636921504,0.46944697293720666,0.0,0.0,0.0,0.064950998627759,0.0,0.0,1000.0,0.0,0.0,0.0,0.0,0.0,0.0,1000.0,0.0,0.0,0.0,0.0,0.0,0.0,1000.0,0.0,0.0022100178756996112,0.064950998627759,0.0,0.0,0.0,0.010548254597354617
18,250000000,map,6.94251024859797,-0.22200865583011933,0.0,0.0,0.0,0.06063945277290571,0.9981597350962432,0.022083456504380424,0.01449413959081203,0.0,0.0,0.0,0.0021876751867420043,0.01449413959081203,0.4718658520172017,0.0,0.0,0.0,0.0651214412004997,0.0,0.0,1000.0,0.0,0.0,0.0,0.0,0.0,0.0,1000.0,0.0,0.0,0.0,0.0,0.0,0.0,1000.0,0.0,0.0021876751867420043,0.0651214412004997,0.0,0.0,0.0,0.011454408673366695
18,275000000,map,6.957999388042037,-0.2199826654802401,0.0,0.0,0.0,0.06031977033016721,0.998179104824037,0.022456180122933586,0.014392962944460052,0.0,0.0,0.0,0.0021635504810354335,0.014392962944460052,0.4742899002715179,0.0,0.0,0.0,0.06530587985330889,0.0,0.0,1000.0,0.0,0.0,0.0,0.0,0.0,0.0,1000.0,0.0,0.0,0.0,0.0,0.0,0.0,1000.0,0.0,0.0021635504810354335,0.06530587985330889,0.0,0.0,0.0,0.012360814047717246
18,300000000,map,6.969312846214742,-0.2148391405212332,0.0,0.0,0.0,0.06003043109749342,0.9981965474505755,0.02172996946920878,0.014357444786786177,0.0,0.0,0.0,0.002169995761631915,0.014357444786786177,0.47575236843471813,0.0,0.0,0.0,0.06546870683144036,0.0,0.0,1000.0,0.0,0.0,0.0,0.0,0.0,0.0,1000.0,0.0,0.0,0.0,0.0,0.0,0.0,1000.0,0.0,0.002169995761631915,0.06546870683144036,0.0,0.0,0.0,0.010574478791934029
18,325000000,map,6.984796981026533,-0.21282502791679317,0.0,0.0,0.0,0.05969199646759375,0.9982168429543317,0.022102744024362485,0.014256078072933588,0.0,0.0,0.0,0.0021477843912392843,0.014256078072933588,0.47818655348938444,0.0,0.0,0.0,0.06563946384510283,0.0,0.0,1000.0,0.0,0.0,0.0,0.0,0.0,0.0,1000.0,0.0,0.0,0.0,0.0,0.0,0.0,1000.0,0.0,0.0021477843912392843,0.06563946384510283,0.0,0.0,0.0,0.011481259644602806
18,350000000,map,7.000282233937725,-0.2108209028810414,0.0,0.0,0.0,0.05935293900611534,0.9982370603375414,0.022475648856714603,0.014154668233368695,0.0,0.0,0.0,0.002123865847872572,0.014154668233368695,0.4806264111053245,0.0,0.0,0.0,0.06582427501541083,0.0,0.0,1000.0,0.0,0.0,0.0,0.0,0.0,0.0,1000.0,0.0,0.0,0.0,0.0,0.0,0.0,1000.0,0.0,0.002123865847872572,0.06582427501541083,0.0,0.0,0.0,0.01238805283842831
18,375000000,map,7.015282632299255,-0.21577752611529377,0.0,0.0,0.0,0.05976366482603849,0.9982125547029355,0.021701998017447117,0.013992190096269647,0.0,0.0,0.0,0.0021044664252727286,0.013992190096269647,0.48156215255226714,0.0,0.0,0.0,0.06588703692233393,0.0,0.0,1000.0,0.0,0.0,0.0,0.0,0.0,0.0,1000.0,0.0,0.0,0.0,0.0,0.0,0.0,1000.0,0.0,0.0021044664252727286,0.06588703692233393,0.0,0.0,0.0,0.010574311674024003
18,400000000,map,7.030759534686255,-0.21376483735372329,0.0,0.0,0.0,0.059404366689312864,0.9982340012332989,0.022074969542814554,0.013889020187413226,0.0,0.0,0.0,0.0020822706726379013,0.013889020187413226,0.4840085792062779,0.0,0.0,0.0,0.06605771482519417,0.0,0.0,1000.0,0.0,0.0,0.0,0.0,0.0,0.0,1000.0,0.0,0.0,0.0,0.0,0.0,0.0,1000.0,0.0,0.0020822706726379013,0.06605771482519417,0.0,0.0,0.0,0.011481510426863706
18,425000000,map,7.046235780047846,-0.21176580316001611,0.0,0.0,0.0,0.05903977225089392,0.9982556312350873,0.022448061848305056,0.0137860595792117,0.0,0.0,0.0,0.0020584118741296988,0.0137860595792117,0.4864603589619538,0.0,0.0,0.0,0.06624242633283524,0.0,0.0,1000.0,0.0,0.0,0.0,0.0,0.0,0.0,1000.0,0.0,0.0,0.0,0.0,0.0,0.0,1000.0,0.0,0.0020584118741296988,0.06624242633283524,0.0,0.0,0.0,0.012388815136659072
18,450000000,map,7.054034355382229,-0.20602646879771602,0.0,0.0,0.0,0.05856753656613667,0.9982834485558569,0.02168451715493728,0.013855546546182072,0.0,0.0,0.0,0.002071887941713683,0.013855546546182072,0.4873070023791221,0.0,0.0,0.0,0.06630982405490476,0.0,0.0,1000.0,0.0,0.0,0.0,0.0,0.0,0.0,1000.0,0.0,0.0,0.0,0.0,0.0,0.0,1000.0,0.0,0.002071887941713683,0.06630982405490476,0.0,0.0,0.0,0.010576588440441478
18,475000000,map,7.069510004104767,-0.2040496890811602,0.0,0.0,0.0,0.05819302571336493,0.9983053499597824,0.022057696843344212,0.013753447295983327,0.0,0.0,0.0,0.0020500833894387524,0.013753447295983327,0.48976642503739054,0.0,0.0,0.0,0.06648052572122243,0.0,0.0,1000.0,0.0,0.0,0.0,0.0,0.0,0.0,1000.0,0.0,0.0,0.0,0.0,0.0,0.0,1000.0,0.0,0.0020500833894387524,0.06648052572122243,0.0,0.0,0.0,0.01148409145455551
18,500000000,map,7.088551868109104,-0.20301274893203453,0.0,0.0,0.0,0.0571645237902765,0.9983647716239946,0.02161568511601899,0.013651874890114258,0.0,0.0,0.0,0.0020233901651913345,0.013651874890114258,0.4911570665372723,0.0,0.0,0.0,0.06649777310331734,0.0,0.0,1000.0,0.0,0.0,0.0,0.0,0.0,0.0,1000.0,0.0,0.0,0.0,0.0,0.0,0.0,1000.0,0.0,0.0020233901651913345,0.06649777310331734,0.0,0.0,0.0,0.010541979775491964
18,525000000,map,7.104030483232302,-0.20107701555242904,0.0,0.0,0.0,0.05678358871640081,0.9983865103518209,0.021989184512078746,0.01355144998440554,0.0,0.0,0.0,0.0020021052371473483,0.01355144998440554,0.4936227925551299,0.0,0.0,0.0,0.06666797278711106,0.0,0.0,1000.0,0.0,0.0,0.0,0.0,0.0,0.0,1000.0,0.0,0.0,0.0,0.0,0.0,0.0,1000.0,0.0,0.0020021052371473483,0.06666797278711106,0.0,0.0,0.0,0.011449610872518275
18,550000000,map,7.119506986553482,-0.19914976350271643,0.0,0.0,0.0,0.05639356686164006,0.9984086165576807,0.022362769154504625,0.01345090314769875,0.0,0.0,0.0,0.0019791641589340363,0.01345090314769875,0.496093840579927,0.0,0.0,0.0,0.06685219761292599,0.0,0.0,1000.0,0.0,0.0,0.0,0.0,0.0,0.0,1000.0,0.0,0.0,0.0,0.0,0.0,0.0,1000.0,0.0,0.0019791641589340363,0.06685219761292599,0.0,0.0,0.0,0.012357423829281735
18,575000000,map,7.13116569460027,-0.19498408281830726,0.0,0.0,0.0,0.05636172886499546,0.9984104143684344,0.02162868544357741,0.01329086789967959,0.0,0.0,0.0,0.0019685498611520303,0.01329086789967959,0.4972527541435641,0.0,0.0,0.0,0.06700442253218314,0.0,0.0,1000.0,0.0,0.0,0.0,0.0,0.0,0.0,1000.0,0.0,0.0,0.0,0.0,0.0,0.0,1000.0,0.0,0.0019685498611520303,0.06700442253218314,0.0,0.0,0.0,0.010571196114622778
18,600000000,map,7.146642173352504,-0.19306828356959407,0.0,0.0,0.0,0.05596750878150916,0.9984325905942733,0.02200242254387964,0.013189960803699313,0.0,0.0,0.0,0.0019474278975100201,0.013189960803699313,0.49973406228140904,0.0,0.0,0.0,0.06717505294752056,0.0,0.0,1000.0,0.0,0.0,0.0,0.0,0.0,0.0,1000.0,0.0,0.0,0.0,0.0,0.0,0.0,1000.0,0.0,0.0019474278975100201,0.06717505294752056,0.0,0.0,0.0,0.011479092981374643
18,625000000,map,7.169396001229281,-0.1934772190947748,0.0,0.0,0.0,0.0550521140991459,0.9984834824538734,0.02156118503807039,0.012991247259876005,0.0,0.0,0.0,0.0019083782369857015,0.012991247259876005,0.5013150111003278,0.0,0.0,0.0,0.06722224390421774,0.0,0.0,1000.0,0.0,0.0,0.0,0.0,0.0,0.0,1000.0,0.0,0.0,0.0,0.0,0.0,0.0,1000.0,0.0,0.0019083782369857015,0.06722224390421774,0.0,0.0,0.0,0.01054241999142674
18,650000000,map,7.184874588480798,-0.1915992472810959,0.0,0.0,0.0,0.0546505819679389,0.9985055402402961,0.021935257466660047,0.012891594260065788,0.0,0.0,0.0,0.0018877272300480414,0.012891594260065788,0.5038034469457777,0.0,0.0,0.0,0.06739245328137027,0.0,0.0,1000.0,0.0,0.0,0.0,0.0,0.0,0.0,1000.0,0.0,0.0,0.0,0.0,0.0,0.0,1000.0,0.0,0.0018877272300480414,0.06739245328137027,0.0,0.0,0.0,0.011450462742212703
18,675000000,map,7.2003525670949475,-0.18973167934386304,0.0,0.0,0.0,0.054243669547915256,0.9985277283651048,0.022309427485789495,0.012791986957064396,0.0,0.0,0.0,0.0018654946967372821,0.012791986957064396,0.5062973609207142,0.0,0.0,0.0,0.06757671146457306,0.0,0.0,1000.0,0.0,0.0,0.0,0.0,0.0,0.0,1000.0,0.0,0.0,0.0,0.0,0.0,0.0,1000.0,0.0,0.0018654946967372821,0.06757671146457306,0.0,0.0,0.0,0.012358613080432687
18,700000000,map,7.211672119838689,-0.1871864671451583,0.0,0.0,0.0,0.05456219619187155,0.9985103738803717,0.02158428602389137,0.01277495026681762,0.0,0.0,0.0,0.0018737593164077936,0.01277495026681762,0.5078098169334119,0.0,0.0,0.0,0.06774985954626411,0.0,0.0,1000.0,0.0,0.0,0.0,0.0,0.0,0.0,1000.0,0.0,0.0,0.0,0.0,0.0,0.0,1000.0,0.0,0.0018737593164077936,0.06774985954626411,0.0,0.0,0.0,0.010570156089537612
18,725000000,map,7.227148396841974,-0.18531962776230743,0.0,0.0,0.0,0.0541501010815659,0.9985328069487032,0.021958489889410647,0.012674525991992536,0.0,0.0,0.0,0.0018531787504705041,0.012674525991992536,0.5103144217050826,0.0,0.0,0.0,0.06792047440593323,0.0,0.0,1000.0,0.0,0.0,0.0,0.0,0.0,0.0,1000.0,0.0,0.0,0.0,0.0,0.0,0.0,1000.0,0.0,0.0018531787504705041,0.06792047440593323,0.0,0.0,0.0,0.011478410194574748
18,750000000,map,7.242625699205245,-0.18346504550804335,0.0,0.0,0.0,0.053736683692755964,0.9985551406035146,0.02233281005994154,0.012574292383420895,0.0,0.0,0.0,0.0018310488542567717,0.012574292383420895,0.5128246864286553,0.0,0.0,0.0,0.06810515809638709,0.0,0.0,1000.0,0.0,0.0,0.0,0.0,0.0,0.0,1000.0,0.0,0.0,0.0,0.0,0.0,0.0,1000.0,0.0,0.0018310488542567717,0.06810515809638709,0.0,0.0,0.0,0.012386690598718416
18,775000000,map,7.254231983102544,-0.18071073088270487,0.0,0.0,0.0,0.0537214059855592,0.9985559626475297,0.021565955109661104,0.012486583127038329,0.0,0.0,0.0,0.0018221352816215975,0.012486583127038329,0.5138265757339441,0.0,0.0,0.0,0.06817190204045376,0.0,0.0,1000.0,0.0,0.0,0.0,0.0,0.0,0.0,1000.0,0.0,0.0,0.0,0.0,0.0,0.0,1000.0,0.0,0.0018221352816215975,0.06817190204045376,0.0,0.0,0.0,0.010570194228945513
18,800000000,map,7.269708293491009,-0.17886690063594834,0.0,0.0,0.0,0.05330139860626547,0.9985784700796507,0.021940399865075674,0.012386170775119188,0.0,0.0,0.0,0.0018018081588424355,0.012386170775119188,0.5163443604753314,0.0,0.0,0.0,0.06834251908179373,0.0,0.0,1000.0,0.0,0.0,0.0,0.0,0.0,0.0,1000.0,0.0,0.0,0.0,0.0,0.0,0.0,1000.0,0.0,0.0018018081588424355,0.06834251908179373,0.0,0.0,0.0,0.011478606429270519
18,825000000,map,7.290500229976249,-0.17916105856133885,0.0,0.0,0.0,0.05230500451558685,0.9986311563848909,0.02150326294589796,0.012290289749120687,0.0,0.0,0.0,0.0017771017510297496,0.012290289749120687,0.5179129626433502,0.0,0.0,0.0,0.06837493840793794,0.0,0.0,1000.0,0.0,0.0,0.0,0.0,0.0,0.0,1000.0,0.0,0.0,0.0,0.0,0.0,0.0,1000.0,0.0,0.0017771017510297496,0.06837493840793794,0.0,0.0,0.0,0.010538565552706006
18,850000000,map,7.305980451523825,-0.17735983826047386,0.0,0.0,0.0,0.05188173424624374,0.9986532359390832,0.021877998265396693,0.012191796799091194,0.0,0.0,0.0,0.001757301289282913,0.012191796799091194,0.5204376187279214,0.0,0.0,0.0,0.06854510944944693,0.0,0.0,1000.0,0.0,0.0,0.0,0.0,0.0,0.0,1000.0,0.0,0.0,0.0,0.0,0.0,0.0,1000.0,0.0,0.001757301289282913,0.06854510944944693,0.0,0.0,0.0,0.011447042467954197
18,875000000,map,7.321461574809936,-0.17557108960243797,0.0,0.0,0.0,0.05145686280325547,0.9986752181116977,0.02225284166873759,0.012093541777189064,0.0,0.0,0.0,0.0017360128604863479,0.012093541777189064,0.5229679111488901,0.0,0.0,0.0,0.06872935489348214,0.0,0.0,1000.0,0.0,0.0,0.0,0.0,0.0,0.0,1000.0,0.0,0.0,0.0,0.0,0.0,0.0,1000.0,0.0,0.0017360128604863479,0.06872935489348214,0.0,0.0,0.0,0.012355551262503602
18,900000000,map,7.3333375729758785,-0.17328924958272102,0.0,0.0,0.0,0.05139116947356188,0.9986786008021498,0.021527809722672056,0.012087223976046613,0.0,0.0,0.0,0.001743817792996626,0.012087223976046613,0.5245270312579219,0.0,0.0,0.0,0.0688661100742463,0.0,0.0,1000.0,0.0,0.0,0.0,0.0,0.0,0.0,1000.0,0.0,0.0,0.0,0.0,0.0,0.0,1000.0,0.0,0.001743817792996626,0.0688661100742463,0.0,0.0,0.0,0.010555191398304685
18,925000000,map,7.348819515372832,-0.17151471911191787,0.0,0.0,0.0,0.0509638820925721,0.9987004970070128,0.02190273478553514,0.011989213136313254,0.0,0.0,0.0,0.0017242811532293257,0.011989213136313254,0.5270672000273382,0.0,0.0,0.0,0.0690365580527307,0.0,0.0,1000.0,0.0,0.0,0.0,0.0,0.0,0.0,1000.0,0.0,0.0,0.0,0.0,0.0,0.0,1000.0,0.0,0.0017242811532293257,0.0690365580527307,0.0,0.0,0.0,0.011463748359272996
18,950000000,map,7.364302863676964,-0.16975328389445699,0.0,0.0,0.0,0.05053629784300486,0.9987222249456168,0.022277771542413102,0.011891501291656892,0.0,0.0,0.0,0.0017032883159598324,0.011891501291656892,0.5296130681746957,0.0,0.0,0.0,0.06922108905796635,0.0,0.0,1000.0,0.0,0.0,0.0,0.0,0.0,0.0,1000.0,0.0,0.0,0.0,0.0,0.0,0.0,1000.0,0.0,0.0017032883159598324,0.06922108905796635,0.0,0.0,0.0,0.012372311078387715
18,975000000,map,7.375281702602692,-0.16953782813084825,0.0,0.0,0.0,0.050126584001436346,0.998742872603528,0.02151206328055533,0.01181100126338128,0.0,0.0,0.0,0.0016960370071858856,0.01181100126338128,0.5304987437312378,0.0,0.0,0.0,0.0693098140594568,0.0,0.0,1000.0,0.0,0.0,0.0,0.0,0.0,0.0,1000.0,0.0,0.0,0.0,0.0,0.0,0.0,1000.0,0.0,0.0016960370071858856,0.0693098140594568,0.0,0.0,0.0,0.010563755549472906
19,0,map,7.39076774204842,-0.16780201707255774,0.0,0.0,0.0,0.04969833922857146,0.998764274029624,0.02188727249697065,0.01171421935008659,0.0,0.0,0.0,0.0016769117657128912,0.01171421935008659,0.5330532512101206,0.0,0.0,0.0,0.06948043991325885,0.0,0.0,1000.0,0.0,0.0,0.0,0.0,0.0,0.0,1000.0,0.0,0.0,0.0,0.0,0.0,0.0,1000.0,0.0,0.0016769117657128912,0.06948043991325885,0.0,0.0,0.0,0.011472331133635907
19,25000000,map,7.4116085161168,-0.16788445293696222,0.0,0.0,0.0,0.04862714338626127,0.998817000719397,0.021453754349981993,0.011649747230127912,0.0,0.0,0.0,0.0016577288291131141,0.011649747230127912,0.5345086935487051,0.0,0.0,0.0,0.06951587884076571,0.0,0.0,1000.0,0.0,0.0,0.0,0.0,0.0,0.0,1000.0,0.0,0.0,0.0,0.0,0.0,0.0,1000.0,0.0,0.0016577288291131141,0.06951587884076571,0.0,0.0,0.0,0.010536490218404242
19,50000000,map,7.427099278577873,-0.16619463281774297,0.0,0.0,0.0,0.04819776448478023,0.9988378124093369,0.021829229292479872,0.011555298319211845,0.0,0.0,0.0,0.0016391563726534854,0.011555298319211845,0.5370702663513607,0.0,0.0,0.0,0.06968613454317009,0.0,0.0,1000.0,0.0,0.0,0.0,0.0,0.0,0.0,1000.0,0.0,0.0,0.0,0.0,0.0,0.0,1000.0,0.0,0.0016391563726534854,0.06968613454317009,0.0,0.0,0.0,0.011445087877860654
19,75000000,map,7.442591464592208,-0.16451737729487473,0.0,0.0,0.0,0.04776830122453881,0.9988584431230092,0.0222048069161597,0.01146114910591705,0.0,0.0,0.0,0.0016191980593124706,0.01146114910591705,0.5396375573839306,0.0,0.0,0.0,0.06987048206720307,0.0,0.0,1000.0,0.0,0.0,0.0,0.0,0.0,0.0,1000.0,0.0,0.0,0.0,0.0,0.0,0.0,1000.0,0.0,0.0016191980593124706,0.06987048206720307,0.0,0.0,0.0,0.01235368704807857
19,100000000,map,7.451086585640155,-0.15860826440072498,0.0,0.0,0.0,0.04746617940343765,0.9988728456679762,0.021477350067526796,0.011406074059551028,0.0,0.0,0.0,0.0016203734906459198,0.011406074059551028,0.5411211272004813,0.0,0.0,0.0,0.07003861954097217,0.0,0.0,1000.0,0.0,0.0,0.0,0.0,0.0,0.0,1000.0,0.0,0.0,0.0,0.0,0.0,0.0,1000.0,0.0,0.0016203734906459198,0.07003861954097217,0.0,0.0,0.0,0.010563041312877936
19,125000000,map,7.4665813117841155,-0.15694871218073025,0.0,0.0,0.0,0.04703692388976774,0.9988931513385144,0.021853045075961985,0.011312334625640864,0.0,0.0,0.0,0.0016020896418008392,0.011312334625640864,0.5436996390165288,0.0,0.0,0.0,0.07020933018646966,0.0,0.0,1000.0,0.0,0.0,0.0,0.0,0.0,0.0,1000.0,0.0,0.0,0.0,0.0,0.0,0.0,1000.0,0.0,0.0016020896418008392,0.07020933018646966,0.0,0.0,0.0,0.011471636023323645
19,150000000,map,7.486096577641478,-0.1569589723779659,0.0,0.0,0.0,0.04670691788180463,0.9989086363737087,0.021417654355679626,0.011090830751976567,0.0,0.0,0.0,0.0015623409180990202,0.011090830751976567,0.5452168680987114,0.0,0.0,0.0,0.07022247243627659,0.0,0.0,1000.0,0.0,0.0,0.0,0.0,0.0,0.0,1000.0,0.0,0.0,0.0,0.0,0.0,0.0,1000.0,0.0,0.0015623409180990202,0.07022247243627659,0.0,0.0,0.0,0.010529668840967014
19,175000000,map,7.501594128608848,-0.15532330329808308,0.0,0.0,0.0,0.04627847108246575,0.9989285775841381,0.021793611389044905,0.010997611739897488,0.0,0.0,0.0,0.0015443747977102085,0.010997611739897488,0.5478014632246305,0.0,0.0,0.0,0.07039269688438529,0.0,0.0,1000.0,0.0,0.0,0.0,0.0,0.0,0.0,1000.0,0.0,0.0,0.0,0.0,0.0,0.0,1000.0,0.0,0.0015443747977102085,0.07039269688438529,0.0,0.0,0.0,0.011438247053241313
19,200000000,map,7.517093199384841,-0.15370104963630937,0.0,0.0,0.0,0.04585033264455922,0.9989483204832887,0.022169667694531065,0.010904783345760942,0.0,0.0,0.0,0.0015250820925238088,0.010904783345760942,0.5503917670833743,0.0,0.0,0.0,0.07057702009486116,0.0,0.0,1000.0,0.0,0.0,0.0,0.0,0.0,0.0,1000.0,0.0,0.0,0.0,0.0,0.0,0.0,1000.0,0.0,0.0015250820925238088,0.07057702009486116,0.0,0.0,0.0,0.012346818921343233
19,225000000,map,7.532433453941921,-0.15392507145877574,0.0,0.0,0.0,0.045047905933943526,0.9989848277981836,0.021520446548714434,0.010684018445162691,0.0,0.0,0.0,0.0015264495191137937,0.010684018445162691,0.551897220584739,0.0,0.0,0.0,0.07064820484221483,0.0,0.0,1000.0,0.0,0.0,0.0,0.0,0.0,0.0,1000.0,0.0,0.0,0.0,0.0,0.0,0.0,1000.0,0.0,0.0015264495191137937,0.07064820484221483,0.0,0.0,0.0,0.010649549287197652
19,250000000,map,7.547936705397904,-0.1523412427254827,0.0,0.0,0.0,0.044620341678560646,0.9990040165627406,0.0218966658484967,0.010593306072896741,0.0,0.0,0.0,0.0015088629553241888,0.010593306072896741,0.5544958506032613,0.0,0.0,0.0,0.07082035029894616,0.0,0.0,1000.0,0.0,0.0,0.0,0.0,0.0,0.0,1000.0,0.0,0.0,0.0,0.0,0.0,0.0,1000.0,0.0,0.0015088629553241888,0.07082035029894616,0.0,0.0,0.0,0.011558109179812927
19,275000000,map,7.563442225282365,-0.1507716217219069,0.0,0.0,0.0,0.04419514752402708,0.9990229171221897,0.022272989725100473,0.010503062650913374,0.0,0.0,0.0,0.0014900080944151067,0.010503062650913374,0.5571003312872558,0.0,0.0,0.0,0.07100660826827668,0.0,0.0,1000.0,0.0,0.0,0.0,0.0,0.0,0.0,1000.0,0.0,0.0,0.0,0.0,0.0,0.0,1000.0,0.0,0.0014900080944151067,0.07100660826827668,0.0,0.0,0.0,0.012466621460422295
19,300000000,map,7.574633725296657,-0.14920433084385787,0.0,0.0,0.0,0.044684137887573146,0.9990011650750185,0.021521783429076756,0.010392184817782254,0.0,0.0,0.0,0.0014819173787846464,0.010392184817782254,0.558305738856873,0.0,0.0,0.0,0.07114034676829607,0.0,0.0,1000.0,0.0,0.0,0.0,0.0,0.0,0.0,1000.0,0.0,0.0,0.0,0.0,0.0,0.0,1000.0,0.0,0.0014819173787846464,0.07114034676829607,0.0,0.0,0.0,0.010668067359638093
19,325000000,map,7.590139418143169,-0.14763311024143694,0.0,0.0,0.0,0.04425991311264706,0.9990200498945259,0.02189818883604528,0.01030092746070124,0.0,0.0,0.0,0.0014644417701817813,0.01030092746070124,0.5609199403830902,0.0,0.0,0.0,0.07131280594995673,0.0,0.0,1000.0,0.0,0.0,0.0,0.0,0.0,0.0,1000.0,0.0,0.0,0.0,0.0,0.0,0.0,1000.0,0.0,0.0014644417701817813,0.07131280594995673,0.0,0.0,0.0,0.011576560257819012
19,350000000,map,7.605646485241255,-0.14607510411193,0.0,0.0,0.0,0.04383579898489589,0.9990387493622837,0.022274686308780323,0.010210073674950573,0.0,0.0,0.0,0.0014456977014395173,0.010210073674950573,0.5635399072387542,0.0,0.0,0.0,0.07149936845839143,0.0,0.0,1000.0,0.0,0.0,0.0,0.0,0.0,0.0,1000.0,0.0,0.0,0.0,0.0,0.0,0.0,1000.0,0.0,0.0014456977014395173,0.07149936845839143,0.0,0.0,0.0,0.012485050781151743
19,375000000,map,7.614807319731403,-0.14470710502143433,0.0,0.0,0.0,0.04387110003246018,0.9990371997988573,0.02151007580132876,0.010126734268979571,0.0,0.0,0.0,0.0014345260416358913,0.010126734268979571,0.5644295475739426,0.0,0.0,0.0,0.07153680396238878,0.0,0.0,1000.0,0.0,0.0,0.0,0.0,0.0,0.0,1000.0,0.0,0.0,0.0,0.0,0.0,0.0,1000.0,0.0,0.0014345260416358913,0.07153680396238878,0.0,0.0,0.0,0.01066202649155996
19,400000000,map,7.6303164867875175,-0.1431620811187626,0.0,0.0,0.0,0.04344929318348686,0.9990556335469288,0.021886705523098512,0.01003604585887915,0.0,0.0,0.0,0.0014173511718623165,0.01003604585887915,0.5670565157702808,0.0,0.0,0.0,0.07170920771874799,0.0,0.0,1000.0,0.0,0.0,0.0,0.0,0.0,0.0,1000.0,0.0,0.0,0.0,0.0,0.0,0.0,1000.0,0.0,0.0014173511718623165,0.07170920771874799,0.0,0.0,0.0,0.011570470680652036
19,425000000,map,7.6513440883125,-0.1458370013174198,0.0,0.0,0.0,0.04263947718721638,0.9990905239192297,0.02144923877523204,0.010032994648041154,0.0,0.0,0.0,0.0014036450124257876,0.010032994648041154,0.5683183692869167,0.0,0.0,0.0,0.07170087368173508,0.0,0.0,1000.0,0.0,0.0,0.0,0.0,0.0,0.0,1000.0,0.0,0.0,0.0,0.0,0.0,0.0,1000.0,0.0,0.0014036450124257876,0.07170087368173508,0.0,0.0,0.0,0.010619874988007625
19,450000000,map,7.666858056663034,-0.14433128762546305,0.0,0.0,0.0,0.042220351125846885,0.999108323431854,0.02182607156228956,0.00994447051176663,0.0,0.0,0.0,0.0013869706335611803,0.00994447051176663,0.5709510816076278,0.0,0.0,0.0,0.07187267645363798,0.0,0.0,1000.0,0.0,0.0,0.0,0.0,0.0,0.0,1000.0,0.0,0.0,0.0,0.0,0.0,0.0,1000.0,0.0,0.0013869706335611803,0.07187267645363798,0.0,0.0,0.0,0.011528265065016797
19,475000000,map,7.682374399723104,-0.142839740741579,0.0,0.0,0.0,0.0418041245198054,0.9991258254960346,0.02220300177611092,0.009856456252662217,0.0,0.0,0.0,0.0013690982759279994,0.009856456252662217,0.5735896507289842,0.0,0.0,0.0,0.0720585999638709,0.0,0.0,1000.0,0.0,0.0,0.0,0.0,0.0,0.0,1000.0,0.0,0.0,0.0,0.0,0.0,0.0,1000.0,0.0,0.0013690982759279994,0.0720585999638709,0.0,0.0,0.0,0.012436596953454296
19,500000000,map,7.697687891441903,-0.14386026149883482,0.0,0.0,0.0,0.041122638034291135,0.9991541065526882,0.021489446866835463,0.009899350248738116,0.0,0.0,0.0,0.0013792410780002634,0.009899350248738116,0.5752030304946771,0.0,0.0,0.0,0.07220475752807026,0.0,0.0,1000.0,0.0,0.0,0.0,0.0,0.0,0.0,1000.0,0.0,0.0,0.0,0.0,0.0,0.0,1000.0,0.0,0.0013792410780002634,0.07220475752807026,0.0,0.0,0.0,0.010643827088808079
19,525000000,map,7.713208742607278,-0.1424041233094342,0.0,0.0,0.0,0.040709701461132154,0.9991710164966483,0.02186649698486118,0.009813367844990229,0.0,0.0,0.0,0.0013630809147429114,0.009813367844990229,0.5778523100356945,0.0,0.0,0.0,0.07237700731215754,0.0,0.0,1000.0,0.0,0.0,0.0,0.0,0.0,0.0,1000.0,0.0,0.0,0.0,0.0,0.0,0.0,1000.0,0.0,0.0013630809147429114,0.07237700731215754,0.0,0.0,0.0,0.011552092742129825
19,550000000,map,7.733060923633865,-0.13744446423743115,0.0,0.0,0.0,0.03976099850044766,0.9992092188316957,0.02143527842545985,0.009847903424050229,0.0,0.0,0.0,0.0013574495316548342,0.009847903424050229,0.57964515688268,0.0,0.0,0.0,0.07253744495458278,0.0,0.0,1000.0,0.0,0.0,0.0,0.0,0.0,0.0,1000.0,0.0,0.0,0.0,0.0,0.0,0.0,1000.0,0.0,0.0013574495316548342,0.07253744495458278,0.0,0.0,0.0,0.010638525922861545
19,575000000,map,7.748587048004701,-0.13603657655337573,0.0,0.0,0.0,0.039351620795388474,0.9992254249871627,0.021812518451933115,0.009764694812811439,0.0,0.0,0.0,0.0013418323644809383,0.009764694812811439,0.582305358402932,0.0,0.0,0.0,0.07270967039742748,0.0,0.0,1000.0,0.0,0.0,0.0,0.0,0.0,0.0,1000.0,0.0,0.0,0.0,0.0,0.0,0.0,1000.0,0.0,0.0013418323644809383,0.07270967039742748,0.0,0.0,0.0,0.011546719890086824
19,600000000,map,7.76411437896116,-0.13464144730810168,0.0,0.0,0.0,0.0389423800851573,0.9992414578235348,0.02218983547851565,0.009681932876220406,0.0,0.0,0.0,0.00132508967589819,0.009681932876220406,0.5849713046092271,0.0,0.0,0.0,0.07289601103045909,0.0,0.0,1000.0,0.0,0.0,0.0,0.0,0.0,0.0,1000.0,0.0,0.0,0.0,0.0,0.0,0.0,1000.0,0.0,0.00132508967589819,0.07289601103045909,0.0,0.0,0.0,0.012454910983129812
19,625000000,map,7.775844747797375,-0.13218330286817817,0.0,0.0,0.0,0.03895041893778633,0.9992411445014516,0.021467516136339522,0.009461416714626702,0.0,0.0,0.0,0.0012993288770926522,0.009461416714626702,0.586753879902447,0.0,0.0,0.0,0.07303710924508347,0.0,0.0,1000.0,0.0,0.0,0.0,0.0,0.0,0.0,1000.0,0.0,0.0,0.0,0.0,0.0,0.0,1000.0,0.0,0.0012993288770926522,0.07303710924508347,0.0,0.0,0.0,0.010658119908027766
19,650000000,map,7.791374693748124,-0.1308020651602398,0.0,0.0,0.0,0.03854508315468865,0.999256862155371,0.02184499617046631,0.009378601568314724,0.0,0.0,0.0,0.0012839803201530522,0.009378601568314724,0.5894301187731177,0.0,0.0,0.0,0.07320968074260634,0.0,0.0,1000.0,0.0,0.0,0.0,0.0,0.0,0.0,1000.0,0.0,0.0,0.0,0.0,0.0,0.0,1000.0,0.0,0.0012839803201530522,0.07320968074260634,0.0,0.0,0.0,0.011566232716270547
19,675000000,map,7.80690750492861,-0.12943517359270074,0.0,0.0,0.0,0.038144317004445476,0.9992722407233499,0.022222569375390282,0.009296371844823442,0.0,0.0,0.0,0.0012675499509091745,0.009296371844823442,0.5921123023292516,0.0,0.0,0.0,0.07339638891255305,0.0,0.0,1000.0,0.0,0.0,0.0,0.0,0.0,0.0,1000.0,0.0,0.0,0.0,0.0,0.0,0.0,1000.0,0.0,0.0012675499509091745,0.07339638891255305,0.0,0.0,0.0,0.012474253938364216
19,700000000,map,7.816609207468321,-0.13068703127909692,0.0,0.0,0.0,0.03858544634360564,0.9992553043794488,0.021457889905404523,0.009071895651874563,0.0,0.0,0.0,0.0012368067493068564,0.009071895651874563,0.593263600877738,0.0,0.0,0.0,0.07346353989855707,0.0,0.0,1000.0,0.0,0.0,0.0,0.0,0.0,0.0,1000.0,0.0,0.0,0.0,0.0,0.0,0.0,1000.0,0.0,0.0012368067493068564,0.07346353989855707,0.0,0.0,0.0,0.01065684579885116
19,725000000,map,7.832143344111638,-0.12932023404935888,0.0,0.0,0.0,0.038188432678212154,0.9992705557603414,0.021835603860614332,0.00898861653024749,0.0,0.0,0.0,0.0012216205128635848,0.00898861653024749,0.5959536011253326,0.0,0.0,0.0,0.07363613687700772,0.0,0.0,1000.0,0.0,0.0,0.0,0.0,0.0,0.0,1000.0,0.0,0.0,0.0,0.0,0.0,0.0,1000.0,0.0,0.0012216205128635848,0.07363613687700772,0.0,0.0,0.0,0.011564791928908108
19,750000000,map,7.8520671774344395,-0.12944297042892575,0.0,0.0,0.0,0.03713568343214426,0.9993102326184935,0.021399697607156654,0.008991571053896776,0.0,0.0,0.0,0.0012111149979355197,0.008991571053896776,0.5973106137263366,0.0,0.0,0.0,0.07363711490035123,0.0,0.0,1000.0,0.0,0.0,0.0,0.0,0.0,0.0,1000.0,0.0,0.0,0.0,0.0,0.0,0.0,1000.0,0.0,0.0012111149979355197,0.07363711490035123,0.0,0.0,0.0,0.010619339030394226
19,775000000,map,7.86760663992724,-0.1281226255988129,0.0,0.0,0.0,0.03674237833363686,0.9993247708499914,0.021777595245423387,0.008911164896994127,0.0,0.0,0.0,0.001196494456843882,0.008911164896994127,0.6000067486258227,0.0,0.0,0.0,0.07380918763827268,0.0,0.0,1000.0,0.0,0.0,0.0,0.0,0.0,0.0,1000.0,0.0,0.0,0.0,0.0,0.0,0.0,1000.0,0.0,0.001196494456843882,0.07380918763827268,0.0,0.0,0.0,0.01152721050453028
19,800000000,map,7.883147477253796,-0.12681480635308648,0.0,0.0,0.0,0.03634995717100361,0.9993391219269193,0.022155562992835283,0.008831233868227074,0.0,0.0,0.0,0.0011808252948456676,0.008831233868227074,0.6027086469525575,0.0,0.0,0.0,0.07399538454465207,0.0,0.0,1000.0,0.0,0.0,0.0,0.0,0.0,0.0,1000.0,0.0,0.0,0.0,0.0,0.0,0.0,1000.0,0.0,0.0011808252948456676,0.07399538454465207,0.0,0.0,0.0,0.01243506417435458
19,825000000,map,7.89840833499661,-0.1243040101820016,0.0,0.0,0.0,0.03541298706289792,0.9993727634608035,0.021440471247432976,0.00882118898960882,0.0,0.0,0.0,0.0011792721546819568,0.00882118898960882,0.604413034478356,0.0,0.0,0.0,0.07410721905148031,0.0,0.0,1000.0,0.0,0.0,0.0,0.0,0.0,0.0,1000.0,0.0,0.0,0.0,0.0,0.0,0.0,1000.0,0.0,0.0011792721546819568,0.07410721905148031,0.0,0.0,0.0,0.010633264833750348
19,850000000,map,7.9139543887976345,-0.123039298514468,0.0,0.0,0.0,0.03502526098948617,0.9993864273105866,0.02181859008732594,0.008743895344916573,0.0,0.0,0.0,0.0011652501136714057,0.008743895344916573,0.6071247061173918,0.0,0.0,0.0,0.0742795803963988,0.0,0.0,1000.0,0.0,0.0,0.0,0.0,0.0,0.0,1000.0,0.0,0.0,0.0,0.0,0.0,0.0,1000.0,0.0,0.0011652501136714057,0.0742795803963988,0.0,0.0,0.0,0.01154102416904874
19,875000000,map,7.932542619909826,-0.11817606555872166,0.0,0.0,0.0,0.03474261693761847,0.999396293053124,0.021383901119210208,0.008642551490841116,0.0,0.0,0.0,0.001143546794788662,0.008642551490841116,0.6090732487133158,0.0,0.0,0.0,0.0744067355737195,0.0,0.0,1000.0,0.0,0.0,0.0,0.0,0.0,0.0,1000.0,0.0,0.0,0.0,0.0,0.0,0.0,1000.0,0.0,0.001143546794788662,0.0744067355737195,0.0,0.0,0.0,0.010619494571696803
19,900000000,map,7.948093138181256,-0.11693499840268308,0.0,0.0,0.0,0.03436221956931602,0.9994094445552684,0.02176218454534047,0.008566132209627531,0.0,0.0,0.0,0.0011298040848343055,0.008566132209627531,0.6117948079049129,0.0,0.0,0.0,0.07457893114041737,0.0,0.0,1000.0,0.0,0.0,0.0,0.0,0.0,0.0,1000.0,0.0,0.0,0.0,0.0,0.0,0.0,1000.0,0.0,0.0011298040848343055,0.07457893114041737,0.0,0.0,0.0,0.011527107064628011
19,925000000,map,7.963645438666426,-0.11570660127763524,0.0,0.0,0.0,0.033984036491790756,0.9994223758070081,0.02214053692239663,0.00849023763425973,0.0,0.0,0.0,0.0011150867926447022,0.00849023763425973,0.61452218350818,0.0,0.0,0.0,0.07476526155897144,0.0,0.0,1000.0,0.0,0.0,0.0,0.0,0.0,0.0,1000.0,0.0,0.0,0.0,0.0,0.0,0.0,1000.0,0.0,0.0011150867926447022,0.07476526155897144,0.0,0.0,0.0,0.012434675146527848
19,950000000,map,7.978443794560655,-0.11591353581927259,0.0,0.0,0.0,0.033807031941940784,0.9994283789203089,0.02141870191939969,0.008228790166806698,0.0,0.0,0.0,0.0010807605150153121,0.008228790166806698,0.616289640525526,0.0,0.0,0.0,0.07488390551643069,0.0,0.0,1000.0,0.0,0.0,0.0,0.0,0.0,0.0,1000.0,0.0,0.0,0.0,0.0,0.0,0.0,1000.0,0.0,0.0010807605150153121,0.07488390551643069,0.0,0.0,0.0,0.010634554882161395
19,975000000,map,7.993999251288838,-0.11470422793482156,0.0,0.0,0.0,0.033433592759378385,0.9994409411642091,0.02179722703660607,0.00815324268712418,0.0,0.0,0.0,0.0010673513568167222,0.00815324268712418,0.619026704015327,0.0,0.0,0.0,0.07505638895328036,0.0,0.0,1000.0,0.0,0.0,0.0,0.0,0.0,0.0,1000.0,0.0,0.0,0.0,0.0,0.0,0.0,1000.0,0.0,0.0010673513568167222,0.07505638895328036,0.0,0.0,0.0,0.011542027890515977
20,0,map,8.009556754619398,-0.11350767124622985,0.0,0.0,0.0,0.03306318779874613,0.9994532633458079,0.022175820897851757,0.008078243276279703,0.0,0.0,0.0,0.0010529977810774097,0.008078243276279703,0.6217696263261322,0.0,0.0,0.0,0.07524301262476943,0.0,0.0,1000.0,0.0,0.0,0.0,0.0,0.0,0.0,1000.0,0.0,0.0,0.0,0.0,0.0,0.0,1000.0,0.0,0.0010529977810774097,0.07524301262476943,0.0,0.0,0.0,0.01244944008783101
20,25000000,map,8.020682428875725,-0.11503417132334012,0.0,0.0,0.0,0.03347108963827614,0.9994396861033819,0.021417042446480513,0.008010313478226254,0.0,0.0,0.0,0.0010399589431011901,0.008010313478226254,0.623283120150149,0.0,0.0,0.0,0.07532840340420142,0.0,0.0,1000.0,0.0,0.0,0.0,0.0,0.0,0.0,1000.0,0.0,0.0,0.0,0.0,0.0,0.0,1000.0,0.0,0.0010399589431011901,0.07532840340420142,0.0,0.0,0.0,0.0106338297720866
20,50000000,map,8.036240815846067,-0.11383738034787498,0.0,0.0,0.0,0.033103251559225805,0.9994519371816769,0.02179570924267436,0.007934563393759298,0.0,0.0,0.0,0.0010266895109624502,0.007934563393759298,0.6260343886553038,0.0,0.0,0.0,0.07550090717831368,0.0,0.0,1000.0,0.0,0.0,0.0,0.0,0.0,0.0,1000.0,0.0,0.0,0.0,0.0,0.0,0.0,1000.0,0.0,0.0010266895109624502,0.07550090717831368,0.0,0.0,0.0,0.01154119061287683
20,75000000,map,8.055157299335653,-0.11230394867871919,0.0,0.0,0.0,0.03268085290729694,0.9994658382622448,0.021360121381909163,0.007962917186022943,0.0,0.0,0.0,0.0010238191302157828,0.007962917186022943,0.6275088612928515,0.0,0.0,0.0,0.07560282467676574,0.0,0.0,1000.0,0.0,0.0,0.0,0.0,0.0,0.0,1000.0,0.0,0.0,0.0,0.0,0.0,0.0,1000.0,0.0,0.0010238191302157828,0.07560282467676574,0.0,0.0,0.0,0.01062287067884086
20,100000000,map,8.070719510519439,-0.11113372119000799,0.0,0.0,0.0,0.0323181727573739,0.9994776314203457,0.0217388934513645,0.007888646865150195,0.0,0.0,0.0,0.001010857106142456,0.007888646865150195,0.6302691861701897,0.0,0.0,0.0,0.07577519949956245,0.0,0.0,1000.0,0.0,0.0,0.0,0.0,0.0,0.0,1000.0,0.0,0.0,0.0,0.0,0.0,0.0,1000.0,0.0,0.001010857106142456,0.07577519949956245,0.0,0.0,0.0,0.011530128115610716
20,125000000,map,8.08628451824834,-0.10997678685615636,0.0,0.0,0.0,0.031960662743560846,0.9994891275231523,0.02211773926396252,0.00781499139744156,0.0,0.0,0.0,0.0009969927463075845,0.00781499139744156,0.6330354571947232,0.0,0.0,0.0,0.0759617259614988,0.0,0.0,1000.0,0.0,0.0,0.0,0.0,0.0,0.0,1000.0,0.0,0.0,0.0,0.0,0.0,0.0,1000.0,0.0,0.0009969927463075845,0.0759617259614988,0.0,0.0,0.0,0.012437282011660295
20,150000000,map,8.101271016667527,-0.10973029332103972,0.0,0.0,0.0,0.03074522517520193,0.9995272538199877,0.021401832695793828,0.007782430658423592,0.0,0.0,0.0,0.0009888503517413638,0.007782430658423592,0.6347408536025858,0.0,0.0,0.0,0.0760589292463658,0.0,0.0,1000.0,0.0,0.0,0.0,0.0,0.0,0.0,1000.0,0.0,0.0,0.0,0.0,0.0,0.0,1000.0,0.0,0.0009888503517413638,0.0760589292463658,0.0,0.0,0.0,0.010634365564261014
20,175000000,map,8.116841641566316,-0.10862444779812512,0.0,0.0,0.0,0.030393163347685236,0.9995380210986078,0.02178083764008147,0.007712099253784659,0.0,0.0,0.0,0.0009765888606274452,0.007712099253784659,0.6375165370860766,0.0,0.0,0.0,0.07623157458866593,0.0,0.0,1000.0,0.0,0.0,0.0,0.0,0.0,0.0,1000.0,0.0,0.0,0.0,0.0,0.0,0.0,1000.0,0.0,0.0009765888606274452,0.07623157458866593,0.0,0.0,0.0,0.01154141009308744
20,200000000,map,8.132413083714516,-0.10752957841648023,0.0,0.0,0.0,0.030041204395859614,0.9995486611658515,0.022159890373969187,0.00764222637944679,0.0,0.0,0.0,0.0009634559776224818,0.00764222637944679,0.6402979434385959,0.0,0.0,0.0,0.07641835296732845,0.0,0.0,1000.0,0.0,0.0,0.0,0.0,0.0,0.0,1000.0,0.0,0.0,0.0,0.0,0.0,0.0,1000.0,0.0,0.0009634559776224818,0.07641835296732845,0.0,0.0,0.0,0.012448452488023322
20,225000000,map,8.140814260787565,-0.10395748510841782,0.0,0.0,0.0,0.030379480611602352,0.9995384370587103,0.021399145126737136,0.007531105677079919,0.0,0.0,0.0,0.0009460863459089276,0.007531105677079919,0.6417002945396426,0.0,0.0,0.0,0.07659146728543506,0.0,0.0,1000.0,0.0,0.0,0.0,0.0,0.0,0.0,1000.0,0.0,0.0,0.0,0.0,0.0,0.0,1000.0,0.0,0.0009460863459089276,0.07659146728543506,0.0,0.0,0.0,0.010658122416284796
20,250000000,map,8.156388783828923,-0.10286332098370893,0.0,0.0,0.0,0.03003565112348498,0.9995488280527312,0.02177829497997267,0.007460439213972455,0.0,0.0,0.0,0.000933928473091617,0.007460439213972455,0.6444931503338576,0.0,0.0,0.0,0.0767645245682056,0.0,0.0,1000.0,0.0,0.0,0.0,0.0,0.0,0.0,1000.0,0.0,0.0,0.0,0.0,0.0,0.0,1000.0,0.0,0.000933928473091617,0.0767645245682056,0.0,0.0,0.0,0.011565002145663849
20,275000000,map,8.175484424981645,-0.10092339080820456,0.0,0.0,0.0,0.029509904936793018,0.9995644879199248,0.021339699795749144,0.007332874176112822,0.0,0.0,0.0,0.0009129803197768195,0.007332874176112822,0.6458035570270076,0.0,0.0,0.0,0.07675556545663073,0.0,0.0,1000.0,0.0,0.0,0.0,0.0,0.0,0.0,1000.0,0.0,0.0,0.0,0.0,0.0,0.0,1000.0,0.0,0.0009129803197768195,0.07675556545663073,0.0,0.0,0.0,0.010623400974743204
20,300000000,map,8.191062819578642,-0.0998584796501999,0.0,0.0,0.0,0.029171390809197145,0.9995744244218422,0.021718988272717038,0.0072638124728476566,0.0,0.0,0.0,0.0009011845250943488,0.0072638124728476566,0.6486020461959588,0.0,0.0,0.0,0.07692812402432664,0.0,0.0,1000.0,0.0,0.0,0.0,0.0,0.0,0.0,1000.0,0.0,0.0,0.0,0.0,0.0,0.0,1000.0,0.0,0.0009011845250943488,0.07692812402432664,0.0,0.0,0.0,0.011530174173389295
20,325000000,map,8.206642759970736,-0.09880502180919337,0.0,0.0,0.0,0.02883508826807328,0.9995841823901439,0.0220983290464769,0.007195270565321275,0.0,0.0,0.0,0.0008885603723782391,0.007195270565321275,0.6514063426725437,0.0,0.0,0.0,0.07711482684162188,0.0,0.0,1000.0,0.0,0.0,0.0,0.0,0.0,0.0,1000.0,0.0,0.0,0.0,0.0,0.0,0.0,1000.0,0.0,0.0008885603723782391,0.07711482684162188,0.0,0.0,0.0,0.012436903054965889
20,350000000,map,8.220102068890917,-0.09851484625265142,0.0,0.0,0.0,0.028758483352282888,0.9995863892807246,0.02138176954943098,0.007126365498963446,0.0,0.0,0.0,0.0008731866182121108,0.007126365498963446,0.6531493733976647,0.0,0.0,0.0,0.0771682168359894,0.0,0.0,1000.0,0.0,0.0,0.0,0.0,0.0,0.0,1000.0,0.0,0.0,0.0,0.0,0.0,0.0,1000.0,0.0,0.0008731866182121108,0.0771682168359894,0.0,0.0,0.0,0.010624693633584047
20,375000000,map,8.235685486596477,-0.09747710664004394,0.0,0.0,0.0,0.02842917074590729,0.9995958094403458,0.02176121728620292,0.007058393587929196,0.0,0.0,0.0,0.0008616905511257625,0.007058393587929196,0.6559613787603784,0.0,0.0,0.0,0.0773408497519938,0.0,0.0,1000.0,0.0,0.0,0.0,0.0,0.0,0.0,1000.0,0.0,0.0,0.0,0.0,0.0,0.0,1000.0,0.0,0.0008616905511257625,0.0773408497519938,0.0,0.0,0.0,0.011531282579876342
20,400000000,map,8.251270196572957,-0.09645028060716498,0.0,0.0,0.0,0.028101498278354623,0.9996050749143441,0.022140712334028936,0.006990912539662856,0.0,0.0,0.0,0.000849384492294397,0.006990912539662856,0.658779165738606,0.0,0.0,0.0,0.07752762565336302,0.0,0.0,1000.0,0.0,0.0,0.0,0.0,0.0,0.0,1000.0,0.0,0.0,0.0,0.0,0.0,0.0,1000.0,0.0,0.000849384492294397,0.07752762565336302,0.0,0.0,0.0,0.012437838648697297
20,425000000,map,8.264558320140349,-0.09944910219863345,0.0,0.0,0.0,0.027581657963017335,0.9996195537023128,0.02138466346650088,0.007036280775973949,0.0,0.0,0.0,0.0008487716299553793,0.007036280775973949,0.6602103417750642,0.0,0.0,0.0,0.0775544979537792,0.0,0.0,1000.0,0.0,0.0,0.0,0.0,0.0,0.0,1000.0,0.0,0.0,0.0,0.0,0.0,0.0,1000.0,0.0,0.0008487716299553793,0.0775544979537792,0.0,0.0,0.0,0.010613340239396491
20,450000000,map,8.280145744334744,-0.098449789203866,0.0,0.0,0.0,0.02725665131987472,0.9996284684615714,0.02176423503418442,0.006970575793833582,0.0,0.0,0.0,0.0008377126412334177,0.006970575793833582,0.6630349561138108,0.0,0.0,0.0,0.0777269976103161,0.0,0.0,1000.0,0.0,0.0,0.0,0.0,0.0,0.0,1000.0,0.0,0.0,0.0,0.0,0.0,0.0,1000.0,0.0,0.0008377126412334177,0.0777269976103161,0.0,0.0,0.0,0.01151984281709924
20,475000000,map,8.29946476854733,-0.0958354445474133,0.0,0.0,0.0,0.02717448286663133,0.9996307055512706,0.021328975878545604,0.007039111417545966,0.0,0.0,0.0,0.0008439952216905569,0.007039111417545966,0.6647070999529383,0.0,0.0,0.0,0.07790398960339023,0.0,0.0,1000.0,0.0,0.0,0.0,0.0,0.0,0.0,1000.0,0.0,0.0,0.0,0.0,0.0,0.0,1000.0,0.0,0.0008439952216905569,0.07790398960339023,0.0,0.0,0.0,0.010619877976944768
20,500000000,map,8.315055024513585,-0.0948510377427464,0.0,0.0,0.0,0.02685490950980232,0.9996393418804705,0.021708598556509036,0.006974172260534853,0.0,0.0,0.0,0.0008330948114327779,0.006974172260534853,0.667542983737025,0.0,0.0,0.0,0.0780766216750605,0.0,0.0,1000.0,0.0,0.0,0.0,0.0,0.0,0.0,1000.0,0.0,0.0,0.0,0.0,0.0,0.0,1000.0,0.0,0.0008330948114327779,0.0780766216750605,0.0,0.0,0.0,0.01152627177761252
20,525000000,map,8.330648398924367,-0.09387934130498572,0.0,0.0,0.0,0.02654203265272776,0.9996476981930492,0.022088286008794693,0.006909897075780858,0.0,0.0,0.0,0.0008214544695114064,0.006909897075780858,0.6703848712788528,0.0,0.0,0.0,0.07826342097039163,0.0,0.0,1000.0,0.0,0.0,0.0,0.0,0.0,0.0,1000.0,0.0,0.0,0.0,0.0,0.0,0.0,1000.0,0.0,0.0008214544695114064,0.07826342097039163,0.0,0.0,0.0,0.012432531546184998
20,550000000,map,8.343594806968742,-0.09257959412160946,0.0,0.0,0.0,0.026080393607931844,0.9996598486831685,0.021371168599563003,0.006843951245715126,0.0,0.0,0.0,0.0008051200609052237,0.006843951245715126,0.6722495927791136,0.0,0.0,0.0,0.07836116266611186,0.0,0.0,1000.0,0.0,0.0,0.0,0.0,0.0,0.0,1000.0,0.0,0.0,0.0,0.0,0.0,0.0,1000.0,0.0,0.0008051200609052237,0.07836116266611186,0.0,0.0,0.0,0.010631225344725596
20,575000000,map,8.359191331152136,-0.09163388452925353,0.0,0.0,0.0,0.02577199035779386,0.9996678470937224,0.0217509626231714,0.006781059258421393,0.0,0.0,0.0,0.0007946375222218117,0.006781059258421393,0.6751005759268519,0.0,0.0,0.0,0.07853403938154405,0.0,0.0,1000.0,0.0,0.0,0.0,0.0,0.0,0.0,1000.0,0.0,0.0,0.0,0.0,0.0,0.0,1000.0,0.0,0.0007946375222218117,0.07853403938154405,0.0,0.0,0.0,0.011537395483784709
20,600000000,map,8.374789395264,-0.09069883166343584,0.0,0.0,0.0,0.025466173958607646,0.9996756844016513,0.022130801484297236,0.00671868314056189,0.0,0.0,0.0,0.0007834258132371175,0.00671868314056189,0.677957382399298,0.0,0.0,0.0,0.07872106726193441,0.0,0.0,1000.0,0.0,0.0,0.0,0.0,0.0,0.0,1000.0,0.0,0.0,0.0,0.0,0.0,0.0,1000.0,0.0,0.0007834258132371175,0.07872106726193441,0.0,0.0,0.0,0.012443513819968237
20,625000000,map,8.385306010419729,-0.08947812408777128,0.0,0.0,0.0,0.025088439842594974,0.9996852355548043,0.021371057294821205,0.006622715385442859,0.0,0.0,0.0,0.0007667102051342475,0.006622715385442859,0.6793450217872916,0.0,0.0,0.0,0.07882048845985232,0.0,0.0,1000.0,0.0,0.0,0.0,0.0,0.0,0.0,1000.0,0.0,0.0,0.0,0.0,0.0,0.0,1000.0,0.0,0.0007667102051342475,0.07882048845985232,0.0,0.0,0.0,0.010639047257375843
20,650000000,map,8.400907346598602,-0.0885666124052523,0.0,0.0,0.0,0.024788039419150826,0.999692729343249,0.02175099882421946,0.006561546309724528,0.0,0.0,0.0,0.0007565996699743225,0.006561546309724528,0.6822109943263813,0.0,0.0,0.0,0.07899353929507846,0.0,0.0,1000.0,0.0,0.0,0.0,0.0,0.0,0.0,1000.0,0.0,0.0,0.0,0.0,0.0,0.0,1000.0,0.0,0.0007565996699743225,0.07899353929507846,0.0,0.0,0.0,0.011545057134976932
20,675000000,map,8.421096136359347,-0.088598801094226,0.0,0.0,0.0,0.025005586414665038,0.9996873114369607,0.021314577052882963,0.006519805657542017,0.0,0.0,0.0,0.0007506169273415122,0.006519805657542017,0.6837508672409698,0.0,0.0,0.0,0.07902252475143072,0.0,0.0,1000.0,0.0,0.0,0.0,0.0,0.0,0.0,1000.0,0.0,0.0,0.0,0.0,0.0,0.0,1000.0,0.0,0.0007506169273415122,0.07902252475143072,0.0,0.0,0.0,0.010612635606288131
20,700000000,map,8.436698605833769,-0.08769297680112174,0.0,0.0,0.0,0.024707836111636697,0.999694714817819,0.02169456397426957,0.006458661797572331,0.0,0.0,0.0,0.0007405934253353942,0.006458661797572331,0.6866232219078923,0.0,0.0,0.0,0.07919517565654313,0.0,0.0,1000.0,0.0,0.0,0.0,0.0,0.0,0.0,1000.0,0.0,0.0,0.0,0.0,0.0,0.0,1000.0,0.0,0.0007405934253353942,0.07919517565654313,0.0,0.0,0.0,0.01151859245289208
20,725000000,map,8.452303460859063,-0.08679839084269458,0.0,0.0,0.0,0.02441507459707889,0.999701907636681,0.02207460221113301,0.006398103421435951,0.0,0.0,0.0,0.0007298838707911551,0.006398103421435951,0.6895015015932849,0.0,0.0,0.0,0.07938198950542374,0.0,0.0,1000.0,0.0,0.0,0.0,0.0,0.0,0.0,1000.0,0.0,0.0,0.0,0.0,0.0,0.0,1000.0,0.0,0.0007298838707911551,0.07938198950542374,0.0,0.0,0.0,0.012424449450131702
20,750000000,map,8.464723142382399,-0.0865822299115412,0.0,0.0,0.0,0.02399260874533217,0.9997121359299352,0.021358054210996912,0.006377264089012817,0.0,0.0,0.0,0.0007175488772536,0.006377264089012817,0.6913786807716281,0.0,0.0,0.0,0.07950621590293593,0.0,0.0,1000.0,0.0,0.0,0.0,0.0,0.0,0.0,1000.0,0.0,0.0,0.0,0.0,0.0,0.0,1000.0,0.0,0.0007175488772536,0.07950621590293593,0.0,0.0,0.0,0.010631455877461024
20,775000000,map,8.480331387485615,-0.08571227369660159,0.0,0.0,0.0,0.023705589695124478,0.9997189830233326,0.02173818467128968,0.006318081483487469,0.0,0.0,0.0,0.0007079059981919424,0.006318081483487469,0.6942669207653842,0.0,0.0,0.0,0.07967922279375451,0.0,0.0,1000.0,0.0,0.0,0.0,0.0,0.0,0.0,1000.0,0.0,0.0,0.0,0.0,0.0,0.0,1000.0,0.0,0.0007079059981919424,0.07967922279375451,0.0,0.0,0.0,0.01153719789168728
20,800000000,map,8.499069550862226,-0.08107402966005157,0.0,0.0,0.0,0.023498203753838962,0.9997238790887927,0.021305857951282564,0.006255516426628077,0.0,0.0,0.0,0.0007012608426187195,0.006255516426628077,0.6961050769669723,0.0,0.0,0.0,0.07983206248638673,0.0,0.0,1000.0,0.0,0.0,0.0,0.0,0.0,0.0,1000.0,0.0,0.0,0.0,0.0,0.0,0.0,1000.0,0.0,0.0007012608426187195,0.07983206248638673,0.0,0.0,0.0,0.010630819353050033
20,825000000,map,8.514680599004594,-0.08022159302592269,0.0,0.0,0.0,0.023216458137218756,0.9997304617103366,0.02168605724279114,0.006197225639171413,0.0,0.0,0.0,0.0006918127439077456,0.006197225639171413,0.6990038717722685,0.0,0.0,0.0,0.0800050896862109,0.0,0.0,1000.0,0.0,0.0,0.0,0.0,0.0,0.0,1000.0,0.0,0.0,0.0,0.0,0.0,0.0,1000.0,0.0,0.0006918127439077456,0.0800050896862109,0.0,0.0,0.0,0.011536455803135564
20,850000000,map,8.53029228798408,-0.07937810485702627,0.0,0.0,0.0,0.022935150117367187,0.9997369548481709,0.022066285881033505,0.006139358636377338,0.0,0.0,0.0,0.0006816999368189257,0.006139358636377338,0.7019083886090552,0.0,0.0,0.0,0.08019226243480648,0.0,0.0,1000.0,0.0,0.0,0.0,0.0,0.0,0.0,1000.0,0.0,0.0,0.0,0.0,0.0,0.0,1000.0,0.0,0.0006816999368189257,0.08019226243480648,0.0,0.0,0.0,0.012442083462094461
20,875000000,map,8.548113259739006,-0.08064484111823049,0.0,0.0,0.0,0.0215000679799705,0.9997688468225326,0.021348978074828027,0.005986630864606634,0.0,0.0,0.0,0.0006524388968834231,0.005986630864606634,0.7038216213915077,0.0,0.0,0.0,0.08024153355577314,0.0,0.0,1000.0,0.0,0.0,0.0,0.0,0.0,0.0,1000.0,0.0,0.0,0.0,0.0,0.0,0.0,1000.0,0.0,0.0006524388968834231,0.08024153355577314,0.0,0.0,0.0,0.010632020956835523
20,900000000,map,8.563729762267767,-0.07985712642899978,0.0,0.0,0.0,0.021224210380835655,0.9997747410760636,0.02172935648230488,0.005932529593806409,0.0,0.0,0.0,0.000643707252722547,0.005932529593806409,0.7067340114586251,0.0,0.0,0.0,0.08041463905321122,0.0,0.0,1000.0,0.0,0.0,0.0,0.0,0.0,0.0,1000.0,0.0,0.0,0.0,0.0,0.0,0.0,1000.0,0.0,0.000643707252722547,0.08041463905321122,0.0,0.0,0.0,0.011537539368118063
20,925000000,map,8.579348526013083,-0.07908002642048553,0.0,0.0,0.0,0.020953326581895203,0.9997804549525623,0.022109778937447817,0.005879016999383784,0.0,0.0,0.0,0.0006343896302712371,0.005879016999383784,0.7096523301390829,0.0,0.0,0.0,0.08060191191660149,0.0,0.0,1000.0,0.0,0.0,0.0,0.0,0.0,0.0,1000.0,0.0,0.0,0.0,0.0,0.0,0.0,1000.0,0.0,0.0006343896302712371,0.08060191191660149,0.0,0.0,0.0,0.01244295824923365
20,950000000,map,8.588679288732996,-0.07823793103546096,0.0,0.0,0.0,0.02128396530797118,0.9997734707526346,0.021351253242479287,0.005854276017504994,0.0,0.0,0.0,0.0006252285768328629,0.005854276017504994,0.7116036277171642,0.0,0.0,0.0,0.08076354919368184,0.0,0.0,1000.0,0.0,0.0,0.0,0.0,0.0,0.0,1000.0,0.0,0.0,0.0,0.0,0.0,0.0,1000.0,0.0,0.0006252285768328629,0.08076354919368184,0.0,0.0,0.0,0.010648399476552342
20,975000000,map,8.604300013034035,-0.07746117938991491,0.0,0.0,0.0,0.02101866642886775,0.9997790834287102,0.021731723967591664,0.005800244958300577,0.0,0.0,0.0,0.0006166058156019945,0.005800244958300577,0.7145328742293056,0.0,0.0,0.0,0.08093695568296759,0.0,0.0,1000.0,0.0,0.0,0.0,0.0,0.0,0.0,1000.0,0.0,0.0,0.0,0.0,0.0,0.0,1000.0,0.0,0.0006166058156019945,0.08093695568296759,0.0,0.0,0.0,0.011553706641437643
21,0,map,8.615391675557145,-0.07341610381465657,0.0,0.0,0.0,0.0241091417343546,0.9997093323985892,0.021295929979990684,0.005775235693884881,0.0,0.0,0.0,0.0006167645368435195,0.005775235693884881,0.716149653082444,0.0,0.0,0.0,0.0809944566502646,0.0,0.0,1000.0,0.0,0.0,0.0,0.0,0.0,0.0,1000.0,0.0,0.0,0.0,0.0,0.0,0.0,1000.0,0.0,0.0006167645368435195,0.0809944566502646,0.0,0.0,0.0,0.010628672805721443
21,25000000,map,8.631009489745205,-0.07255292952866349,0.0,0.0,0.0,0.02384853210235289,0.9997155833118553,0.021676336244129624,0.005713756481071407,0.0,0.0,0.0,0.000607199461192356,0.005713756481071407,0.7190855650780206,0.0,0.0,0.0,0.08116752201682931,0.0,0.0,1000.0,0.0,0.0,0.0,0.0,0.0,0.0,1000.0,0.0,0.0,0.0,0.0,0.0,0.0,1000.0,0.0,0.000607199461192356,0.08116752201682931,0.0,0.0,0.0,0.011533886497488072
21,50000000,map,8.646628065881972,-0.07169821056874384,0.0,0.0,0.0,0.02358876989635068,0.9997217462548151,0.022056771662238902,0.005652666619290914,0.0,0.0,0.0,0.0005969543853278083,0.005652666619290914,0.7220272185535395,0.0,0.0,0.0,0.0813547338430797,0.0,0.0,1000.0,0.0,0.0,0.0,0.0,0.0,0.0,1000.0,0.0,0.0,0.0,0.0,0.0,0.0,1000.0,0.0,0.0005969543853278083,0.0813547338430797,0.0,0.0,0.0,0.012439083203595325
21,75000000,map,8.659419297902996,-0.07344732191911094,0.0,0.0,0.0,0.022616521727030273,0.9997442137591849,0.0213404933760155,0.005578104768771462,0.0,0.0,0.0,0.0005778102251064313,0.005578104768771462,0.7229166646238767,0.0,0.0,0.0,0.08132495500292325,0.0,0.0,1000.0,0.0,0.0,0.0,0.0,0.0,0.0,1000.0,0.0,0.0,0.0,0.0,0.0,0.0,1000.0,0.0,0.0005778102251064313,0.08132495500292325,0.0,0.0,0.0,0.010626561053115399
21,100000000,map,8.675041878600494,-0.07263319364170238,0.0,0.0,0.0,0.022362027073571423,0.9997499386072304,0.02172103787858066,0.005519801331686805,0.0,0.0,0.0,0.000568790411099552,0.005519801331686805,0.7258636045465215,0.0,0.0,0.0,0.08149803924051714,0.0,0.0,1000.0,0.0,0.0,0.0,0.0,0.0,0.0,1000.0,0.0,0.0,0.0,0.0,0.0,0.0,1000.0,0.0,0.000568790411099552,0.08149803924051714,0.0,0.0,0.0,0.011531652233837949
21,125000000,map,8.690666951070291,-0.07182930451892854,0.0,0.0,0.0,0.02211317203003162,0.999755473914882,0.022101627713448046,0.005462057441540049,0.0,0.0,0.0,0.0005591564901824565,0.005462057441540049,0.7288165077296032,0.0,0.0,0.0,0.08168529231837755,0.0,0.0,1000.0,0.0,0.0,0.0,0.0,0.0,0.0,1000.0,0.0,0.0,0.0,0.0,0.0,0.0,1000.0,0.0,0.0005591564901824565,0.08168529231837755,0.0,0.0,0.0,0.012436630565793368
21,150000000,map,8.70574421203239,-0.07125611682913861,0.0,0.0,0.0,0.021087832869548864,0.9997776269275414,0.022162454541389723,0.005594504027995574,0.0,0.0,0.0,-0.00014497973049385822,0.005594504027995574,0.7304766472607477,0.0,0.0,0.0,0.08149496330711946,0.0,0.0,1000.0,0.0,0.0,0.0,0.0,0.0,0.0,1000.0,0.0,0.0,0.0,0.0,0.0,0.0,1000.0,0.0,-0.00014497973049385822,0.08149496330711946,0.0,0.0,0.0,0.011297404867437997
21,175000000,map,8.721372895742553,-0.07049378275526347,0.0,0.0,0.0,0.020843360920543296,0.999782753554759,0.022544189494491804,0.005529064534511003,0.0,0.0,0.0,-0.00015393704160662,0.005529064534511003,0.7334299361599208,0.0,0.0,0.0,0.08167859799835567,0.0,0.0,1000.0,0.0,0.0,0.0,0.0,0.0,0.0,1000.0,0.0,0.0,0.0,0.0,0.0,0.0,1000.0,0.0,-0.00015393704160662,0.08167859799835567,0.0,0.0,0.0,0.012202295381376436
21,200000000,map,8.739184885757757,-0.07480529418648015,0.0,0.0,0.0,0.022001149360925083,0.9997579454181889,0.02273911481345353,0.005662721663176861,0.0,0.0,0.0,-0.0005915333902446868,0.005662721663176861,0.7353544703537445,0.0,0.0,0.0,0.08167874092437666,0.0,0.0,1000.0,0.0,0.0,0.0,0.0,0.0,0.0,1000.0,0.0,0.0,0.0,0.0,0.0,0.0,1000.0,0.0,-0.0005915333902446868,0.08167874092437666,0.0,0.0,0.0,0.011593615990275368
21,225000000,map,8.754814022563668,-0.07401642949295553,0.0,0.0,0.0,0.021761765737338686,0.9997631847352618,0.02312158372900313,0.00558795131690531,0.0,0.0,0.0,-0.0006010360625469234,0.00558795131690531,0.7383135814752988,0.0,0.0,0.0,0.08186700966888064,0.0,0.0,1000.0,0.0,0.0,0.0,0.0,0.0,0.0,1000.0,0.0,0.0,0.0,0.0,0.0,0.0,1000.0,0.0,-0.0006010360625469234,0.08186700966888064,0.0,0.0,0.0,0.012498404809334744
21,250000000,map,8.770443609241463,-0.07323511168952183,0.0,0.0,0.0,0.02152258034252375,0.9997683624397201,0.02350405878313574,0.005513502285576121,0.0,0.0,0.0,-0.0006111547509864115,0.005513502285576121,0.7412788712528767,0.0,0.0,0.0,0.08206942527663404,0.0,0.0,1000.0,0.0,0.0,0.0,0.0,0.0,0.0,1000.0,0.0,0.0,0.0,0.0,0.0,0.0,1000.0,0.0,-0.0006111547509864115,0.08206942527663404,0.0,0.0,0.0,0.013403189637941465
21,275000000,map,8.78538995041162,-0.07281653173572608,0.0,0.0,0.0,0.019936472165233556,0.9998012487877802,0.023644286001395193,0.005700070895199959,0.0,0.0,0.0,-0.0012368513108497842,0.005700070895199959,0.7431686825930344,0.0,0.0,0.0,0.08221833396551563,0.0,0.0,1000.0,0.0,0.0,0.0,0.0,0.0,0.0,1000.0,0.0,0.0,0.0,0.0,0.0,0.0,1000.0,0.0,-0.0012368513108497842,0.08221833396551563,0.0,0.0,0.0,0.012101608184583008
21,300000000,map,8.801024123243815,-0.07209429384534166,0.0,0.0,0.0,0.019702290626533624,0.9998058910328882,0.024027618025214623,0.005620359695746509,0.0,0.0,0.0,-0.0012459182495460433,0.005620359695746509,0.746145555456463,0.0,0.0,0.0,0.08241460459673491,0.0,0.0,1000.0,0.0,0.0,0.0,0.0,0.0,0.0,1000.0,0.0,0.0,0.0,0.0,0.0,0.0,1000.0,0.0,-0.0012459182495460433,0.08241460459673491,0.0,0.0,0.0,0.013006292735522354
21,325000000,map,8.816660228669818,-0.07138110113280706,0.0,0.0,0.0,0.019472465275954257,0.9998103935727397,0.024410955288448923,0.00554111241718779,0.0,0.0,0.0,-0.0012555168188749285,0.00554111241718779,0.7491290512284832,0.0,0.0,0.0,0.08262504455122052,0.0,0.0,1000.0,0.0,0.0,0.0,0.0,0.0,0.0,1000.0,0.0,0.0,0.0,0.0,0.0,0.0,1000.0,0.0,-0.0012555168188749285,0.08262504455122052,0.0,0.0,0.0,0.013910890124558175
21,350000000,map,8.830997161560141,-0.06854526524323676,0.0,0.0,0.0,0.01786789449874837,0.9998403564300561,0.024558273533831054,0.0056812526718853906,0.0,0.0,0.0,-0.0018933780924439052,0.0056812526718853906,0.7508868355141417,0.0,0.0,0.0,0.08264237585760231,0.0,0.0,1000.0,0.0,0.0,0.0,0.0,0.0,0.0,1000.0,0.0,0.0,0.0,0.0,0.0,0.0,1000.0,0.0,-0.0018933780924439052,0.08264237585760231,0.0,0.0,0.0,0.012552904751247327
21,375000000,map,8.846637710992413,-0.06789054002124788,0.0,0.0,0.0,0.017643358707473175,0.9998443438323384,0.024942324653840935,0.005596639876514006,0.0,0.0,0.0,-0.001901892892467914,0.005596639876514006,0.7538780484535377,0.0,0.0,0.0,0.0828457835562959,0.0,0.0,1000.0,0.0,0.0,0.0,0.0,0.0,0.0,1000.0,0.0,0.0,0.0,0.0,0.0,0.0,1000.0,0.0,-0.001901892892467914,0.0828457835562959,0.0,0.0,0.0,0.013457396175126342
21,400000000,map,8.863473062528707,-0.06799012699057029,0.0,0.0,0.0,0.019125134644684683,0.9998170978858196,0.025169212187142166,0.00563854986895696,0.0,0.0,0.0,-0.0023400244876164472,0.00563854986895696,0.7558694389154151,0.0,0.0,0.0,0.08282747111476958,0.0,0.0,1000.0,0.0,0.0,0.0,0.0,0.0,0.0,1000.0,0.0,0.0,0.0,0.0,0.0,0.0,1000.0,0.0,-0.0023400244876164472,0.08282747111476958,0.0,0.0,0.0,0.012805654583097842
21,425000000,map,8.879113571765116,-0.06729794181404826,0.0,0.0,0.0,0.018905130343109863,0.9998212820533028,0.025554043945088145,0.0055436662911593805,0.0,0.0,0.0,-0.002349201378336515,0.0055436662911593805,0.7588664329794639,0.0,0.0,0.0,0.0830348307187269,0.0,0.0,1000.0,0.0,0.0,0.0,0.0,0.0,0.0,1000.0,0.0,0.0,0.0,0.0,0.0,0.0,1000.0,0.0,-0.002349201378336515,0.0830348307187269,0.0,0.0,0.0,0.013710055464835145
21,450000000,map,8.894755438124625,-0.06661380243042087,0.0,0.0,0.0,0.018688012035104007,0.9998253638541962,0.02593886020992033,0.005449163586821394,0.0,0.0,0.0,-0.0023588903156086865,0.005449163586821394,0.7618703240445737,0.0,0.0,0.0,0.0832563543813078,0.0,0.0,1000.0,0.0,0.0,0.0,0.0,0.0,0.0,1000.0,0.0,0.0,0.0,0.0,0.0,0.0,1000.0,0.0,-0.0023588903156086865,0.0832563543813078,0.0,0.0,0.0,0.014614398598310192
21,475000000,map,8.91021447782005,-0.06766925069932696,0.0,0.0,0.0,0.01763594350961067,0.9998444746541963,0.026108813127913334,0.005501556976448209,0.0,0.0,0.0,-0.003002917601147224,0.005501556976448209,0.7637948828730324,0.0,0.0,0.0,0.08331513191166284,0.0,0.0,1000.0,0.0,0.0,0.0,0.0,0.0,0.0,1000.0,0.0,0.0,0.0,0.0,0.0,0.0,1000.0,0.0,-0.003002917601147224,0.08331513191166284,0.0,0.0,0.0,0.013277641017148862
21,500000000,map,8.925858878506151,-0.06702578567866034,0.0,0.0,0.0,0.017421147382797965,0.9998482402964296,0.02649428281153712,0.005400086806385601,0.0,0.0,0.0,-0.0030117522403083517,0.005400086806385601,0.7668078335549037,0.0,0.0,0.0,0.08352992623694042,0.0,0.0,1000.0,0.0,0.0,0.0,0.0,0.0,0.0,1000.0,0.0,0.0,0.0,0.0,0.0,0.0,1000.0,0.0,-0.0030117522403083517,0.08352992623694042,0.0,0.0,0.0,0.014181937599806403
21,525000000,map,8.942252751150876,-0.06432809174783413,0.0,0.0,0.0,0.019038397134429976,0.9998187532920914,0.02673310033004926,0.005418539556712686,0.0,0.0,0.0,-0.0034561212149154144,0.005418539556712686,0.7689353956945276,0.0,0.0,0.0,0.0837035646698041,0.0,0.0,1000.0,0.0,0.0,0.0,0.0,0.0,0.0,1000.0,0.0,0.0,0.0,0.0,0.0,0.0,1000.0,0.0,-0.0034561212149154144,0.0837035646698041,0.0,0.0,0.0,0.013576174024425042
21,550000000,map,8.957896959447742,-0.06364262709834728,0.0,0.0,0.0,0.01882818714784488,0.9998227339727407,0.02711946472671838,0.005306145715181395,0.0,0.0,0.0,-0.00346573710255019,0.005306145715181395,0.771960475895494,0.0,0.0,0.0,0.08392302594943435,0.0,0.0,1000.0,0.0,0.0,0.0,0.0,0.0,0.0,1000.0,0.0,0.0,0.0,0.0,0.0,0.0,1000.0,0.0,-0.00346573710255019,0.08392302594943435,0.0,0.0,0.0,0.014480378977905944
21,575000000,map,8.973543171768123,-0.06296569883593685,0.0,0.0,0.0,0.01862267356060878,0.9998265829779958,0.027505799046827643,0.005194164461966529,0.0,0.0,0.0,-0.0034758452894723575,0.005194164461966529,0.7749929192116775,0.0,0.0,0.0,0.08415666198967761,0.0,0.0,1000.0,0.0,0.0,0.0,0.0,0.0,0.0,1000.0,0.0,0.0,0.0,0.0,0.0,0.0,1000.0,0.0,-0.0034758452894723575,0.08415666198967761,0.0,0.0,0.0,0.015384489970463898
21,600000000,map,8.988329569471409,-0.06254473389048261,0.0,0.0,0.0,0.016915168329727764,0.9998569283054336,0.02769265705794632,0.005153485114815561,0.0,0.0,0.0,-0.004127023560852818,0.005153485114815561,0.7769710787954207,0.0,0.0,0.0,0.08416467941540781,0.0,0.0,1000.0,0.0,0.0,0.0,0.0,0.0,0.0,1000.0,0.0,0.0,0.0,0.0,0.0,0.0,1000.0,0.0,-0.004127023560852818,0.08416467941540781,0.0,0.0,0.0,0.014023383022540907
21,625000000,map,9.003979799871333,-0.061929415657494914,0.0,0.0,0.0,0.01671388962798758,0.9998603131905494,0.028079385813332244,0.005036263855841211,0.0,0.0,0.0,-0.004135930535999272,0.005036263855841211,0.780011600619457,0.0,0.0,0.0,0.08439122269941153,0.0,0.0,1000.0,0.0,0.0,0.0,0.0,0.0,0.0,1000.0,0.0,0.0,0.0,0.0,0.0,0.0,1000.0,0.0,-0.004135930535999272,0.08439122269941153,0.0,0.0,0.0,0.014927409165775236
21,650000000,map,9.019630340720457,-0.06132046907699711,0.0,0.0,0.0,0.016512787002358448,0.9998636546376785,0.028466073095871486,0.004919301579153224,0.0,0.0,0.0,-0.004145295781504284,0.004919301579153224,0.7830594856263209,0.0,0.0,0.0,0.08463191894770714,0.0,0.0,1000.0,0.0,0.0,0.0,0.0,0.0,0.0,1000.0,0.0,0.0,0.0,0.0,0.0,0.0,1000.0,0.0,-0.004145295781504284,0.08463191894770714,0.0,0.0,0.0,0.015831431773458828
21,675000000,map,9.03448411597569,-0.06000713655116728,0.0,0.0,0.0,0.015078640060437062,0.9998863108443519,0.028654492679918632,0.004878702959951609,0.0,0.0,0.0,-0.004803175384397957,0.004878702959951609,0.7848844345358221,0.0,0.0,0.0,0.08471691741926285,0.0,0.0,1000.0,0.0,0.0,0.0,0.0,0.0,0.0,1000.0,0.0,0.0,0.0,0.0,0.0,0.0,1000.0,0.0,-0.004803175384397957,0.08471691741926285,0.0,0.0,0.0,0.01447062810115287
21,700000000,map,9.050138960162872,-0.05945212621482527,0.0,0.0,0.0,0.014884144269282812,0.999889224989134,0.02904149206297073,0.004755736828076349,0.0,0.0,0.0,-0.004811457566811718,0.004755736828076349,0.7879430503263777,0.0,0.0,0.0,0.08495052797879188,0.0,0.0,1000.0,0.0,0.0,0.0,0.0,0.0,0.0,1000.0,0.0,0.0,0.0,0.0,0.0,0.0,1000.0,0.0,-0.004811457566811718,0.08495052797879188,0.0,0.0,0.0,0.01537451845358605
21,725000000,map,9.065794692245245,-0.058903980672462115,0.0,0.0,0.0,0.014691506907567516,0.9998920739883804,0.029428440732162105,0.004633093105572517,0.0,0.0,0.0,-0.004820132762110681,0.004633093105572517,0.7910093290113829,0.0,0.0,0.0,0.08519830256212114,0.0,0.0,1000.0,0.0,0.0,0.0,0.0,0.0,0.0,1000.0,0.0,0.0,0.0,0.0,0.0,0.0,1000.0,0.0,-0.004820132762110681,0.08519830256212114,0.0,0.0,0.0,0.01627837162215439
21,750000000,map,9.080427152055139,-0.059046206305450225,0.0,0.0,0.0,0.01266121977621164,0.9999198435443606,0.029622287468185442,0.0045560228062918985,0.0,0.0,0.0,-0.005478286898745521,0.0045560228062918985,0.7927825166694024,0.0,0.0,0.0,0.0852811587646325,0.0,0.0,1000.0,0.0,0.0,0.0,0.0,0.0,0.0,1000.0,0.0,0.0,0.0,0.0,0.0,0.0,1000.0,0.0,-0.005478286898745521,0.0852811587646325,0.0,0.0,0.0,0.014910105301951786
21,775000000,map,9.096086829281003,-0.05856961478319555,0.0,0.0,0.0,0.012473190928699208,0.9999222067281315,0.03000919295371789,0.004428954289023264,0.0,0.0,0.0,-0.005485608290913692,0.004428954289023264,0.7958596523619051,0.0,0.0,0.0,0.08552172250285246,0.0,0.0,1000.0,0.0,0.0,0.0,0.0,0.0,0.0,1000.0,0.0,0.0,0.0,0.0,0.0,0.0,1000.0,0.0,-0.005485608290913692,0.08552172250285246,0.0,0.0,0.0,0.01581386617590546
21,800000000,map,9.113084460528293,-0.054736396335448904,0.0,0.0,0.0,0.014878898467620421,0.9998893030632893,0.03026675092833925,0.004329052687673597,0.0,0.0,0.0,-0.005934967502763634,0.004329052687673597,0.7979134580371133,0.0,0.0,0.0,0.08570878660156442,0.0,0.0,1000.0,0.0,0.0,0.0,0.0,0.0,0.0,1000.0,0.0,0.0,0.0,0.0,0.0,0.0,1000.0,0.0,-0.005934967502763634,0.08570878660156442,0.0,0.0,0.0,0.015195239828571232
21,825000000,map,9.128743751905239,-0.054193175021469746,0.0,0.0,0.0,0.014696071514539118,0.999892006909766,0.03065490666276051,0.004188813053205757,0.0,0.0,0.0,-0.005943467323764412,0.004188813053205757,0.8010038964633,0.0,0.0,0.0,0.08595380860323826,0.0,0.0,1000.0,0.0,0.0,0.0,0.0,0.0,0.0,1000.0,0.0,0.0,0.0,0.0,0.0,0.0,1000.0,0.0,-0.005943467323764412,0.08595380860323826,0.0,0.0,0.0,0.016098896767490704
21,850000000,map,9.144403600121477,-0.05365609610750233,0.0,0.0,0.0,0.014514236858062262,0.9998946629162634,0.03104300178783555,0.0040488337768891875,0.0,0.0,0.0,-0.00595235636396743,0.0040488337768891875,0.8041023134347376,0.0,0.0,0.0,0.0862129902928321,0.0,0.0,1000.0,0.0,0.0,0.0,0.0,0.0,0.0,1000.0,0.0,0.0,0.0,0.0,0.0,0.0,1000.0,0.0,-0.00595235636396743,0.0862129902928321,0.0,0.0,0.0,0.01700253384855979
21,875000000,map,9.158912070273812,-0.053759408816404126,0.0,0.0,0.0,0.012278789053626298,0.9999246128280754,0.03124947179701554,0.0038679890512621296,0.0,0.0,0.0,-0.006602648188828411,0.0038679890512621296,0.8061025490688848,0.0,0.0,0.0,0.08626168116049732,0.0,0.0,1000.0,0.0,0.0,0.0,0.0,0.0,0.0,1000.0,0.0,0.0,0.0,0.0,0.0,0.0,1000.0,0.0,-0.006602648188828411,0.08626168116049732,0.0,0.0,0.0,0.015622167090266835
21,900000000,map,9.174575056699508,-0.053298863936312016,0.0,0.0,0.0,0.0120989597159789,0.9999268049081348,0.031637264653333254,0.00372422664459112,0.0,0.0,0.0,-0.006610050971350156,0.00372422664459112,0.8092110141076126,0.0,0.0,0.0,0.08651344746420105,0.0,0.0,1000.0,0.0,0.0,0.0,0.0,0.0,0.0,1000.0,0.0,0.0,0.0,0.0,0.0,0.0,1000.0,0.0,-0.006610050971350156,0.08651344746420105,0.0,0.0,0.0,0.01652576394422444
21,925000000,map,9.191124531009532,-0.054871130149090785,0.0,0.0,0.0,0.013458479888852837,0.9999094305581288,0.03189930409129998,0.0035607498503516105,0.0,0.0,0.0,-0.0070581010077595974,0.0035607498503516105,0.8113647154334314,0.0,0.0,0.0,0.08672063317208718,0.0,0.0,1000.0,0.0,0.0,0.0,0.0,0.0,0.0,1000.0,0.0,0.0,0.0,0.0,0.0,0.0,1000.0,0.0,-0.0070581010077595974,0.08672063317208718,0.0,0.0,0.0,0.015899849869118993
21,950000000,map,9.206787855257312,-0.054375286804697,0.0,0.0,0.0,0.01328271882814697,0.9999117807989525,0.03228803202742295,0.003406520930613271,0.0,0.0,0.0,-0.007066208843576471,0.003406520930613271,0.8144876292058414,0.0,0.0,0.0,0.08697675370447573,0.0,0.0,1000.0,0.0,0.0,0.0,0.0,0.0,0.0,1000.0,0.0,0.0,0.0,0.0,0.0,0.0,1000.0,0.0,-0.007066208843576471,0.08697675370447573,0.0,0.0,0.0,0.016803365404592964
21,975000000,map,9.222452525369322,-0.053886290660399835,0.0,0.0,0.0,0.01311020515621618,0.9999140575673301,0.03267668229492977,0.0032526274435875817,0.0,0.0,0.0,-0.007074646516394135,0.0032526274435875817,0.8176189806333628,0.0,0.0,0.0,0.08724704900791164,0.0,0.0,1000.0,0.0,0.0,0.0,0.0,0.0,0.0,1000.0,0.0,0.0,0.0,0.0,0.0,0.0,1000.0,0.0,-0.007074646516394135,0.08724704900791164,0.0,0.0,0.0,0.017706815978501815
22,0,map,9.237745729696844,-0.05180519051980586,0.0,0.0,0.0,0.012198616996183707,0.9999255941035715,0.03287497633091081,0.003067377907556958,0.0,0.0,0.0,-0.007729119780727449,0.003067377907556958,0.8196825559638453,0.0,0.0,0.0,0.08755528900261336,0.0,0.0,1000.0,0.0,0.0,0.0,0.0,0.0,0.0,1000.0,0.0,0.0,0.0,0.0,0.0,0.0,1000.0,0.0,-0.007729119780727449,0.08755528900261336,0.0,0.0,0.0,0.01639469536812349
22,25000000,map,9.253413533661833,-0.05135257028465214,0.0,0.0,0.0,0.012031961807078544,0.9999276133276214,0.03326373015918681,0.002906037211481351,0.0,0.0,0.0,-0.007736744785076537,0.002906037211481351,0.8228324084372992,0.0,0.0,0.0,0.08781923450061596,0.0,0.0,1000.0,0.0,0.0,0.0,0.0,0.0,0.0,1000.0,0.0,0.0,0.0,0.0,0.0,0.0,1000.0,0.0,-0.007736744785076537,0.08781923450061596,0.0,0.0,0.0,0.017298028716553268
22,50000000,map,9.269081833651526,-0.05090555022994821,0.0,0.0,0.0,0.011866267860998609,0.9999295933649784,0.033652407366353394,0.0027449478299676157,0.0,0.0,0.0,-0.007744679250582351,0.0027449478299676157,0.8259908292587463,0.0,0.0,0.0,0.08809734190205079,0.0,0.0,1000.0,0.0,0.0,0.0,0.0,0.0,0.0,1000.0,0.0,0.0,0.0,0.0,0.0,0.0,1000.0,0.0,-0.007744679250582351,0.08809734190205079,0.0,0.0,0.0,0.018201342832084043
22,75000000,map,9.283663201059177,-0.053882410389996,0.0,0.0,0.0,0.010126749200841112,0.9999487231606545,0.033854258835662676,0.0024855007204311608,0.0,0.0,0.0,-0.00839586620933808,0.0024855007204311608,0.8279478064882096,0.0,0.0,0.0,0.08828483851351081,0.0,0.0,1000.0,0.0,0.0,0.0,0.0,0.0,0.0,1000.0,0.0,0.0,0.0,0.0,0.0,0.0,1000.0,0.0,-0.00839586620933808,0.08828483851351081,0.0,0.0,0.0,0.01682043813386218
22,100000000,map,9.29933376257636,-0.05349586221494904,0.0,0.0,0.0,0.009962925134754243,0.9999503688297531,0.03424251207282823,0.002319293488135615,0.0,0.0,0.0,-0.008402542698971874,0.002319293488135615,0.831121080319205,0.0,0.0,0.0,0.08855550165016253,0.0,0.0,1000.0,0.0,0.0,0.0,0.0,0.0,0.0,1000.0,0.0,0.0,0.0,0.0,0.0,0.0,1000.0,0.0,-0.008402542698971874,0.08855550165016253,0.0,0.0,0.0,0.01772371478049653
22,125000000,map,9.315749670521537,-0.053928866103112115,0.0,0.0,0.0,0.011131648714268767,0.9999380412790095,0.03449439079865143,0.0021090332314489374,0.0,0.0,0.0,-0.008852318636252571,0.0021090332314489374,0.8333291554158921,0.0,0.0,0.0,0.08894871756961104,0.0,0.0,1000.0,0.0,0.0,0.0,0.0,0.0,0.0,1000.0,0.0,0.0,0.0,0.0,0.0,0.0,1000.0,0.0,-0.008852318636252571,0.08894871756961104,0.0,0.0,0.0,0.017140348037942357
22,150000000,map,9.331420779944018,-0.053512371464642466,0.0,0.0,0.0,0.010971601941622751,0.9999398101640091,0.03488354249823781,0.001932698209547539,0.0,0.0,0.0,-0.008859645588526128,0.001932698209547539,0.8365233614440817,0.0,0.0,0.0,0.08922440292112986,0.0,0.0,1000.0,0.0,0.0,0.0,0.0,0.0,0.0,1000.0,0.0,0.0,0.0,0.0,0.0,0.0,1000.0,0.0,-0.008859645588526128,0.08922440292112986,0.0,0.0,0.0,0.01804354916889521
22,175000000,map,9.347093816071464,-0.053102965679541994,0.0,0.0,0.0,0.010816551582627452,0.9999414993947697,0.03527259191026651,0.0017567533072184538,0.0,0.0,0.0,-0.008867217589365725,0.0017567533072184538,0.8397267094332329,0.0,0.0,0.0,0.08951427728791961,0.0,0.0,1000.0,0.0,0.0,0.0,0.0,0.0,0.0,1000.0,0.0,0.0,0.0,0.0,0.0,0.0,1000.0,0.0,-0.008867217589365725,0.08951427728791961,0.0,0.0,0.0,0.018946650360109778
22,200000000,map,9.362944100137131,-0.04920968344905943,0.0,0.0,0.0,0.01024337638479239,0.9999475352438444,0.035464315059604845,0.001465703776222454,0.0,0.0,0.0,-0.009511431009108581,0.001465703776222454,0.841866397236501,0.0,0.0,0.0,0.0898599194929044,0.0,0.0,1000.0,0.0,0.0,0.0,0.0,0.0,0.0,1000.0,0.0,0.0,0.0,0.0,0.0,0.0,1000.0,0.0,-0.009511431009108581,0.0898599194929044,0.0,0.0,0.0,0.017618420779268028
22,225000000,map,9.37861856730073,-0.04882407020146226,0.0,0.0,0.0,0.01009069892548144,0.9999490876015615,0.03585345221122685,0.001281447204668974,0.0,0.0,0.0,-0.009518399020299167,0.001281447204668974,0.8450897904386737,0.0,0.0,0.0,0.09014315629372235,0.0,0.0,1000.0,0.0,0.0,0.0,0.0,0.0,0.0,1000.0,0.0,0.0,0.0,0.0,0.0,0.0,1000.0,0.0,-0.009518399020299167,0.09014315629372235,0.0,0.0,0.0,0.018521474486290084
22,250000000,map,9.396380082380592,-0.040798179186679086,0.0,0.0,0.0,0.012029533161883205,0.9999276425481531,0.03611583066206056,0.0009378979031725342,0.0,0.0,0.0,-0.009948666393184126,0.0009378979031725342,0.8474277785905207,0.0,0.0,0.0,0.09030688731144168,0.0,0.0,1000.0,0.0,0.0,0.0,0.0,0.0,0.0,1000.0,0.0,0.0,0.0,0.0,0.0,0.0,1000.0,0.0,-0.009948666393184126,0.09030688731144168,0.0,0.0,0.0,0.017838304153996204
22,275000000,map,9.412054336917658,-0.0403580292903778,0.0,0.0,0.0,0.011880371097920539,0.9999294259009361,0.036506406465204505,0.0007416050396591807,0.0,0.0,0.0,-0.009956716644944626,0.0007416050396591807,0.8506651497906804,0.0,0.0,0.0,0.09059356622751523,0.0,0.0,1000.0,0.0,0.0,0.0,0.0,0.0,0.0,1000.0,0.0,0.0,0.0,0.0,0.0,0.0,1000.0,0.0,-0.009956716644944626,0.09059356622751523,0.0,0.0,0.0,0.018741287608484813
22,300000000,map,9.427729418419977,-0.03992333194262893,0.0,0.0,0.0,0.011733144912639546,0.9999311642860518,0.03689688733863399,0.0005455476394737341,0.0,0.0,0.0,-0.009965059686800856,0.0005455476394737341,0.8539118557374062,0.0,0.0,0.0,0.09089441430434592,0.0,0.0,1000.0,0.0,0.0,0.0,0.0,0.0,0.0,1000.0,0.0,0.0,0.0,0.0,0.0,0.0,1000.0,0.0,-0.009965059686800856,0.09089441430434592,0.0,0.0,0.0,0.019644232337447172
22,325000000,map,9.442567977504547,-0.043278217296367584,0.0,0.0,0.0,0.01118105138208914,0.9999374900912512,0.037105500696358984,8.57204520308748e-05,0.0,0.0,0.0,-0.010572501768604798,8.57204520308748e-05,0.8560727012035545,0.0,0.0,0.0,0.0908736594588716,0.0,0.0,1000.0,0.0,0.0,0.0,0.0,0.0,0.0,1000.0,0.0,0.0,0.0,0.0,0.0,0.0,1000.0,0.0,-0.010572501768604798,0.0908736594588716,0.0,0.0,0.0,0.01815942062142582
22,350000000,map,9.458244278408873,-0.04286615639251329,0.0,0.0,0.0,0.011035567386985497,0.9999391062722006,0.03749604262670741,-0.00011802782229159347,0.0,0.0,0.0,-0.010580170582805921,-0.00011802782229159347,0.8593282462191579,0.0,0.0,0.0,0.09116540914410436,0.0,0.0,1000.0,0.0,0.0,0.0,0.0,0.0,0.0,1000.0,0.0,0.0,0.0,0.0,0.0,0.0,1000.0,0.0,-0.010580170582805921,0.09116540914410436,0.0,0.0,0.0,0.019062330480866377
22,375000000,map,9.473921880743319,-0.04246001800074275,0.0,0.0,0.0,0.010893375067087263,0.9999406654295283,0.03788647685586787,-0.00032148745267117135,0.0,0.0,0.0,-0.010588095866859434,-0.00032148745267117135,0.862593355444604,0.0,0.0,0.0,0.09147133799568824,0.0,0.0,1000.0,0.0,0.0,0.0,0.0,0.0,0.0,1000.0,0.0,0.0,0.0,0.0,0.0,0.0,1000.0,0.0,-0.010588095866859434,0.09147133799568824,0.0,0.0,0.0,0.01996517449822523
22,400000000,map,9.487015311871822,-0.047358535304989825,0.0,0.0,0.0,0.008136851389262359,0.9999668952767732,0.03805439532035254,-0.0006959975526284958,0.0,0.0,0.0,-0.011224246161530428,-0.0006959975526284958,0.864733274258456,0.0,0.0,0.0,0.09194387848548977,0.0,0.0,1000.0,0.0,0.0,0.0,0.0,0.0,0.0,1000.0,0.0,0.0,0.0,0.0,0.0,0.0,1000.0,0.0,-0.011224246161530428,0.09194387848548977,0.0,0.0,0.0,0.01862840711191199
22,425000000,map,9.502696521406081,-0.04704505181071652,0.0,0.0,0.0,0.007998904302586079,0.9999680082532431,0.03844328186683114,-0.0009012450652153174,0.0,0.0,0.0,-0.011230227359712462,-0.0009012450652153174,0.8680233004183691,0.0,0.0,0.0,0.09224307261746732,0.0,0.0,1000.0,0.0,0.0,0.0,0.0,0.0,0.0,1000.0,0.0,0.0,0.0,0.0,0.0,0.0,1000.0,0.0,-0.011230227359712462,0.09224307261746732,0.0,0.0,0.0,0.019531166143442746
22,450000000,map,9.518378183291949,-0.046736321225672554,0.0,0.0,0.0,0.007861985230372919,0.9999690941165319,0.03883206885831265,-0.0011062440308420422,0.0,0.0,0.0,-0.011236396579550135,-0.0011062440308420422,0.8713230024816946,0.0,0.0,0.0,0.09255643198087535,0.0,0.0,1000.0,0.0,0.0,0.0,0.0,0.0,0.0,1000.0,0.0,0.0,0.0,0.0,0.0,0.0,1000.0,0.0,-0.011236396579550135,0.09255643198087535,0.0,0.0,0.0,0.02043390461100429
22,475000000,map,9.532745046380905,-0.04689167915687384,0.0,0.0,0.0,0.005831676644075531,0.9999829956291851,0.03897984281349925,-0.0014703801879422645,0.0,0.0,0.0,-0.01187981269433868,-0.0014703801879422645,0.873335015401536,0.0,0.0,0.0,0.09319955796474036,0.0,0.0,1000.0,0.0,0.0,0.0,0.0,0.0,0.0,1000.0,0.0,0.0,0.0,0.0,0.0,0.0,1000.0,0.0,-0.01187981269433868,0.09319955796474036,0.0,0.0,0.0,0.019154453264893442
22,500000000,map,9.548429049082035,-0.0466519348623695,0.0,0.0,0.0,0.005697988892731892,0.9999837663295231,0.03936740005226795,-0.0016793496705500678,0.0,0.0,0.0,-0.011884513070669898,-0.0016793496705500678,0.8766650312706702,0.0,0.0,0.0,0.09350705523064011,0.0,0.0,1000.0,0.0,0.0,0.0,0.0,0.0,0.0,1000.0,0.0,0.0,0.0,0.0,0.0,0.0,1000.0,0.0,-0.011884513070669898,0.09350705523064011,0.0,0.0,0.0,0.02005712706435226
22,525000000,map,9.565999419812972,-0.04332105923944447,0.0,0.0,0.0,0.0076386442709652355,0.9999708251312643,0.039593420944495174,-0.0020715645342069535,0.0,0.0,0.0,-0.012313706747176174,-0.0020715645342069535,0.8789991597915615,0.0,0.0,0.0,0.09395106899016356,0.0,0.0,1000.0,0.0,0.0,0.0,0.0,0.0,0.0,1000.0,0.0,0.0,0.0,0.0,0.0,0.0,1000.0,0.0,-0.012313706747176174,0.09395106899016356,0.0,0.0,0.0,0.019443797026848623
22,550000000,map,9.58168302607737,-0.04302527590851823,0.0,0.0,0.0,0.007506564993370467,0.9999718253440946,0.03998257447541877,-0.0022928693704400514,0.0,0.0,0.0,-0.012319591391405234,-0.0022928693704400514,0.8823527233255465,0.0,0.0,0.0,0.09426309618522435,0.0,0.0,1000.0,0.0,0.0,0.0,0.0,0.0,0.0,1000.0,0.0,0.0,0.0,0.0,0.0,0.0,1000.0,0.0,-0.012319591391405234,0.09426309618522435,0.0,0.0,0.0,0.020346438688145688
22,575000000,map,9.59736774702736,-0.04273486233196602,0.0,0.0,0.0,0.007377398169302525,0.999972786627842,0.04037160921751358,-0.002513862896835014,0.0,0.0,0.0,-0.012325631334672588,-0.002513862896835014,0.8857164687109093,0.0,0.0,0.0,0.09458930278281845,0.0,0.0,1000.0,0.0,0.0,0.0,0.0,0.0,0.0,1000.0,0.0,0.0,0.0,0.0,0.0,0.0,1000.0,0.0,-0.012325631334672588,0.09458930278281845,0.0,0.0,0.0,0.021249022096168396
22,600000000,map,9.613105802247055,-0.04264044596341388,0.0,0.0,0.0,0.007465200188969045,0.9999721350048403,0.040533821196494284,-0.0030354287053131366,0.0,0.0,0.0,-0.012916963781448553,-0.0030354287053131366,0.88805367238406,0.0,0.0,0.0,0.09487937225213655,0.0,0.0,1000.0,0.0,0.0,0.0,0.0,0.0,0.0,1000.0,0.0,0.0,0.0,0.0,0.0,0.0,1000.0,0.0,-0.012916963781448553,0.09487937225213655,0.0,0.0,0.0,0.019825583163927043
22,625000000,map,9.628791716290678,-0.042352707576005316,0.0,0.0,0.0,0.007339317620195902,0.9999730668457375,0.040923145152164435,-0.0032657268222688494,0.0,0.0,0.0,-0.012922798207274308,-0.0032657268222688494,0.8914368056877509,0.0,0.0,0.0,0.09519743305320277,0.0,0.0,1000.0,0.0,0.0,0.0,0.0,0.0,0.0,1000.0,0.0,0.0,0.0,0.0,0.0,0.0,1000.0,0.0,-0.012922798207274308,0.09519743305320277,0.0,0.0,0.0,0.02072810088428239
22,650000000,map,9.643709660147714,-0.04645068880845676,0.0,0.0,0.0,0.008231017081689555,0.9999661246051292,0.041137757434490836,-0.00372257144992706,0.0,0.0,0.0,-0.013330954724246254,-0.00372257144992706,0.8940295210498284,0.0,0.0,0.0,0.09559230306557655,0.0,0.0,1000.0,0.0,0.0,0.0,0.0,0.0,0.0,1000.0,0.0,0.0,0.0,0.0,0.0,0.0,1000.0,0.0,-0.013330954724246254,0.09559230306557655,0.0,0.0,0.0,0.02007150946265219
22,675000000,map,9.659396129429506,-0.04614012111297494,0.0,0.0,0.0,0.008107979743077816,0.9999671297920176,0.04152793948371548,-0.003961796180356996,0.0,0.0,0.0,-0.013337328424274857,-0.003961796180356996,0.8974351486606439,0.0,0.0,0.0,0.09591423239423688,0.0,0.0,1000.0,0.0,0.0,0.0,0.0,0.0,0.0,1000.0,0.0,0.0,0.0,0.0,0.0,0.0,1000.0,0.0,-0.013337328424274857,0.09591423239423688,0.0,0.0,0.0,0.02097397029154607
22,700000000,map,9.675082806631472,-0.04583356416169981,0.0,0.0,0.0,0.007985313115364054,0.9999681168789581,0.04191801967792626,-0.004200837078928956,0.0,0.0,0.0,-0.013343896467346891,-0.004200837078928956,0.9008511336318752,0.0,0.0,0.0,0.0962503225435258,0.0,0.0,1000.0,0.0,0.0,0.0,0.0,0.0,0.0,1000.0,0.0,0.0,0.0,0.0,0.0,0.0,1000.0,0.0,-0.013343896467346891,0.0962503225435258,0.0,0.0,0.0,0.021876423703530566
22,725000000,map,9.689473269996837,-0.047667190162687736,0.0,0.0,0.0,0.006998186031181578,0.9999755123963151,0.04203342419812217,-0.004677075612826349,0.0,0.0,0.0,-0.013946074076322507,-0.004677075612826349,0.9033050880875518,0.0,0.0,0.0,0.09691068411897487,0.0,0.0,1000.0,0.0,0.0,0.0,0.0,0.0,0.0,1000.0,0.0,0.0,0.0,0.0,0.0,0.0,1000.0,0.0,-0.013946074076322507,0.09691068411897487,0.0,0.0,0.0,0.020572013642701087
22,750000000,map,9.705162204751806,-0.04739736262516611,0.0,0.0,0.0,0.006880062322502682,0.9999763320911342,0.04242286725168198,-0.004922384554274608,0.0,0.0,0.0,-0.01395174671323543,-0.004922384554274608,0.9067526164371045,0.0,0.0,0.0,0.09724051565223106,0.0,0.0,1000.0,0.0,0.0,0.0,0.0,0.0,0.0,1000.0,0.0,0.0,0.0,0.0,0.0,0.0,1000.0,0.0,-0.01395174671323543,0.09724051565223106,0.0,0.0,0.0,0.021474376173756363
22,775000000,map,9.72085168234407,-0.04713181043025215,0.0,0.0,0.0,0.006763287632124373,0.9999771287086546,0.04281219867224348,-0.005167460772853252,0.0,0.0,0.0,-0.01395756908955546,-0.005167460772853252,0.910210804485112,0.0,0.0,0.0,0.09758451598269881,0.0,0.0,1000.0,0.0,0.0,0.0,0.0,0.0,0.0,1000.0,0.0,0.0,0.0,0.0,0.0,0.0,1000.0,0.0,-0.01395756908955546,0.09758451598269881,0.0,0.0,0.0,0.022376711721908547
22,800000000,map,9.736195617835895,-0.043822270504685526,0.0,0.0,0.0,0.004299235490905028,0.9999907582443919,0.042911708482185,-0.005706333256094286,0.0,0.0,0.0,-0.014553159621301647,-0.005706333256094286,0.9126056163183621,0.0,0.0,0.0,0.09821035738372777,0.0,0.0,1000.0,0.0,0.0,0.0,0.0,0.0,0.0,1000.0,0.0,0.0,0.0,0.0,0.0,0.0,1000.0,0.0,-0.014553159621301647,0.09821035738372777,0.0,0.0,0.0,0.021027368827482382
22,825000000,map,9.751887389197456,-0.043639070821678776,0.0,0.0,0.0,0.004185663393784952,0.9999912400726088,0.04329897048236291,-0.005952917387517858,0.0,0.0,0.0,-0.014557094476528256,-0.005952917387517858,0.9160945385382759,0.0,0.0,0.0,0.09854739316645078,0.0,0.0,1000.0,0.0,0.0,0.0,0.0,0.0,0.0,1000.0,0.0,0.0,0.0,0.0,0.0,0.0,1000.0,0.0,-0.014557094476528256,0.09854739316645078,0.0,0.0,0.0,0.02192964028986741
22,850000000,map,9.767579625603059,-0.04345992913069781,0.0,0.0,0.0,0.004073291726003176,0.9999917041128465,0.0436861198994797,-0.006199228474092981,0.0,0.0,0.0,-0.014561103804439552,-0.006199228474092981,0.9195943368784308,0.0,0.0,0.0,0.09889859740632984,0.0,0.0,1000.0,0.0,0.0,0.0,0.0,0.0,0.0,1000.0,0.0,0.0,0.0,0.0,0.0,0.0,1000.0,0.0,-0.014561103804439552,0.09889859740632984,0.0,0.0,0.0,0.02283188774238675
22,875000000,map,9.78334881888827,-0.04143252555206549,0.0,0.0,0.0,0.002795850329803491,0.9999960916028289,0.04379428018639746,-0.0068466659016108156,0.0,0.0,0.0,-0.015127675984815387,-0.0068466659016108156,0.9219209648738802,0.0,0.0,0.0,0.0992912524322043,0.0,0.0,1000.0,0.0,0.0,0.0,0.0,0.0,0.0,1000.0,0.0,0.0,0.0,0.0,0.0,0.0,1000.0,0.0,-0.015127675984815387,0.0992912524322043,0.0,0.0,0.0,0.02137896855321524
22,900000000,map,9.79904197589966,-0.04129758462215463,0.0,0.0,0.0,0.0026848515441966277,0.9999963957795976,0.04418030046063671,-0.007097618143922305,0.0,0.0,0.0,-0.015130621755914309,-0.007097618143922305,0.9254441392649453,0.0,0.0,0.0,0.09963383528238573,0.0,0.0,1000.0,0.0,0.0,0.0,0.0,0.0,0.0,1000.0,0.0,0.0,0.0,0.0,0.0,0.0,1000.0,0.0,-0.015130621755914309,0.09963383528238573,0.0,0.0,0.0,0.022281188537264043
22,925000000,map,9.815012394329809,-0.042482137944172126,0.0,0.0,0.0,0.004183892576222577,0.999991247483152,0.044363811295264656,-0.007675897836857902,0.0,0.0,0.0,-0.015508854706853134,-0.007675897836857902,0.9280821860020997,0.0,0.0,0.0,0.09999493535290142,0.0,0.0,1000.0,0.0,0.0,0.0,0.0,0.0,0.0,1000.0,0.0,0.0,0.0,0.0,0.0,0.0,1000.0,0.0,-0.015508854706853134,0.09999493535290142,0.0,0.0,0.0,0.021575050969563154
22,950000000,map,9.830706564007482,-0.04230559366265736,0.0,0.0,0.0,0.004076997432543831,0.9999916890114312,0.04475124022740259,-0.007937171086921001,0.0,0.0,0.0,-0.015512743292370755,-0.007937171086921001,0.9316276360216708,0.0,0.0,0.0,0.10034061701642547,0.0,0.0,1000.0,0.0,0.0,0.0,0.0,0.0,0.0,1000.0,0.0,0.0,0.0,0.0,0.0,0.0,1000.0,0.0,-0.015512743292370755,0.10034061701642547,0.0,0.0,0.0,0.022477188890674904
22,975000000,map,9.84782118035142,-0.042012071390891095,0.0,0.0,0.0,0.006393449196324741,0.9999795616948248,0.04492292232826136,-0.008467528929519332,0.0,0.0,0.0,-0.01588945316241701,-0.008467528929519332,0.934483590388983,0.0,0.0,0.0,0.1008479581501044,0.0,0.0,1000.0,0.0,0.0,0.0,0.0,0.0,0.0,1000.0,0.0,0.0,0.0,0.0,0.0,0.0,1000.0,0.0,-0.01588945316241701,0.1008479581501044,0.0,0.0,0.0,0.02183875229252484
23,0,map,9.863514886566955,-0.041766721560946615,0.0,0.0,0.0,0.0062878785587383735,0.9999802310962105,0.04531267928702904,-0.00874196774972013,0.0,0.0,0.0,-0.015894921963024247,-0.00874196774972013,0.9380557674960459,0.0,0.0,0.0,0.1011977678487729,0.0,0.0,1000.0,0.0,0.0,0.0,0.0,0.0,0.0,1000.0,0.0,0.0,0.0,0.0,0.0,0.0,1000.0,0.0,-0.015894921963024247,0.1011977678487729,0.0,0.0,0.0,0.022740863747722467
23,25000000,map,9.879209534312398,-0.04152573338187008,0.0,0.0,0.0,0.0061848142627845765,0.9999808738533627,0.04570230894075973,-0.009016149130548034,0.0,0.0,0.0,-0.015900510935427624,-0.009016149130548034,0.9416393048026691,0.0,0.0,0.0,0.10156175646209874,0.0,0.0,1000.0,0.0,0.0,0.0,0.0,0.0,0.0,1000.0,0.0,0.0,0.0,0.0,0.0,0.0,1000.0,0.0,-0.015900510935427624,0.10156175646209874,0.0,0.0,0.0,0.023642925073727408
23,50000000,map,9.894454832378536,-0.04118335438903376,0.0,0.0,0.0,0.005110658573835209,0.9999869404991956,0.045770227557479816,-0.009651860124292911,0.0,0.0,0.0,-0.016430907893982827,-0.009651860124292911,0.9444376053352427,0.0,0.0,0.0,0.102089630643376,0.0,0.0,1000.0,0.0,0.0,0.0,0.0,0.0,0.0,1000.0,0.0,0.0,0.0,0.0,0.0,0.0,1000.0,0.0,-0.016430907893982827,0.102089630643376,0.0,0.0,0.0,0.022220815654388274
23,75000000,map,9.910150962327544,-0.04098044764845765,0.0,0.0,0.0,0.005010299467571512,0.999987448370851,0.046158872143586646,-0.009930743753417452,0.0,0.0,0.0,-0.01643550815893146,-0.009930743753417452,0.9480492787922655,0.0,0.0,0.0,0.10244549046463475,0.0,0.0,1000.0,0.0,0.0,0.0,0.0,0.0,0.0,1000.0,0.0,0.0,0.0,0.0,0.0,0.0,1000.0,0.0,-0.01643550815893146,0.10244549046463475,0.0,0.0,0.0,0.023122822862215293
23,100000000,map,9.925847132694601,-0.040780688627722876,0.0,0.0,0.0,0.004909940062680539,0.9999879461716431,0.04654741505786707,-0.010209447827414602,0.0,0.0,0.0,-0.0164402172434218,-0.010209447827414602,0.9516723541929992,0.0,0.0,0.0,0.1028155092610895,0.0,0.0,1000.0,0.0,0.0,0.0,0.0,0.0,0.0,1000.0,0.0,0.0,0.0,0.0,0.0,0.0,1000.0,0.0,-0.0164402172434218,0.1028155092610895,0.0,0.0,0.0,0.02402483007500562
23,125000000,map,9.940513530985957,-0.04098770937355685,0.0,0.0,0.0,0.0032194379186122205,0.9999948175963155,0.046590041973584254,-0.010901833530127227,0.0,0.0,0.0,-0.016971535657649542,-0.010901833530127227,0.9543631072324454,0.0,0.0,0.0,0.10337285055248015,0.0,0.0,1000.0,0.0,0.0,0.0,0.0,0.0,0.0,1000.0,0.0,0.0,0.0,0.0,0.0,0.0,1000.0,0.0,-0.016971535657649542,0.10337285055248015,0.0,0.0,0.0,0.022582626031627435
23,150000000,map,9.95621166035758,-0.040845770916601354,0.0,0.0,0.0,0.0031228899612439575,0.9999951237672562,0.04697684817452864,-0.011183100598500693,0.0,0.0,0.0,-0.016974805010087475,-0.011183100598500693,0.9580155190534109,0.0,0.0,0.0,0.10373443485199231,0.0,0.0,1000.0,0.0,0.0,0.0,0.0,0.0,0.0,1000.0,0.0,0.0,0.0,0.0,0.0,0.0,1000.0,0.0,-0.016974805010087475,0.10373443485199231,0.0,0.0,0.0,0.023484557000484758
23,175000000,map,9.972528283356612,-0.041131096062023635,0.0,0.0,0.0,0.004515329900239916,0.9999898058459856,0.04710749005782318,-0.011800220539245947,0.0,0.0,0.0,-0.017338860620963913,-0.011800220539245947,0.9608965051076745,0.0,0.0,0.0,0.10426753982354092,0.0,0.0,1000.0,0.0,0.0,0.0,0.0,0.0,0.0,1000.0,0.0,0.0,0.0,0.0,0.0,0.0,1000.0,0.0,-0.017338860620963913,0.10426753982354092,0.0,0.0,0.0,0.022809613406720858
23,200000000,map,9.988226836370703,-0.040949469247448356,0.0,0.0,0.0,0.004421168788994173,0.9999902265855098,0.04749578625115191,-0.012091590991732713,0.0,0.0,0.0,-0.017343085361478765,-0.012091590991732713,0.9645771193712326,0.0,0.0,0.0,0.10463269687977314,0.0,0.0,1000.0,0.0,0.0,0.0,0.0,0.0,0.0,1000.0,0.0,0.0,0.0,0.0,0.0,0.0,1000.0,0.0,-0.017343085361478765,0.10463269687977314,0.0,0.0,0.0,0.023711496647746255
23,225000000,map,10.003925777893455,-0.04077122009735887,0.0,0.0,0.0,0.004328009911922541,0.9999906341212413,0.0478839702657565,-0.012382744966017895,0.0,0.0,0.0,-0.017347392293777613,-0.012382744966017895,0.9682694892290209,0.0,0.0,0.0,0.10501202142784583,0.0,0.0,1000.0,0.0,0.0,0.0,0.0,0.0,0.0,1000.0,0.0,0.0,0.0,0.0,0.0,0.0,1000.0,0.0,-0.017347392293777613,0.10501202142784583,0.0,0.0,0.0,0.02461335984311646
23,250000000,map,10.021103145577777,-0.03738006207896923,0.0,0.0,0.0,0.0036537079772683105,0.9999933251867319,0.047908804513317985,-0.013085798561868325,0.0,0.0,0.0,-0.01785413280527998,-0.013085798561868325,0.9711317793342876,0.0,0.0,0.0,0.10560837782186791,0.0,0.0,1000.0,0.0,0.0,0.0,0.0,0.0,0.0,1000.0,0.0,0.0,0.0,0.0,0.0,0.0,1000.0,0.0,-0.01785413280527998,0.10560837782186791,0.0,0.0,0.0,0.023184528742568607
23,275000000,map,10.036803206206622,-0.0372269449083178,0.0,0.0,0.0,0.003562995554492181,0.999993652511194,0.04829628117787997,-0.013382474722514769,0.0,0.0,0.0,-0.017857751796347923,-0.013382474722514769,0.9748548589127162,0.0,0.0,0.0,0.1059794555980585,0.0,0.0,1000.0,0.0,0.0,0.0,0.0,0.0,0.0,1000.0,0.0,0.0,0.0,0.0,0.0,0.0,1000.0,0.0,-0.017857751796347923,0.1059794555980585,0.0,0.0,0.0,0.024086343002835808
23,300000000,map,10.052503742246227,-0.03707719556460919,0.0,0.0,0.0,0.0034735520889440665,0.9999939671997453,0.04868364305586019,-0.01367891337130931,0.0,0.0,0.0,-0.017861426231551437,-0.01367891337130931,0.978589897572802,0.0,0.0,0.0,0.10636470337884507,0.0,0.0,1000.0,0.0,0.0,0.0,0.0,0.0,0.0,1000.0,0.0,0.0,0.0,0.0,0.0,0.0,1000.0,0.0,-0.017861426231551437,0.10636470337884507,0.0,0.0,0.0,0.02498813188321901
23,325000000,map,10.065904809630048,-0.04014472560108401,0.0,0.0,0.0,0.002120326986133729,0.9999977521042094,0.04869419522333646,-0.014471651882407767,0.0,0.0,0.0,-0.018341498278560256,-0.014471651882407767,0.9814246471296832,0.0,0.0,0.0,0.10679511484050562,0.0,0.0,1000.0,0.0,0.0,0.0,0.0,0.0,0.0,1000.0,0.0,0.0,0.0,0.0,0.0,0.0,1000.0,0.0,-0.018341498278560256,0.10679511484050562,0.0,0.0,0.0,0.02345701264236993
23,350000000,map,10.081606112457164,-0.04004075354745669,0.0,0.0,0.0,0.002032019541942196,0.9999979354461593,0.049080025807902196,-0.014770859175193295,0.0,0.0,0.0,-0.018343984031576038,-0.014770859175193295,0.9851852933550984,0.0,0.0,0.0,0.10717049995114429,0.0,0.0,1000.0,0.0,0.0,0.0,0.0,0.0,0.0,1000.0,0.0,0.0,0.0,0.0,0.0,0.0,1000.0,0.0,-0.018343984031576038,0.10717049995114429,0.0,0.0,0.0,0.024358778795060838
23,375000000,map,10.097308217984793,-0.039940494106834895,0.0,0.0,0.0,0.001945943209666631,0.99999810665072,0.049465728473763876,-0.01506975792364073,0.0,0.0,0.0,-0.01834647143216036,-0.01506975792364073,0.9889580933306384,0.0,0.0,0.0,0.10756006352961922,0.0,0.0,1000.0,0.0,0.0,0.0,0.0,0.0,0.0,1000.0,0.0,0.0,0.0,0.0,0.0,0.0,1000.0,0.0,-0.01834647143216036,0.10756006352961922,0.0,0.0,0.0,0.02526050032511211
23,400000000,map,10.11004950407458,-0.0438990805914936,0.0,0.0,0.0,0.0008345793377534483,0.9999996517386038,0.04943420422173998,-0.01581902501200634,0.0,0.0,0.0,-0.01885533165605201,-0.01581902501200634,0.991774834576118,0.0,0.0,0.0,0.10830537621509435,0.0,0.0,1000.0,0.0,0.0,0.0,0.0,0.0,0.0,1000.0,0.0,0.0,0.0,0.0,0.0,0.0,1000.0,0.0,-0.01885533165605201,0.10830537621509435,0.0,0.0,0.0,0.02384855502235344
23,425000000,map,10.125752411207658,-0.043837166030690024,0.0,0.0,0.0,0.0007502317605818483,0.9999997185761131,0.049818569056466505,-0.01612186785914057,0.0,0.0,0.0,-0.01885683614263783,-0.01612186785914057,0.9955833001004151,0.0,0.0,0.0,0.10868694741310425,0.0,0.0,1000.0,0.0,0.0,0.0,0.0,0.0,0.0,1000.0,0.0,0.0,0.0,0.0,0.0,0.0,1000.0,0.0,-0.01885683614263783,0.10868694741310425,0.0,0.0,0.0,0.024750241974426993
23,450000000,map,10.14367855166399,-0.041911822762414314,0.0,0.0,0.0,0.0021276700546329023,0.9999977365075076,0.049880291356156424,-0.016746603806663825,0.0,0.0,0.0,-0.019215809466830266,-0.016746603806663825,0.9986302181824731,0.0,0.0,0.0,0.10945545660949095,0.0,0.0,1000.0,0.0,0.0,0.0,0.0,0.0,0.0,1000.0,0.0,0.0,0.0,0.0,0.0,0.0,1000.0,0.0,-0.019215809466830266,0.10945545660949095,0.0,0.0,0.0,0.024138079158665116
23,475000000,map,10.159382185464423,-0.04181040831896379,0.0,0.0,0.0,0.0020459929441221224,0.9999979069542458,0.05026622866253728,-0.017059580459594277,0.0,0.0,0.0,-0.019218303136026224,-0.017059580459594277,1.0024749989640676,0.0,0.0,0.0,0.10984159162675694,0.0,0.0,1000.0,0.0,0.0,0.0,0.0,0.0,0.0,1000.0,0.0,0.0,0.0,0.0,0.0,0.0,1000.0,0.0,-0.019218303136026224,0.10984159162675694,0.0,0.0,0.0,0.025039712704432726
23,500000000,map,10.175085835832476,-0.041711557385670596,0.0,0.0,0.0,0.0019643159533889462,0.9999980707295566,0.050652067915105604,-0.01737235147963758,0.0,0.0,0.0,-0.019220822898655062,-0.01737235147963758,1.0063321332687054,0.0,0.0,0.0,0.11024188598934433,0.0,0.0,1000.0,0.0,0.0,0.0,0.0,0.0,0.0,1000.0,0.0,0.0,0.0,0.0,0.0,0.0,1000.0,0.0,-0.019220822898655062,0.11024188598934433,0.0,0.0,0.0,0.025941346247531794
23,525000000,map,10.188678870636384,-0.04396136337781003,0.0,0.0,0.0,0.0006950160729933332,0.9999997584763,0.050618699157656745,-0.018152771560370495,0.0,0.0,0.0,-0.019668209197468315,-0.018152771560370495,1.009458330294976,0.0,0.0,0.0,0.11078834871070017,0.0,0.0,1000.0,0.0,0.0,0.0,0.0,0.0,0.0,1000.0,0.0,0.0,0.0,0.0,0.0,0.0,1000.0,0.0,-0.019668209197468315,0.11078834871070017,0.0,0.0,0.0,0.024443085846451364
23,550000000,map,10.204383458285756,-0.04390581790523994,0.0,0.0,0.0,0.0006154143003498472,0.9999998106326016,0.051002930695883505,-0.01846785288701036,0.0,0.0,0.0,-0.019669591939900578,-0.01846785288701036,1.0133452339865296,0.0,0.0,0.0,0.11117929686037195,0.0,0.0,1000.0,0.0,0.0,0.0,0.0,0.0,0.0,1000.0,0.0,0.0,0.0,0.0,0.0,0.0,1000.0,0.0,-0.019669591939900578,0.11117929686037195,0.0,0.0,0.0,0.02534467788224639
23,575000000,map,10.221655922482823,-0.042520798053756664,0.0,0.0,0.0,0.0015999306745554899,0.9999987201100993,0.05105218751214449,-0.019135199417199086,0.0,0.0,0.0,-0.01999930876119102,-0.019135199417199086,1.0165814727398086,0.0,0.0,0.0,0.11185826869781756,0.0,0.0,1000.0,0.0,0.0,0.0,0.0,0.0,0.0,1000.0,0.0,0.0,0.0,0.0,0.0,0.0,1000.0,0.0,-0.01999930876119102,0.11185826869781756,0.0,0.0,0.0,0.02467718968184091
23,600000000,map,10.237361111223343,-0.042437699922281635,0.0,0.0,0.0,0.0015223996222847264,0.9999988411490236,0.05143756539585557,-0.019458679273099477,0.0,0.0,0.0,-0.020001396848129734,-0.019458679273099477,1.0205021471232965,0.0,0.0,0.0,0.11225290813070266,0.0,0.0,1000.0,0.0,0.0,0.0,0.0,0.0,0.0,1000.0,0.0,0.0,0.0,0.0,0.0,0.0,1000.0,0.0,-0.020001396848129734,0.11225290813070266,0.0,0.0,0.0,0.025578740304776332
23,625000000,map,10.253067036432215,-0.042357806471913374,0.0,0.0,0.0,0.0014469272551147377,0.9999989532002113,0.05182282262073422,-0.019781876596419893,0.0,0.0,0.0,-0.020003476434298968,-0.019781876596419893,1.0244355814879675,0.0,0.0,0.0,0.11266172543285723,0.0,0.0,1000.0,0.0,0.0,0.0,0.0,0.0,0.0,1000.0,0.0,0.0,0.0,0.0,0.0,0.0,1000.0,0.0,-0.020003476434298968,0.11266172543285723,0.0,0.0,0.0,0.026480249753783675
23,650000000,map,10.264130647848825,-0.04773731753913054,0.0,0.0,0.0,-0.00018997453741069858,0.9999999819548374,0.05176149600610788,-0.020580803741985194,0.0,0.0,0.0,-0.020433575204282274,-0.020580803741985194,1.027664388978659,0.0,0.0,0.0,0.11324415331563348,0.0,0.0,1000.0,0.0,0.0,0.0,0.0,0.0,0.0,1000.0,0.0,0.0,0.0,0.0,0.0,0.0,1000.0,0.0,-0.020433575204282274,0.11324415331563348,0.0,0.0,0.0,0.02497734920406513
23,675000000,map,10.27983741498152,-0.04771200612819449,0.0,0.0,0.0,-0.0002635580279584994,0.9999999652685824,0.05214459797175862,-0.02090461696404884,0.0,0.0,0.0,-0.020434218824992013,-0.02090461696404884,1.0316289786876338,0.0,0.0,0.0,0.11364354632597126,0.0,0.0,1000.0,0.0,0.0,0.0,0.0,0.0,0.0,1000.0,0.0,0.0,0.0,0.0,0.0,0.0,1000.0,0.0,-0.020434218824992013,0.11364354632597126,0.0,0.0,0.0,0.025878820873914254
23,700000000,map,10.295544199073495,-0.047689022089203094,0.0,0.0,0.0,-0.0003371029146857264,0.9999999431808109,0.05252760498866288,-0.021228182883251952,0.0,0.0,0.0,-0.02043482398454116,-0.021228182883251952,1.035606340509951,0.0,0.0,0.0,0.11405709898237122,0.0,0.0,1000.0,0.0,0.0,0.0,0.0,0.0,0.0,1000.0,0.0,0.0,0.0,0.0,0.0,0.0,1000.0,0.0,-0.02043482398454116,0.11405709898237122,0.0,0.0,0.0,0.026780291771715467
23,725000000,map,10.310904802848379,-0.04750352381220336,0.0,0.0,0.0,-0.0010221108036478001,0.999999477644616,0.05240663105986687,-0.02199456639340798,0.0,0.0,0.0,-0.020915809952297953,-0.02199456639340798,1.038696599274706,0.0,0.0,0.0,0.11501745207577115,0.0,0.0,1000.0,0.0,0.0,0.0,0.0,0.0,0.0,1000.0,0.0,0.0,0.0,0.0,0.0,0.0,1000.0,0.0,-0.020915809952297953,0.11501745207577115,0.0,0.0,0.0,0.02540709164713066
23,750000000,map,10.326612261216928,-0.04750517132748447,0.0,0.0,0.0,-0.0010937707948021286,0.9999994018325453,0.05278863649313553,-0.022322870517459473,0.0,0.0,0.0,-0.02091576735116373,-0.022322870517459473,1.0427171346451907,0.0,0.0,0.0,0.11542361252231977,0.0,0.0,1000.0,0.0,0.0,0.0,0.0,0.0,0.0,1000.0,0.0,0.0,0.0,0.0,0.0,0.0,1000.0,0.0,-0.02091576735116373,0.11542361252231977,0.0,0.0,0.0,0.026308524847756098
23,775000000,map,10.346071384744077,-0.04375976427438758,0.0,0.0,0.0,0.0006786949583296303,0.9999997696865502,0.05280487747611206,-0.023049635297776754,0.0,0.0,0.0,-0.02121721648064735,-0.023049635297776754,1.0461241017621548,0.0,0.0,0.0,0.11605893907083992,0.0,0.0,1000.0,0.0,0.0,0.0,0.0,0.0,0.0,1000.0,0.0,0.0,0.0,0.0,0.0,0.0,1000.0,0.0,-0.02121721648064735,0.11605893907083992,0.0,0.0,0.0,0.02559856752521772
23,800000000,map,10.361779743230876,-0.043709175818776175,0.0,0.0,0.0,0.0006098480082269138,0.9999998140426861,0.05318910837220234,-0.02338883896260148,0.0,0.0,0.0,-0.021218534272277958,-0.02338883896260148,1.0501775751130973,0.0,0.0,0.0,0.11646813012232163,0.0,0.0,1000.0,0.0,0.0,0.0,0.0,0.0,0.0,1000.0,0.0,0.0,0.0,0.0,0.0,0.0,1000.0,0.0,-0.021218534272277958,0.11646813012232163,0.0,0.0,0.0,0.026499944464505817
23,825000000,map,10.377488368444832,-0.04366106743347752,0.0,0.0,0.0,0.0005417434411503283,0.9999998532570112,0.053573236739841025,-0.023727797921346615,0.0,0.0,0.0,-0.021219830823354047,-0.023727797921346615,1.0542441788077475,0.0,0.0,0.0,0.11689148739774442,0.0,0.0,1000.0,0.0,0.0,0.0,0.0,0.0,0.0,1000.0,0.0,0.0,0.0,0.0,0.0,0.0,1000.0,0.0,-0.021219830823354047,0.11689148739774442,0.0,0.0,0.0,0.027401306556073406
23,850000000,map,10.385119915798015,-0.052157753557901684,0.0,0.0,0.0,-0.003507849131690797,0.9999938474783079,0.053472360335417024,-0.02457761924141824,0.0,0.0,0.0,-0.021592460413289306,-0.02457761924141824,1.0576675401180808,0.0,0.0,0.0,0.11733749166689444,0.0,0.0,1000.0,0.0,0.0,0.0,0.0,0.0,0.0,1000.0,0.0,0.0,0.0,0.0,0.0,0.0,1000.0,0.0,-0.021592460413289306,0.11733749166689444,0.0,0.0,0.0,0.025811443289048573
23,875000000,map,10.40082907791771,-0.052239850032384134,0.0,0.0,0.0,-0.00357401046405093,0.9999936132042059,0.053850909618894514,-0.024907019128138485,0.0,0.0,0.0,-0.021590304387063993,-0.024907019128138485,1.06176138648098,0.0,0.0,0.0,0.1177500473304754,0.0,0.0,1000.0,0.0,0.0,0.0,0.0,0.0,0.0,1000.0,0.0,0.0,0.0,0.0,0.0,0.0,1000.0,0.0,-0.021590304387063993,0.1177500473304754,0.0,0.0,0.0,0.026712766523991523
23,900000000,map,10.41653852287971,-0.05232437886490993,0.0,0.0,0.0,-0.0036393240511311477,0.9999933776382975,0.05422935724135453,-0.02523606641146508,0.0,0.0,0.0,-0.021588008294912378,-0.02523606641146508,1.0658684729454981,0.0,0.0,0.0,0.11817676957666845,0.0,0.0,1000.0,0.0,0.0,0.0,0.0,0.0,0.0,1000.0,0.0,0.0,0.0,0.0,0.0,0.0,1000.0,0.0,-0.021588008294912378,0.11817676957666845,0.0,0.0,0.0,0.027614072804229464
23,925000000,map,10.421335435899845,-0.06112583454235846,0.0,0.0,0.0,-0.008434341737629848,0.9999644303071249,0.054048851296537866,-0.025986534397231215,0.0,0.0,0.0,-0.02206287683289426,-0.025986534397231215,1.0690016009315857,0.0,0.0,0.0,0.11930774565847978,0.0,0.0,1000.0,0.0,0.0,0.0,0.0,0.0,0.0,1000.0,0.0,0.0,0.0,0.0,0.0,0.0,1000.0,0.0,-0.02206287683289426,0.11930774565847978,0.0,0.0,0.0,0.02628864749392804
23,950000000,map,10.43704360760651,-0.0613634322004437,0.0,0.0,0.0,-0.008498803948060763,0.999963884513562,0.054420473422540104,-0.02630433816674444,0.0,0.0,0.0,-0.022056523639703143,-0.02630433816674444,1.0731572033667678,0.0,0.0,0.0,0.11972777105071603,0.0,0.0,1000.0,0.0,0.0,0.0,0.0,0.0,0.0,1000.0,0.0,0.0,0.0,0.0,0.0,0.0,1000.0,0.0,-0.022056523639703143,0.11972777105071603,0.0,0.0,0.0,0.027189936784347717
23,975000000,map,10.452752137740918,-0.06160355071640341,0.0,0.0,0.0,-0.008562129234672809,0.9999633442996642,0.054791991500818024,-0.026621641911441906,0.0,0.0,0.0,-0.022049886627039994,-0.026621641911441906,1.077326294709898,0.0,0.0,0.0,0.12016196377843974,0.0,0.0,1000.0,0.0,0.0,0.0,0.0,0.0,0.0,1000.0,0.0,0.0,0.0,0.0,0.0,0.0,1000.0,0.0,-0.022049886627039994,0.12016196377843974,0.0,0.0,0.0,0.028091203336163776
24,0,map,10.468460820504594,-0.06184588384222656,0.0,0.0,0.0,-0.008624919501240107,0.999962804690053,0.05516341713340277,-0.026938467798198126,0.0,0.0,0.0,-0.02204296999585355,-0.026938467798198126,1.0815092793359917,0.0,0.0,0.0,0.12061031835122914,0.0,0.0,1000.0,0.0,0.0,0.0,0.0,0.0,0.0,1000.0,0.0,0.0,0.0,0.0,0.0,0.0,1000.0,0.0,-0.02204296999585355,0.12061031835122914,0.0,0.0,0.0,0.02899245918786767
24,25000000,map,10.484170000982537,-0.06209087609873895,0.0,0.0,0.0,-0.008686165258091351,0.99996227455495,0.055534734452109664,-0.027254760116653787,0.0,0.0,0.0,-0.022035756671286856,-0.027254760116653787,1.0857066718784736,0.0,0.0,0.0,0.12107284487789273,0.0,0.0,1000.0,0.0,0.0,0.0,0.0,0.0,0.0,1000.0,0.0,0.0,0.0,0.0,0.0,0.0,1000.0,0.0,-0.022035756671286856,0.12107284487789273,0.0,0.0,0.0,0.029893684148891816
24,50000000,map,10.499879195822453,-0.062337901223967256,0.0,0.0,0.0,-0.008747276784289874,0.9999617418425862,0.05590596633998622,-0.02757057334404541,0.0,0.0,0.0,-0.022028260867943527,-0.02757057334404541,1.089918818765702,0.0,0.0,0.0,0.12154952932484202,0.0,0.0,1000.0,0.0,0.0,0.0,0.0,0.0,0.0,1000.0,0.0,0.0,0.0,0.0,0.0,0.0,1000.0,0.0,-0.022028260867943527,0.12154952932484202,0.0,0.0,0.0,0.03079490642585191
24,75000000,map,10.51558876015046,-0.06258735719826085,0.0,0.0,0.0,-0.008807219959547821,0.9999612156861806,0.05627709908926848,-0.027885857136128782,0.0,0.0,0.0,-0.02202046648983176,-0.027885857136128782,1.0941462391606285,0.0,0.0,0.0,0.1220403826094359,0.0,0.0,1000.0,0.0,0.0,0.0,0.0,0.0,0.0,1000.0,0.0,0.0,0.0,0.0,0.0,0.0,1000.0,0.0,-0.02202046648983176,0.1220403826094359,0.0,0.0,0.0,0.03169610533554019
24,100000000,map,10.531298727888226,-0.06283923069903212,0.0,0.0,0.0,-0.008865897400387346,0.9999606971592863,0.056648133851775855,-0.02820060328969605,0.0,0.0,0.0,-0.02201236958994604,-0.02820060328969605,1.0983893865542693,0.0,0.0,0.0,0.12254540610571904,0.0,0.0,1000.0,0.0,0.0,0.0,0.0,0.0,0.0,1000.0,0.0,0.0,0.0,0.0,0.0,0.0,1000.0,0.0,-0.02201236958994604,0.12254540610571904,0.0,0.0,0.0,0.03259727893017798
24,125000000,map,10.545829991629914,-0.06312997105807043,0.0,0.0,0.0,-0.008988151174786695,0.999959605753382,0.05700568799402634,-0.028484157109062103,0.0,0.0,0.0,-0.022002761056749417,-0.028484157109062103,1.102358724712434,0.0,0.0,0.0,0.1230256425975249,0.0,0.0,1000.0,0.0,0.0,0.0,0.0,0.0,0.0,1000.0,0.0,0.0,0.0,0.0,0.0,0.0,1000.0,0.0,-0.022002761056749417,0.1230256425975249,0.0,0.0,0.0,0.033499724103099496
24,150000000,map,10.557280979813951,-0.06338279796543768,0.0,0.0,0.0,-0.009086419128185556,0.9999587176415969,0.05733412144260341,-0.02870379117128812,0.0,0.0,0.0,-0.021994177404540485,-0.02870379117128812,1.1055820317661063,0.0,0.0,0.0,0.12341441174019213,0.0,0.0,1000.0,0.0,0.0,0.0,0.0,0.0,0.0,1000.0,0.0,0.0,0.0,0.0,0.0,0.0,1000.0,0.0,-0.021994177404540485,0.12341441174019213,0.0,0.0,0.0,0.0344016895424311
24,175000000,map,10.56565751652743,-0.0635682483626348,0.0,0.0,0.0,-0.009156792679885674,0.9999580756950851,0.05763478091494326,-0.028863403615499432,0.0,0.0,0.0,-0.021987714014358388,-0.028863403615499432,1.1080529797698035,0.0,0.0,0.0,0.12370635409228274,0.0,0.0,1000.0,0.0,0.0,0.0,0.0,0.0,0.0,1000.0,0.0,0.0,0.0,0.0,0.0,0.0,1000.0,0.0,-0.021987714014358388,0.12370635409228274,0.0,0.0,0.0,0.03530309707202244
24,200000000,map,10.570982194355434,-0.06368631249547912,0.0,0.0,0.0,-0.00920087246466,0.9999576710770757,0.057907890197185945,-0.02896360791206826,0.0,0.0,0.0,-0.021983492803911472,-0.02896360791206826,1.1097719477995243,0.0,0.0,0.0,0.12389673016275002,0.0,0.0,1000.0,0.0,0.0,0.0,0.0,0.0,0.0,1000.0,0.0,0.0,0.0,0.0,0.0,0.0,1000.0,0.0,-0.021983492803911472,0.12389673016275002,0.0,0.0,0.0,0.03620397870485799
24,225000000,map,10.573277437642899,-0.06373722296199451,0.0,0.0,0.0,-0.009219715673509954,0.9999574975182194,0.05815366150228304,-0.02900494860385535,0.0,0.0,0.0,-0.02198162672316239,-0.02900494860385535,1.1107410930322388,0.0,0.0,0.0,0.12398086039384708,0.0,0.0,1000.0,0.0,0.0,0.0,0.0,0.0,0.0,1000.0,0.0,0.0,0.0,0.0,0.0,0.0,1000.0,0.0,-0.02198162672316239,0.12398086039384708,0.0,0.0,0.0,0.037104355585020614
24,250000000,map,10.57338048614526,-0.06373950670378106,0.0,0.0,0.0,-0.009220556777491586,0.9999574897627964,0.058379650988712346,-0.02900372305762836,0.0,0.0,0.0,-0.021981540958692068,-0.02900372305762836,1.1111665978523386,0.0,0.0,0.0,0.12398473031481398,0.0,0.0,1000.0,0.0,0.0,0.0,0.0,0.0,0.0,1000.0,0.0,0.0,0.0,0.0,0.0,0.0,1000.0,0.0,-0.021981540958692068,0.12398473031481398,0.0,0.0,0.0,0.038004372407815325
24,275000000,map,10.573380945073565,-0.06373951516598593,0.0,0.0,0.0,-0.00922055677749425,0.9999574897627964,0.05860471471319746,-0.029000505672059092,0.0,0.0,0.0,-0.02198154063328329,-0.029000505672059092,1.111566652146165,0.0,0.0,0.0,0.12398474796261391,0.0,0.0,1000.0,0.0,0.0,0.0,0.0,0.0,0.0,1000.0,0.0,0.0,0.0,0.0,0.0,0.0,1000.0,0.0,-0.02198154063328329,0.12398474796261391,0.0,0.0,0.0,0.03890437240781538
24,300000000,map,10.573381173680383,-0.06373951938127999,0.0,0.0,0.0,-0.009220556777495581,0.9999574897627963,0.05882977632156682,-0.028997283707749243,0.0,0.0,0.0,-0.02198154046739304,-0.028997283707749243,1.111966649326485,0.0,0.0,0.0,0.12398475695929181,0.0,0.0,1000.0,0.0,0.0,0.0,0.0,0.0,0.0,1000.0,0.0,0.0,0.0,0.0,0.0,0.0,1000.0,0.0,-0.02198154046739304,0.12398475695929181,0.0,0.0,0.0,0.039804372407815404
24,325000000,map,10.573381401821647,-0.06373952358798965,0.0,0.0,0.0,-0.009220556777496914,0.9999574897627963,0.059054837925658826,-0.028994061734184173,0.0,0.0,0.0,-0.02198154029805458,-0.028994061734184173,1.1123666463913642,0.0,0.0,0.0,0.12398476614297521,0.0,0.0,1000.0,0.0,0.0,0.0,0.0,0.0,0.0,1000.0,0.0,0.0,0.0,0.0,0.0,0.0,1000.0,0.0,-0.02198154029805458,0.12398476614297521,0.0,0.0,0.0,0.04070437240781543
24,350000000,map,10.573381401821647,-0.06373952358798965,0.0,0.0,0.0,-0.009220556777496914,0.9999574897627963,0.059279897433666205,-0.028990835225221157,0.0,0.0,0.0,-0.02198154029805458,-0.028990835225221157,1.1127665868833567,0.0,0.0,0.0,0.12398476614297521,0.0,0.0,1000.0,0.0,0.0,0.0,0.0,0.0,0.0,1000.0,0.0,0.0,0.0,0.0,0.0,0.0,1000.0,0.0,-0.02198154029805458,0.12398476614297521,0.0,0.0,0.0,0.04160437240781543
24,375000000,map,10.573381627270045,-0.06373952774504539,0.0,0.0,0.0,-0.009220556777498246,0.9999574897627963,0.059504959013017056,-0.028987613198122413,0.0,0.0,0.0,-0.02198154012323221,-0.028987613198122413,1.1131665832804816,0.0,0.0,0.0,0.12398477562406605,0.0,0.0,1000.0,0.0,0.0,0.0,0.0,0.0,0.0,1000.0,0.0,0.0,0.0,0.0,0.0,0.0,1000.0,0.0,-0.02198154012323221,0.12398477562406605,0.0,0.0,0.0,0.042504372407815454
24,400000000,map,10.573381627270045,-0.06373952774504539,0.0,0.0,0.0,-0.009220556777498246,0.9999574897627963,0.059730018521024435,-0.028984386689159394,0.0,0.0,0.0,-0.02198154012323221,-0.028984386689159394,1.1135665237724741,0.0,0.0,0.0,0.12398477562406605,0.0,0.0,1000.0,0.0,0.0,0.0,0.0,0.0,0.0,1000.0,0.0,0.0,0.0,0.0,0.0,0.0,1000.0,0.0,-0.02198154012323221,0.12398477562406605,0.0,0.0,0.0,0.04340437240781545
24,425000000,map,10.57338185370159,-0.06373953192022948,0.0,0.0,0.0,-0.009220556777499578,0.9999574897627963,0.059955080109408136,-0.02898116468160536,0.0,0.0,0.0,-0.02198153994013213,-0.02898116468160536,1.1139665204133977,0.0,0.0,0.0,0.12398478555407942,0.0,0.0,1000.0,0.0,0.0,0.0,0.0,0.0,0.0,1000.0,0.0,0.0,0.0,0.0,0.0,0.0,1000.0,0.0,-0.02198153994013213,0.12398478555407942,0.0,0.0,0.0,0.04430437240781548
24,450000000,map,10.57338185370159,-0.06373953192022948,0.0,0.0,0.0,-0.009220556777499578,0.9999574897627963,0.060180139617415515,-0.02897793817264234,0.0,0.0,0.0,-0.02198153994013213,-0.02897793817264234,1.1143664609053903,0.0,0.0,0.0,0.12398478555407942,0.0,0.0,1000.0,0.0,0.0,0.0,0.0,0.0,0.0,1000.0,0.0,0.0,0.0,0.0,0.0,0.0,1000.0,0.0,-0.02198153994013213,0.12398478555407942,0.0,0.0,0.0,0.045204372407815475
24,475000000,map,10.57338185370159,-0.06373953192022948,0.0,0.0,0.0,-0.009220556777499578,0.9999574897627963,0.060405199125422894,-0.02897471166367932,0.0,0.0,0.0,-0.02198153994013213,-0.02897471166367932,1.1147664013973828,0.0,0.0,0.0,0.12398478555407942,0.0,0.0,1000.0,0.0,0.0,0.0,0.0,0.0,0.0,1000.0,0.0,0.0,0.0,0.0,0.0,0.0,1000.0,0.0,-0.02198153994013213,0.12398478555407942,0.0,0.0,0.0,0.04610437240781547
24,500000000,map,10.57338185370159,-0.06373953192022948,0.0,0.0,0.0,-0.009220556777499578,0.9999574897627963,0.06063025863343027,-0.0289714851547163,0.0,0.0,0.0,-0.02198153994013213,-0.0289714851547163,1.1151663418893754,0.0,0.0,0.0,0.12398478555407942,0.0,0.0,1000.0,0.0,0.0,0.0,0.0,0.0,0.0,1000.0,0.0,0.0,0.0,0.0,0.0,0.0,1000.0,0.0,-0.02198153994013213,0.12398478555407942,0.0,0.0,0.0,0.04700437240781547
24,525000000,map,10.573382077346738,-0.063739536044035,0.0,0.0,0.0,-0.00922055677750091,0.9999574897627963,0.06085532019621349,-0.028968263091769194,0.0,0.0,0.0,-0.021981539744439525,-0.028968263091769194,1.1155663378393519,0.0,0.0,0.0,0.12398479616701955,0.0,0.0,1000.0,0.0,0.0,0.0,0.0,0.0,0.0,1000.0,0.0,0.0,0.0,0.0,0.0,0.0,1000.0,0.0,-0.021981539744439525,0.12398479616701955,0.0,0.0,0.0,0.0479043724078155
24,550000000,map,10.573382077346738,-0.063739536044035,0.0,0.0,0.0,-0.00922055677750091,0.9999574897627963,0.061080379704220866,-0.028965036582806174,0.0,0.0,0.0,-0.021981539744439525,-0.028965036582806174,1.1159662783313444,0.0,0.0,0.0,0.12398479616701955,0.0,0.0,1000.0,0.0,0.0,0.0,0.0,0.0,0.0,1000.0,0.0,0.0,0.0,0.0,0.0,0.0,1000.0,0.0,-0.021981539744439525,0.12398479616701955,0.0,0.0,0.0,0.048804372407815495
24,575000000,map,10.573382077346738,-0.063739536044035,0.0,0.0,0.0,-0.00922055677750091,0.9999574897627963,0.061305439212228245,-0.028961810073843155,0.0,0.0,0.0,-0.021981539744439525,-0.028961810073843155,1.116366218823337,0.0,0.0,0.0,0.12398479616701955,0.0,0.0,1000.0,0.0,0.0,0.0,0.0,0.0,0.0,1000.0,0.0,0.0,0.0,0.0,0.0,0.0,1000.0,0.0,-0.021981539744439525,0.12398479616701955,0.0,0.0,0.0,0.04970437240781549
24,600000000,map,10.573382077346738,-0.063739536044035,0.0,0.0,0.0,-0.00922055677750091,0.9999574897627963,0.061530498720235624,-0.028958583564880135,0.0,0.0,0.0,-0.021981539744439525,-0.028958583564880135,1.1167661593153295,0.0,0.0,0.0,0.12398479616701955,0.0,0.0,1000.0,0.0,0.0,0.0,0.0,0.0,0.0,1000.0,0.0,0.0,0.0,0.0,0.0,0.0,1000.0,0.0,-0.021981539744439525,0.12398479616701955,0.0,0.0,0.0,0.05060437240781549
24,625000000,map,10.573382077346738,-0.063739536044035,0.0,0.0,0.0,-0.00922055677750091,0.9999574897627963,0.061755558228243,-0.028955357055917116,0.0,0.0,0.0,-0.021981539744439525,-0.028955357055917116,1.117166099807322,0.0,0.0,0.0,0.12398479616701955,0.0,0.0,1000.0,0.0,0.0,0.0,0.0,0.0,0.0,1000.0,0.0,0.0,0.0,0.0,0.0,0.0,1000.0,0.0,-0.021981539744439525,0.12398479616701955,0.0,0.0,0.0,0.05150437240781549
24,650000000,map,10.573382077346738,-0.063739536044035,0.0,0.0,0.0,-0.00922055677750091,0.9999574897627963,0.06198061773625038,-0.028952130546954096,0.0,0.0,0.0,-0.021981539744439525,-0.028952130546954096,1.1175660402993146,0.0,0.0,0.0,0.12398479616701955,0.0,0.0,1000.0,0.0,0.0,0.0,0.0,0.0,0.0,1000.0,0.0,0.0,0.0,0.0,0.0,0.0,1000.0,0.0,-0.021981539744439525,0.12398479616701955,0.0,0.0,0.0,0.05240437240781549
24,675000000,map,10.573382077346738,-0.063739536044035,0.0,0.0,0.0,-0.00922055677750091,0.9999574897627963,0.06220567724425776,-0.028948904037991077,0.0,0.0,0.0,-0.021981539744439525,-0.028948904037991077,1.1179659807913072,0.0,0.0,0.0,0.12398479616701955,0.0,0.0,1000.0,0.0,0.0,0.0,0.0,0.0,0.0,1000.0,0.0,0.0,0.0,0.0,0.0,0.0,1000.0,0.0,-0.021981539744439525,0.12398479616701955,0.0,0.0,0.0,0.053304372407815485
24,700000000,map,10.573382077346738,-0.063739536044035,0.0,0.0,0.0,-0.00922055677750091,0.9999574897627963,0.06243073675226514,-0.028945677529028057,0.0,0.0,0.0,-0.021981539744439525,-0.028945677529028057,1.1183659212832997,0.0,0.0,0.0,0.12398479616701955,0.0,0.0,1000.0,0.0,0.0,0.0,0.0,0.0,0.0,1000.0,0.0,0.0,0.0,0.0,0.0,0.0,1000.0,0.0,-0.021981539744439525,0.12398479616701955,0.0,0.0,0.0,0.05420437240781548
24,725000000,map,10.573382077346738,-0.063739536044035,0.0,0.0,0.0,-0.00922055677750091,0.9999574897627963,0.06265579626027253,-0.028942451020065037,0.0,0.0,0.0,-0.021981539744439525,-0.028942451020065037,1.1187658617752922,0.0,0.0,0.0,0.12398479616701955,0.0,0.0,1000.0,0.0,0.0,0.0,0.0,0.0,0.0,1000.0,0.0,0.0,0.0,0.0,0.0,0.0,1000.0,0.0,-0.021981539744439525,0.12398479616701955,0.0,0.0,0.0,0.05510437240781548
24,750000000,map,10.573382077346738,-0.063739536044035,0.0,0.0,0.0,-0.00922055677750091,0.9999574897627963,0.06288085576827991,-0.028939224511102018,0.0,0.0,0.0,-0.021981539744439525,-0.028939224511102018,1.1191658022672848,0.0,0.0,0.0,0.12398479616701955,0.0,0.0,1000.0,0.0,0.0,0.0,0.0,0.0,0.0,1000.0,0.0,0.0,0.0,0.0,0.0,0.0,1000.0,0.0,-0.021981539744439525,0.12398479616701955,0.0,0.0,0.0,0.05600437240781548
24,775000000,map,10.573382077346738,-0.063739536044035,0.0,0.0,0.0,-0.00922055677750091,0.9999574897627963,0.0631059152762873,-0.028935998002139,0.0,0.0,0.0,-0.021981539744439525,-0.028935998002139,1.1195657427592773,0.0,0.0,0.0,0.12398479616701955,0.0,0.0,1000.0,0.0,0.0,0.0,0.0,0.0,0.0,1000.0,0.0,0.0,0.0,0.0,0.0,0.0,1000.0,0.0,-0.021981539744439525,0.12398479616701955,0.0,0.0,0.0,0.05690437240781548
24,800000000,map,10.573382077346738,-0.063739536044035,0.0,0.0,0.0,-0.00922055677750091,0.9999574897627963,0.06333097478429468,-0.02893277149317598,0.0,0.0,0.0,-0.021981539744439525,-0.02893277149317598,1.1199656832512699,0.0,0.0,0.0,0.12398479616701955,0.0,0.0,1000.0,0.0,0.0,0.0,0.0,0.0,0.0,1000.0,0.0,0.0,0.0,0.0,0.0,0.0,1000.0,0.0,-0.021981539744439525,0.12398479616701955,0.0,0.0,0.0,0.057804372407815476
24,825000000,map,10.573382077346738,-0.063739536044035,0.0,0.0,0.0,-0.00922055677750091,0.9999574897627963,0.06355603429230207,-0.02892954498421296,0.0,0.0,0.0,-0.021981539744439525,-0.02892954498421296,1.1203656237432624,0.0,0.0,0.0,0.12398479616701955,0.0,0.0,1000.0,0.0,0.0,0.0,0.0,0.0,0.0,1000.0,0.0,0.0,0.0,0.0,0.0,0.0,1000.0,0.0,-0.021981539744439525,0.12398479616701955,0.0,0.0,0.0,0.058704372407815474
24,850000000,map,10.573382077346738,-0.063739536044035,0.0,0.0,0.0,-0.00922055677750091,0.9999574897627963,0.06378109380030945,-0.02892631847524994,0.0,0.0,0.0,-0.021981539744439525,-0.02892631847524994,1.120765564235255,0.0,0.0,0.0,0.12398479616701955,0.0,0.0,1000.0,0.0,0.0,0.0,0.0,0.0,0.0,1000.0,0.0,0.0,0.0,0.0,0.0,0.0,1000.0,0.0,-0.021981539744439525,0.12398479616701955,0.0,0.0,0.0,0.05960437240781547
24,875000000,map,10.573382077346738,-0.063739536044035,0.0,0.0,0.0,-0.00922055677750091,0.9999574897627963,0.06400615330831684,-0.02892309196628692,0.0,0.0,0.0,-0.021981539744439525,-0.02892309196628692,1.1211655047272475,0.0,0.0,0.0,0.12398479616701955,0.0,0.0,1000.0,0.0,0.0,0.0,0.0,0.0,0.0,1000.0,0.0,0.0,0.0,0.0,0.0,0.0,1000.0,0.0,-0.021981539744439525,0.12398479616701955,0.0,0.0,0.0,0.06050437240781547
24,900000000,map,10.573382077346738,-0.063739536044035,0.0,0.0,0.0,-0.00922055677750091,0.9999574897627963,0.06423121281632423,-0.0289198654573239,0.0,0.0,0.0,-0.021981539744439525,-0.0289198654573239,1.12156544521924,0.0,0.0,0.0,0.12398479616701955,0.0,0.0,1000.0,0.0,0.0,0.0,0.0,0.0,0.0,1000.0,0.0,0.0,0.0,0.0,0.0,0.0,1000.0,0.0,-0.021981539744439525,0.12398479616701955,0.0,0.0,0.0,0.06140437240781547
24,925000000,map,10.573382077346738,-0.063739536044035,0.0,0.0,0.0,-0.00922055677750091,0.9999574897627963,0.06445627232433161,-0.02891663894836088,0.0,0.0,0.0,-0.021981539744439525,-0.02891663894836088,1.1219653857112326,0.0,0.0,0.0,0.12398479616701955,0.0,0.0,1000.0,0.0,0.0,0.0,0.0,0.0,0.0,1000.0,0.0,0.0,0.0,0.0,0.0,0.0,1000.0,0.0,-0.021981539744439525,0.12398479616701955,0.0,0.0,0.0,0.062304372407815466
24,950000000,map,10.573382077346738,-0.063739536044035,0.0,0.0,0.0,-0.00922055677750091,0.9999574897627963,0.064681331832339,-0.02891341243939786,0.0,0.0,0.0,-0.021981539744439525,-0.02891341243939786,1.1223653262032252,0.0,0.0,0.0,0.12398479616701955,0.0,0.0,1000.0,0.0,0.0,0.0,0.0,0.0,0.0,1000.0,0.0,0.0,0.0,0.0,0.0,0.0,1000.0,0.0,-0.021981539744439525,0.12398479616701955,0.0,0.0,0.0,0.06320437240781547
24,975000000,map,10.573382077346738,-0.063739536044035,0.0,0.0,0.0,-0.00922055677750091,0.9999574897627963,0.06490639134034638,-0.02891018593043484,0.0,0.0,0.0,-0.021981539744439525,-0.02891018593043484,1.1227652666952177,0.0,0.0,0.0,0.12398479616701955,0.0,0.0,1000.0,0.0,0.0,0.0,0.0,0.0,0.0,1000.0,0.0,0.0,0.0,0.0,0.0,0.0,1000.0,0.0,-0.021981539744439525,0.12398479616701955,0.0,0.0,0.0,0.06410437240781547
25,0,map,10.573382077346738,-0.063739536044035,0.0,0.0,0.0,-0.00922055677750091,0.9999574897627963,0.06513145084835377,-0.028906959421471822,0.0,0.0,0.0,-0.021981539744439525,-0.028906959421471822,1.1231652071872102,0.0,0.0,0.0,0.12398479616701955,0.0,0.0,1000.0,0.0,0.0,0.0,0.0,0.0,0.0,1000.0,0.0,0.0,0.0,0.0,0.0,0.0,1000.0,0.0,-0.021981539744439525,0.12398479616701955,0.0,0.0,0.0,0.06500437240781547
25,25000000,map,10.573382077346738,-0.063739536044035,0.0,0.0,0.0,-0.00922055677750091,0.9999574897627963,0.06535651035636116,-0.028903732912508803,0.0,0.0,0.0,-0.021981539744439525,-0.028903732912508803,1.1235651476792028,0.0,0.0,0.0,0.12398479616701955,0.0,0.0,1000.0,0.0,0.0,0.0,0.0,0.0,0.0,1000.0,0.0,0.0,0.0,0.0,0.0,0.0,1000.0,0.0,-0.021981539744439525,0.12398479616701955,0.0,0.0,0.0,0.06590437240781546
25,50000000,map,10.573382077346738,-0.063739536044035,0.0,0.0,0.0,-0.00922055677750091,0.9999574897627963,0.06558156986436854,-0.028900506403545783,0.0,0.0,0.0,-0.021981539744439525,-0.028900506403545783,1.1239650881711953,0.0,0.0,0.0,0.12398479616701955,0.0,0.0,1000.0,0.0,0.0,0.0,0.0,0.0,0.0,1000.0,0.0,0.0,0.0,0.0,0.0,0.0,1000.0,0.0,-0.021981539744439525,0.12398479616701955,0.0,0.0,0.0,0.06680437240781546
25,75000000,map,10.573382077346738,-0.063739536044035,0.0,0.0,0.0,-0.00922055677750091,0.9999574897627963,0.06580662937237593,-0.028897279894582763,0.0,0.0,0.0,-0.021981539744439525,-0.028897279894582763,1.1243650286631879,0.0,0.0,0.0,0.12398479616701955,0.0,0.0,1000.0,0.0,0.0,0.0,0.0,0.0,0.0,1000.0,0.0,0.0,0.0,0.0,0.0,0.0,1000.0,0.0,-0.021981539744439525,0.12398479616701955,0.0,0.0,0.0,0.06770437240781546
25,100000000,map,10.573382077346738,-0.063739536044035,0.0,0.0,0.0,-0.00922055677750091,0.9999574897627963,0.06603168888038331,-0.028894053385619744,0.0,0.0,0.0,-0.021981539744439525,-0.028894053385619744,1.1247649691551804,0.0,0.0,0.0,0.12398479616701955,0.0,0.0,1000.0,0.0,0.0,0.0,0.0,0.0,0.0,1000.0,0.0,0.0,0.0,0.0,0.0,0.0,1000.0,0.0,-0.021981539744439525,0.12398479616701955,0.0,0.0,0.0,0.06860437240781546
25,125000000,map,10.573382077346738,-0.063739536044035,0.0,0.0,0.0,-0.00922055677750091,0.9999574897627963,0.0662567483883907,-0.028890826876656724,0.0,0.0,0.0,-0.021981539744439525,-0.028890826876656724,1.125164909647173,0.0,0.0,0.0,0.12398479616701955,0.0,0.0,1000.0,0.0,0.0,0.0,0.0,0.0,0.0,1000.0,0.0,0.0,0.0,0.0,0.0,0.0,1000.0,0.0,-0.021981539744439525,0.12398479616701955,0.0,0.0,0.0,0.06950437240781546
25,150000000,map,10.573382077346738,-0.063739536044035,0.0,0.0,0.0,-0.00922055677750091,0.9999574897627963,0.06648180789639808,-0.028887600367693705,0.0,0.0,0.0,-0.021981539744439525,-0.028887600367693705,1.1255648501391655,0.0,0.0,0.0,0.12398479616701955,0.0,0.0,1000.0,0.0,0.0,0.0,0.0,0.0,0.0,1000.0,0.0,0.0,0.0,0.0,0.0,0.0,1000.0,0.0,-0.021981539744439525,0.12398479616701955,0.0,0.0,0.0,0.07040437240781545
25,175000000,map,10.573382077346738,-0.063739536044035,0.0,0.0,0.0,-0.00922055677750091,0.9999574897627963,0.06670686740440547,-0.028884373858730685,0.0,0.0,0.0,-0.021981539744439525,-0.028884373858730685,1.125964790631158,0.0,0.0,0.0,0.12398479616701955,0.0,0.0,1000.0,0.0,0.0,0.0,0.0,0.0,0.0,1000.0,0.0,0.0,0.0,0.0,0.0,0.0,1000.0,0.0,-0.021981539744439525,0.12398479616701955,0.0,0.0,0.0,0.07130437240781545
25,200000000,map,10.573382077346738,-0.063739536044035,0.0,0.0,0.0,-0.00922055677750091,0.9999574897627963,0.06693192691241286,-0.028881147349767666,0.0,0.0,0.0,-0.021981539744439525,-0.028881147349767666,1.1263647311231506,0.0,0.0,0.0,0.12398479616701955,0.0,0.0,1000.0,0.0,0.0,0.0,0.0,0.0,0.0,1000.0,0.0,0.0,0.0,0.0,0.0,0.0,1000.0,0.0,-0.021981539744439525,0.12398479616701955,0.0,0.0,0.0,0.07220437240781545
25,225000000,map,10.573382077346738,-0.063739536044035,0.0,0.0,0.0,-0.00922055677750091,0.9999574897627963,0.06715698642042024,-0.028877920840804646,0.0,0.0,0.0,-0.021981539744439525,-0.028877920840804646,1.1267646716151432,0.0,0.0,0.0,0.12398479616701955,0.0,0.0,1000.0,0.0,0.0,0.0,0.0,0.0,0.0,1000.0,0.0,0.0,0.0,0.0,0.0,0.0,1000.0,0.0,-0.021981539744439525,0.12398479616701955,0.0,0.0,0.0,0.07310437240781545
25,250000000,map,10.573382077346738,-0.063739536044035,0.0,0.0,0.0,-0.00922055677750091,0.9999574897627963,0.06738204592842763,-0.028874694331841626,0.0,0.0,0.0,-0.021981539744439525,-0.028874694331841626,1.1271646121071357,0.0,0.0,0.0,0.12398479616701955,0.0,0.0,1000.0,0.0,0.0,0.0,0.0,0.0,0.0,1000.0,0.0,0.0,0.0,0.0,0.0,0.0,1000.0,0.0,-0.021981539744439525,0.12398479616701955,0.0,0.0,0.0,0.07400437240781545
25,275000000,map,10.573382077346738,-0.063739536044035,0.0,0.0,0.0,-0.00922055677750091,0.9999574897627963,0.06760710543643501,-0.028871467822878607,0.0,0.0,0.0,-0.021981539744439525,-0.028871467822878607,1.1275645525991282,0.0,0.0,0.0,0.12398479616701955,0.0,0.0,1000.0,0.0,0.0,0.0,0.0,0.0,0.0,1000.0,0.0,0.0,0.0,0.0,0.0,0.0,1000.0,0.0,-0.021981539744439525,0.12398479616701955,0.0,0.0,0.0,0.07490437240781544
25,300000000,map,10.573382077346738,-0.063739536044035,0.0,0.0,0.0,-0.00922055677750091,0.9999574897627963,0.0678321649444424,-0.028868241313915587,0.0,0.0,0.0,-0.021981539744439525,-0.028868241313915587,1.1279644930911208,0.0,0.0,0.0,0.12398479616701955,0.0,0.0,1000.0,0.0,0.0,0.0,0.0,0.0,0.0,1000.0,0.0,0.0,0.0,0.0,0.0,0.0,1000.0,0.0,-0.021981539744439525,0.12398479616701955,0.0,0.0,0.0,0.07580437240781544
25,325000000,map,10.573382077346738,-0.063739536044035,0.0,0.0,0.0,-0.00922055677750091,0.9999574897627963,0.06805722445244979,-0.028865014804952568,0.0,0.0,0.0,-0.021981539744439525,-0.028865014804952568,1.1283644335831133,0.0,0.0,0.0,0.12398479616701955,0.0,0.0,1000.0,0.0,0.0,0.0,0.0,0.0,0.0,1000.0,0.0,0.0,0.0,0.0,0.0,0.0,1000.0,0.0,-0.021981539744439525,0.12398479616701955,0.0,0.0,0.0,0.07670437240781544
25,350000000,map,10.573382077346738,-0.063739536044035,0.0,0.0,0.0,-0.00922055677750091,0.9999574897627963,0.06828228396045717,-0.028861788295989548,0.0,0.0,0.0,-0.021981539744439525,-0.028861788295989548,1.1287643740751059,0.0,0.0,0.0,0.12398479616701955,0.0,0.0,1000.0,0.0,0.0,0.0,0.0,0.0,0.0,1000.0,0.0,0.0,0.0,0.0,0.0,0.0,1000.0,0.0,-0.021981539744439525,0.12398479616701955,0.0,0.0,0.0,0.07760437240781544
25,375000000,map,10.573382077346738,-0.063739536044035,0.0,0.0,0.0,-0.00922055677750091,0.9999574897627963,0.06850734346846456,-0.02885856178702653,0.0,0.0,0.0,-0.021981539744439525,-0.02885856178702653,1.1291643145670984,0.0,0.0,0.0,0.12398479616701955,0.0,0.0,1000.0,0.0,0.0,0.0,0.0,0.0,0.0,1000.0,0.0,0.0,0.0,0.0,0.0,0.0,1000.0,0.0,-0.021981539744439525,0.12398479616701955,0.0,0.0,0.0,0.07850437240781544
25,400000000,map,10.573382077346738,-0.063739536044035,0.0,0.0,0.0,-0.00922055677750091,0.9999574897627963,0.06873240297647194,-0.02885533527806351,0.0,0.0,0.0,-0.021981539744439525,-0.02885533527806351,1.129564255059091,0.0,0.0,0.0,0.12398479616701955,0.0,0.0,1000.0,0.0,0.0,0.0,0.0,0.0,0.0,1000.0,0.0,0.0,0.0,0.0,0.0,0.0,1000.0,0.0,-0.021981539744439525,0.12398479616701955,0.0,0.0,0.0,0.07940437240781544
25,425000000,map,10.573382077346738,-0.063739536044035,0.0,0.0,0.0,-0.00922055677750091,0.9999574897627963,0.06895746248447933,-0.02885210876910049,0.0,0.0,0.0,-0.021981539744439525,-0.02885210876910049,1.1299641955510835,0.0,0.0,0.0,0.12398479616701955,0.0,0.0,1000.0,0.0,0.0,0.0,0.0,0.0,0.0,1000.0,0.0,0.0,0.0,0.0,0.0,0.0,1000.0,0.0,-0.021981539744439525,0.12398479616701955,0.0,0.0,0.0,0.08030437240781543
25,450000000,map,10.573382077346738,-0.063739536044035,0.0,0.0,0.0,-0.00922055677750091,0.9999574897627963,0.06918252199248671,-0.02884888226013747,0.0,0.0,0.0,-0.021981539744439525,-0.02884888226013747,1.130364136043076,0.0,0.0,0.0,0.12398479616701955,0.0,0.0,1000.0,0.0,0.0,0.0,0.0,0.0,0.0,1000.0,0.0,0.0,0.0,0.0,0.0,0.0,1000.0,0.0,-0.021981539744439525,0.12398479616701955,0.0,0.0,0.0,0.08120437240781543
25,475000000,map,10.573382077346738,-0.063739536044035,0.0,0.0,0.0,-0.00922055677750091,0.9999574897627963,0.0694075815004941,-0.02884565575117445,0.0,0.0,0.0,-0.021981539744439525,-0.02884565575117445,1.1307640765350686,0.0,0.0,0.0,0.12398479616701955,0.0,0.0,1000.0,0.0,0.0,0.0,0.0,0.0,0.0,1000.0,0.0,0.0,0.0,0.0,0.0,0.0,1000.0,0.0,-0.021981539744439525,0.12398479616701955,0.0,0.0,0.0,0.08210437240781543
25,500000000,map,10.573382077346738,-0.063739536044035,0.0,0.0,0.0,-0.00922055677750091,0.9999574897627963,0.06963264100850149,-0.02884242924221143,0.0,0.0,0.0,-0.021981539744439525,-0.02884242924221143,1.1311640170270612,0.0,0.0,0.0,0.12398479616701955,0.0,0.0,1000.0,0.0,0.0,0.0,0.0,0.0,0.0,1000.0,0.0,0.0,0.0,0.0,0.0,0.0,1000.0,0.0,-0.021981539744439525,0.12398479616701955,0.0,0.0,0.0,0.08300437240781543
25,525000000,map,10.573382077346738,-0.063739536044035,0.0,0.0,0.0,-0.00922055677750091,0.9999574897627963,0.06985770051650887,-0.02883920273324841,0.0,0.0,0.0,-0.021981539744439525,-0.02883920273324841,1.1315639575190537,0.0,0.0,0.0,0.12398479616701955,0.0,0.0,1000.0,0.0,0.0,0.0,0.0,0.0,0.0,1000.0,0.0,0.0,0.0,0.0,0.0,0.0,1000.0,0.0,-0.021981539744439525,0.12398479616701955,0.0,0.0,0.0,0.08390437240781543
25,550000000,map,10.573382077346738,-0.063739536044035,0.0,0.0,0.0,-0.00922055677750091,0.9999574897627963,0.07008276002451626,-0.02883597622428539,0.0,0.0,0.0,-0.021981539744439525,-0.02883597622428539,1.1319638980110462,0.0,0.0,0.0,0.12398479616701955,0.0,0.0,1000.0,0.0,0.0,0.0,0.0,0.0,0.0,1000.0,0.0,0.0,0.0,0.0,0.0,0.0,1000.0,0.0,-0.021981539744439525,0.12398479616701955,0.0,0.0,0.0,0.08480437240781542
25,575000000,map,10.573382077346738,-0.063739536044035,0.0,0.0,0.0,-0.00922055677750091,0.9999574897627963,0.07030781953252364,-0.028832749715322372,0.0,0.0,0.0,-0.021981539744439525,-0.028832749715322372,1.1323638385030388,0.0,0.0,0.0,0.12398479616701955,0.0,0.0,1000.0,0.0,0.0,0.0,0.0,0.0,0.0,1000.0,0.0,0.0,0.0,0.0,0.0,0.0,1000.0,0.0,-0.021981539744439525,0.12398479616701955,0.0,0.0,0.0,0.08570437240781542
25,600000000,map,10.573382077346738,-0.063739536044035,0.0,0.0,0.0,-0.00922055677750091,0.9999574897627963,0.07053287904053103,-0.028829523206359352,0.0,0.0,0.0,-0.021981539744439525,-0.028829523206359352,1.1327637789950313,0.0,0.0,0.0,0.12398479616701955,0.0,0.0,1000.0,0.0,0.0,0.0,0.0,0.0,0.0,1000.0,0.0,0.0,0.0,0.0,0.0,0.0,1000.0,0.0,-0.021981539744439525,0.12398479616701955,0.0,0.0,0.0,0.08660437240781542
25,625000000,map,10.573382077346738,-0.063739536044035,0.0,0.0,0.0,-0.00922055677750091,0.9999574897627963,0.07075793854853842,-0.028826296697396333,0.0,0.0,0.0,-0.021981539744439525,-0.028826296697396333,1.1331637194870239,0.0,0.0,0.0,0.12398479616701955,0.0,0.0,1000.0,0.0,0.0,0.0,0.0,0.0,0.0,1000.0,0.0,0.0,0.0,0.0,0.0,0.0,1000.0,0.0,-0.021981539744439525,0.12398479616701955,0.0,0.0,0.0,0.08750437240781542
25,650000000,map,10.573382077346738,-0.063739536044035,0.0,0.0,0.0,-0.00922055677750091,0.9999574897627963,0.0709829980565458,-0.028823070188433313,0.0,0.0,0.0,-0.021981539744439525,-0.028823070188433313,1.1335636599790164,0.0,0.0,0.0,0.12398479616701955,0.0,0.0,1000.0,0.0,0.0,0.0,0.0,0.0,0.0,1000.0,0.0,0.0,0.0,0.0,0.0,0.0,1000.0,0.0,-0.021981539744439525,0.12398479616701955,0.0,0.0,0.0,0.08840437240781542
25,675000000,map,10.573382077346738,-0.063739536044035,0.0,0.0,0.0,-0.00922055677750091,0.9999574897627963,0.07120805756455319,-0.028819843679470294,0.0,0.0,0.0,-0.021981539744439525,-0.028819843679470294,1.133963600471009,0.0,0.0,0.0,0.12398479616701955,0.0,0.0,1000.0,0.0,0.0,0.0,0.0,0.0,0.0,1000.0,0.0,0.0,0.0,0.0,0.0,0.0,1000.0,0.0,-0.021981539744439525,0.12398479616701955,0.0,0.0,0.0,0.08930437240781541
25,700000000,map,10.573382077346738,-0.063739536044035,0.0,0.0,0.0,-0.00922055677750091,0.9999574897627963,0.07143311707256057,-0.028816617170507274,0.0,0.0,0.0,-0.021981539744439525,-0.028816617170507274,1.1343635409630015,0.0,0.0,0.0,0.12398479616701955,0.0,0.0,1000.0,0.0,0.0,0.0,0.0,0.0,0.0,1000.0,0.0,0.0,0.0,0.0,0.0,0.0,1000.0,0.0,-0.021981539744439525,0.12398479616701955,0.0,0.0,0.0,0.09020437240781541
25,725000000,map,10.573382077346738,-0.063739536044035,0.0,0.0,0.0,-0.00922055677750091,0.9999574897627963,0.07165817658056796,-0.028813390661544255,0.0,0.0,0.0,-0.021981539744439525,-0.028813390661544255,1.134763481454994,0.0,0.0,0.0,0.12398479616701955,0.0,0.0,1000.0,0.0,0.0,0.0,0.0,0.0,0.0,1000.0,0.0,0.0,0.0,0.0,0.0,0.0,1000.0,0.0,-0.021981539744439525,0.12398479616701955,0.0,0.0,0.0,0.09110437240781541
25,750000000,map,10.573382077346738,-0.063739536044035,0.0,0.0,0.0,-0.00922055677750091,0.9999574897627963,0.07188323608857534,-0.028810164152581235,0.0,0.0,0.0,-0.021981539744439525,-0.028810164152581235,1.1351634219469866,0.0,0.0,0.0,0.12398479616701955,0.0,0.0,1000.0,0.0,0.0,0.0,0.0,0.0,0.0,1000.0,0.0,0.0,0.0,0.0,0.0,0.0,1000.0,0.0,-0.021981539744439525,0.12398479616701955,0.0,0.0,0.0,0.09200437240781541
25,775000000,map,10.573382077346738,-0.063739536044035,0.0,0.0,0.0,-0.00922055677750091,0.9999574897627963,0.07210829559658273,-0.028806937643618215,0.0,0.0,0.0,-0.021981539744439525,-0.028806937643618215,1.1355633624389792,0.0,0.0,0.0,0.12398479616701955,0.0,0.0,1000.0,0.0,0.0,0.0,0.0,0.0,0.0,1000.0,0.0,0.0,0.0,0.0,0.0,0.0,1000.0,0.0,-0.021981539744439525,0.12398479616701955,0.0,0.0,0.0,0.0929043724078154
25,800000000,map,10.573382077346738,-0.063739536044035,0.0,0.0,0.0,-0.00922055677750091,0.9999574897627963,0.07233335510459012,-0.028803711134655196,0.0,0.0,0.0,-0.021981539744439525,-0.028803711134655196,1.1359633029309717,0.0,0.0,0.0,0.12398479616701955,0.0,0.0,1000.0,0.0,0.0,0.0,0.0,0.0,0.0,1000.0,0.0,0.0,0.0,0.0,0.0,0.0,1000.0,0.0,-0.021981539744439525,0.12398479616701955,0.0,0.0,0.0,0.0938043724078154
25,825000000,map,10.573382077346738,-0.063739536044035,0.0,0.0,0.0,-0.00922055677750091,0.9999574897627963,0.0725584146125975,-0.028800484625692176,0.0,0.0,0.0,-0.021981539744439525,-0.028800484625692176,1.1363632434229642,0.0,0.0,0.0,0.12398479616701955,0.0,0.0,1000.0,0.0,0.0,0.0,0.0,0.0,0.0,1000.0,0.0,0.0,0.0,0.0,0.0,0.0,1000.0,0.0,-0.021981539744439525,0.12398479616701955,0.0,0.0,0.0,0.0947043724078154
25,850000000,map,10.573382077346738,-0.063739536044035,0.0,0.0,0.0,-0.00922055677750091,0.9999574897627963,0.07278347412060489,-0.028797258116729157,0.0,0.0,0.0,-0.021981539744439525,-0.028797258116729157,1.1367631839149568,0.0,0.0,0.0,0.12398479616701955,0.0,0.0,1000.0,0.0,0.0,0.0,0.0,0.0,0.0,1000.0,0.0,0.0,0.0,0.0,0.0,0.0,1000.0,0.0,-0.021981539744439525,0.12398479616701955,0.0,0.0,0.0,0.0956043724078154
25,875000000,map,10.573382077346738,-0.063739536044035,0.0,0.0,0.0,-0.00922055677750091,0.9999574897627963,0.07300853362861227,-0.028794031607766137,0.0,0.0,0.0,-0.021981539744439525,-0.028794031607766137,1.1371631244069493,0.0,0.0,0.0,0.12398479616701955,0.0,0.0,1000.0,0.0,0.0,0.0,0.0,0.0,0.0,1000.0,0.0,0.0,0.0,0.0,0.0,0.0,1000.0,0.0,-0.021981539744439525,0.12398479616701955,0.0,0.0,0.0,0.0965043724078154
25,900000000,map,10.573382077346738,-0.063739536044035,0.0,0.0,0.0,-0.00922055677750091,0.9999574897627963,0.07323359313661966,-0.028790805098803118,0.0,0.0,0.0,-0.021981539744439525,-0.028790805098803118,1.1375630648989419,0.0,0.0,0.0,0.12398479616701955,0.0,0.0,1000.0,0.0,0.0,0.0,0.0,0.0,0.0,1000.0,0.0,0.0,0.0,0.0,0.0,0.0,1000.0,0.0,-0.021981539744439525,0.12398479616701955,0.0,0.0,0.0,0.0974043724078154
25,925000000,map,10.573382077346738,-0.063739536044035,0.0,0.0,0.0,-0.00922055677750091,0.9999574897627963,0.07345865264462705,-0.028787578589840098,0.0,0.0,0.0,-0.021981539744439525,-0.028787578589840098,1.1379630053909344,0.0,0.0,0.0,0.12398479616701955,0.0,0.0,1000.0,0.0,0.0,0.0,0.0,0.0,0.0,1000.0,0.0,0.0,0.0,0.0,0.0,0.0,1000.0,0.0,-0.021981539744439525,0.12398479616701955,0.0,0.0,0.0,0.0983043724078154
25,950000000,map,10.573382077346738,-0.063739536044035,0.0,0.0,0.0,-0.00922055677750091,0.9999574897627963,0.07368371215263443,-0.02878435208087708,0.0,0.0,0.0,-0.021981539744439525,-0.02878435208087708,1.138362945882927,0.0,0.0,0.0,0.12398479616701955,0.0,0.0,1000.0,0.0,0.0,0.0,0.0,0.0,0.0,1000.0,0.0,0.0,0.0,0.0,0.0,0.0,1000.0,0.0,-0.021981539744439525,0.12398479616701955,0.0,0.0,0.0,0.09920437240781539
25,975000000,map,10.573382077346738,-0.063739536044035,0.0,0.0,0.0,-0.00922055677750091,0.9999574897627963,0.07390877166064182,-0.02878112557191406,0.0,0.0,0.0,-0.021981539744439525,-0.02878112557191406,1.1387628863749195,0.0,0.0,0.0,0.12398479616701955,0.0,0.0,1000.0,0.0,0.0,0.0,0.0,0.0,0.0,1000.0,0.0,0.0,0.0,0.0,0.0,0.0,1000.0,0.0,-0.021981539744439525,0.12398479616701955,0.0,0.0,0.0,0.10010437240781539
26,0,map,10.573382077346738,-0.063739536044035,0.0,0.0,0.0,-0.00922055677750091,0.9999574897627963,0.0741338311686492,-0.02877789906295104,0.0,0.0,0.0,-0.021981539744439525,-0.02877789906295104,1.139162826866912,0.0,0.0,0.0,0.12398479616701955,0.0,0.0,1000.0,0.0,0.0,0.0,0.0,0.0,0.0,1000.0,0.0,0.0,0.0,0.0,0.0,0.0,1000.0,0.0,-0.021981539744439525,0.12398479616701955,0.0,0.0,0.0,0.10100437240781539
26,25000000,map,10.573382077346738,-0.063739536044035,0.0,0.0,0.0,-0.00922055677750091,0.9999574897627963,0.07435889067665659,-0.02877467255398802,0.0,0.0,0.0,-0.021981539744439525,-0.02877467255398802,1.1395627673589046,0.0,0.0,0.0,0.12398479616701955,0.0,0.0,1000.0,0.0,0.0,0.0,0.0,0.0,0.0,1000.0,0.0,0.0,0.0,0.0,0.0,0.0,1000.0,0.0,-0.021981539744439525,0.12398479616701955,0.0,0.0,0.0,0.10190437240781539
26,50000000,map,10.573382077346738,-0.063739536044035,0.0,0.0,0.0,-0.00922055677750091,0.9999574897627963,0.07458395018466397,-0.028771446045025,0.0,0.0,0.0,-0.021981539744439525,-0.028771446045025,1.1399627078508972,0.0,0.0,0.0,0.12398479616701955,0.0,0.0,1000.0,0.0,0.0,0.0,0.0,0.0,0.0,1000.0,0.0,0.0,0.0,0.0,0.0,0.0,1000.0,0.0,-0.021981539744439525,0.12398479616701955,0.0,0.0,0.0,0.10280437240781538
26,75000000,map,10.573382077346738,-0.063739536044035,0.0,0.0,0.0,-0.00922055677750091,0.9999574897627963,0.07480900969267136,-0.02876821953606198,0.0,0.0,0.0,-0.021981539744439525,-0.02876821953606198,1.1403626483428897,0.0,0.0,0.0,0.12398479616701955,0.0,0.0,1000.0,0.0,0.0,0.0,0.0,0.0,0.0,1000.0,0.0,0.0,0.0,0.0,0.0,0.0,1000.0,0.0,-0.021981539744439525,0.12398479616701955,0.0,0.0,0.0,0.10370437240781538
26,100000000,map,10.573382077346738,-0.063739536044035,0.0,0.0,0.0,-0.00922055677750091,0.9999574897627963,0.07503406920067875,-0.02876499302709896,0.0,0.0,0.0,-0.021981539744439525,-0.02876499302709896,1.1407625888348822,0.0,0.0,0.0,0.12398479616701955,0.0,0.0,1000.0,0.0,0.0,0.0,0.0,0.0,0.0,1000.0,0.0,0.0,0.0,0.0,0.0,0.0,1000.0,0.0,-0.021981539744439525,0.12398479616701955,0.0,0.0,0.0,0.10460437240781538
26,125000000,map,10.573382077346738,-0.063739536044035,0.0,0.0,0.0,-0.00922055677750091,0.9999574897627963,0.07525912870868613,-0.02876176651813594,0.0,0.0,0.0,-0.021981539744439525,-0.02876176651813594,1.1411625293268748,0.0,0.0,0.0,0.12398479616701955,0.0,0.0,1000.0,0.0,0.0,0.0,0.0,0.0,0.0,1000.0,0.0,0.0,0.0,0.0,0.0,0.0,1000.0,0.0,-0.021981539744439525,0.12398479616701955,0.0,0.0,0.0,0.10550437240781538
26,150000000,map,10.573382077346738,-0.063739536044035,0.0,0.0,0.0,-0.00922055677750091,0.9999574897627963,0.07548418821669352,-0.028758540009172922,0.0,0.0,0.0,-0.021981539744439525,-0.028758540009172922,1.1415624698188673,0.0,0.0,0.0,0.12398479616701955,0.0,0.0,1000.0,0.0,0.0,0.0,0.0,0.0,0.0,1000.0,0.0,0.0,0.0,0.0,0.0,0.0,1000.0,0.0,-0.021981539744439525,0.12398479616701955,0.0,0.0,0.0,0.10640437240781538
26,175000000,map,10.573382077346738,-0.063739536044035,0.0,0.0,0.0,-0.00922055677750091,0.9999574897627963,0.0757092477247009,-0.028755313500209902,0.0,0.0,0.0,-0.021981539744439525,-0.028755313500209902,1.1419624103108599,0.0,0.0,0.0,0.12398479616701955,0.0,0.0,1000.0,0.0,0.0,0.0,0.0,0.0,0.0,1000.0,0.0,0.0,0.0,0.0,0.0,0.0,1000.0,0.0,-0.021981539744439525,0.12398479616701955,0.0,0.0,0.0,0.10730437240781537
26,200000000,map,10.573382077346738,-0.063739536044035,0.0,0.0,0.0,-0.00922055677750091,0.9999574897627963,0.07593430723270829,-0.028752086991246883,0.0,0.0,0.0,-0.021981539744439525,-0.028752086991246883,1.1423623508028524,0.0,0.0,0.0,0.12398479616701955,0.0,0.0,1000.0,0.0,0.0,0.0,0.0,0.0,0.0,1000.0,0.0,0.0,0.0,0.0,0.0,0.0,1000.0,0.0,-0.021981539744439525,0.12398479616701955,0.0,0.0,0.0,0.10820437240781537
26,225000000,map,10.573382077346738,-0.063739536044035,0.0,0.0,0.0,-0.00922055677750091,0.9999574897627963,0.07615936674071568,-0.028748860482283863,0.0,0.0,0.0,-0.021981539744439525,-0.028748860482283863,1.142762291294845,0.0,0.0,0.0,0.12398479616701955,0.0,0.0,1000.0,0.0,0.0,0.0,0.0,0.0,0.0,1000.0,0.0,0.0,0.0,0.0,0.0,0.0,1000.0,0.0,-0.021981539744439525,0.12398479616701955,0.0,0.0,0.0,0.10910437240781537
26,250000000,map,10.573382077346738,-0.063739536044035,0.0,0.0,0.0,-0.00922055677750091,0.9999574897627963,0.07638442624872306,-0.028745633973320844,0.0,0.0,0.0,-0.021981539744439525,-0.028745633973320844,1.1431622317868375,0.0,0.0,0.0,0.12398479616701955,0.0,0.0,1000.0,0.0,0.0,0.0,0.0,0.0,0.0,1000.0,0.0,0.0,0.0,0.0,0.0,0.0,1000.0,0.0,-0.021981539744439525,0.12398479616701955,0.0,0.0,0.0,0.11000437240781537
26,275000000,map,10.573382077346738,-0.063739536044035,0.0,0.0,0.0,-0.00922055677750091,0.9999574897627963,0.07660948575673045,-0.028742407464357824,0.0,0.0,0.0,-0.021981539744439525,-0.028742407464357824,1.14356217227883,0.0,0.0,0.0,0.12398479616701955,0.0,0.0,1000.0,0.0,0.0,0.0,0.0,0.0,0.0,1000.0,0.0,0.0,0.0,0.0,0.0,0.0,1000.0,0.0,-0.021981539744439525,0.12398479616701955,0.0,0.0,0.0,0.11090437240781537
26,300000000,map,10.573382077346738,-0.063739536044035,0.0,0.0,0.0,-0.00922055677750091,0.9999574897627963,0.07683454526473783,-0.028739180955394805,0.0,0.0,0.0,-0.021981539744439525,-0.028739180955394805,1.1439621127708226,0.0,0.0,0.0,0.12398479616701955,0.0,0.0,1000.0,0.0,0.0,0.0,0.0,0.0,0.0,1000.0,0.0,0.0,0.0,0.0,0.0,0.0,1000.0,0.0,-0.021981539744439525,0.12398479616701955,0.0,0.0,0.0,0.11180437240781536
26,325000000,map,10.573382077346738,-0.063739536044035,0.0,0.0,0.0,-0.00922055677750091,0.9999574897627963,0.07705960477274522,-0.028735954446431785,0.0,0.0,0.0,-0.021981539744439525,-0.028735954446431785,1.1443620532628151,0.0,0.0,0.0,0.12398479616701955,0.0,0.0,1000.0,0.0,0.0,0.0,0.0,0.0,0.0,1000.0,0.0,0.0,0.0,0.0,0.0,0.0,1000.0,0.0,-0.021981539744439525,0.12398479616701955,0.0,0.0,0.0,0.11270437240781536
26,350000000,map,10.573382077346738,-0.063739536044035,0.0,0.0,0.0,-0.00922055677750091,0.9999574897627963,0.0772846642807526,-0.028732727937468765,0.0,0.0,0.0,-0.021981539744439525,-0.028732727937468765,1.1447619937548077,0.0,0.0,0.0,0.12398479616701955,0.0,0.0,1000.0,0.0,0.0,0.0,0.0,0.0,0.0,1000.0,0.0,0.0,0.0,0.0,0.0,0.0,1000.0,0.0,-0.021981539744439525,0.12398479616701955,0.0,0.0,0.0,0.11360437240781536
26,375000000,map,10.573382077346738,-0.063739536044035,0.0,0.0,0.0,-0.00922055677750091,0.9999574897627963,0.07750972378875999,-0.028729501428505746,0.0,0.0,0.0,-0.021981539744439525,-0.028729501428505746,1.1451619342468002,0.0,0.0,0.0,0.12398479616701955,0.0,0.0,1000.0,0.0,0.0,0.0,0.0,0.0,0.0,1000.0,0.0,0.0,0.0,0.0,0.0,0.0,1000.0,0.0,-0.021981539744439525,0.12398479616701955,0.0,0.0,0.0,0.11450437240781536
26,400000000,map,10.573382077346738,-0.063739536044035,0.0,0.0,0.0,-0.00922055677750091,0.9999574897627963,0.07773478329676738,-0.028726274919542726,0.0,0.0,0.0,-0.021981539744439525,-0.028726274919542726,1.1455618747387928,0.0,0.0,0.0,0.12398479616701955,0.0,0.0,1000.0,0.0,0.0,0.0,0.0,0.0,0.0,1000.0,0.0,0.0,0.0,0.0,0.0,0.0,1000.0,0.0,-0.021981539744439525,0.12398479616701955,0.0,0.0,0.0,0.11540437240781536
26,425000000,map,10.573382077346738,-0.063739536044035,0.0,0.0,0.0,-0.00922055677750091,0.9999574897627963,0.07795984280477476,-0.028723048410579707,0.0,0.0,0.0,-0.021981539744439525,-0.028723048410579707,1.1459618152307853,0.0,0.0,0.0,0.12398479616701955,0.0,0.0,1000.0,0.0,0.0,0.0,0.0,0.0,0.0,1000.0,0.0,0.0,0.0,0.0,0.0,0.0,1000.0,0.0,-0.021981539744439525,0.12398479616701955,0.0,0.0,0.0,0.11630437240781535
26,450000000,map,10.573382077346738,-0.063739536044035,0.0,0.0,0.0,-0.00922055677750091,0.9999574897627963,0.07818490231278215,-0.028719821901616687,0.0,0.0,0.0,-0.021981539744439525,-0.028719821901616687,1.1463617557227779,0.0,0.0,0.0,0.12398479616701955,0.0,0.0,1000.0,0.0,0.0,0.0,0.0,0.0,0.0,1000.0,0.0,0.0,0.0,0.0,0.0,0.0,1000.0,0.0,-0.021981539744439525,0.12398479616701955,0.0,0.0,0.0,0.11720437240781535
26,475000000,map,10.573382077346738,-0.063739536044035,0.0,0.0,0.0,-0.00922055677750091,0.9999574897627963,0.07840996182078953,-0.028716595392653668,0.0,0.0,0.0,-0.021981539744439525,-0.028716595392653668,1.1467616962147704,0.0,0.0,0.0,0.12398479616701955,0.0,0.0,1000.0,0.0,0.0,0.0,0.0,0.0,0.0,1000.0,0.0,0.0,0.0,0.0,0.0,0.0,1000.0,0.0,-0.021981539744439525,0.12398479616701955,0.0,0.0,0.0,0.11810437240781535
26,500000000,map,10.573382077346738,-0.063739536044035,0.0,0.0,0.0,-0.00922055677750091,0.9999574897627963,0.07863502132879692,-0.028713368883690648,0.0,0.0,0.0,-0.021981539744439525,-0.028713368883690648,1.147161636706763,0.0,0.0,0.0,0.12398479616701955,0.0,0.0,1000.0,0.0,0.0,0.0,0.0,0.0,0.0,1000.0,0.0,0.0,0.0,0.0,0.0,0.0,1000.0,0.0,-0.021981539744439525,0.12398479616701955,0.0,0.0,0.0,0.11900437240781535
26,525000000,map,10.573382077346738,-0.063739536044035,0.0,0.0,0.0,-0.00922055677750091,0.9999574897627963,0.0788600808368043,-0.02871014237472763,0.0,0.0,0.0,-0.021981539744439525,-0.02871014237472763,1.1475615771987555,0.0,0.0,0.0,0.12398479616701955,0.0,0.0,1000.0,0.0,0.0,0.0,0.0,0.0,0.0,1000.0,0.0,0.0,0.0,0.0,0.0,0.0,1000.0,0.0,-0.021981539744439525,0.12398479616701955,0.0,0.0,0.0,0.11990437240781535
26,550000000,map,10.573382077346738,-0.063739536044035,0.0,0.0,0.0,-0.00922055677750091,0.9999574897627963,0.07908514034481169,-0.02870691586576461,0.0,0.0,0.0,-0.021981539744439525,-0.02870691586576461,1.147961517690748,0.0,0.0,0.0,0.12398479616701955,0.0,0.0,1000.0,0.0,0.0,0.0,0.0,0.0,0.0,1000.0,0.0,0.0,0.0,0.0,0.0,0.0,1000.0,0.0,-0.021981539744439525,0.12398479616701955,0.0,0.0,0.0,0.12080437240781534
26,575000000,map,10.573382077346738,-0.063739536044035,0.0,0.0,0.0,-0.00922055677750091,0.9999574897627963,0.07931019985281908,-0.02870368935680159,0.0,0.0,0.0,-0.021981539744439525,-0.02870368935680159,1.1483614581827406,0.0,0.0,0.0,0.12398479616701955,0.0,0.0,1000.0,0.0,0.0,0.0,0.0,0.0,0.0,1000.0,0.0,0.0,0.0,0.0,0.0,0.0,1000.0,0.0,-0.021981539744439525,0.12398479616701955,0.0,0.0,0.0,0.12170437240781534
26,600000000,map,10.573382077346738,-0.063739536044035,0.0,0.0,0.0,-0.00922055677750091,0.9999574897627963,0.07953525936082646,-0.02870046284783857,0.0,0.0,0.0,-0.021981539744439525,-0.02870046284783857,1.1487613986747331,0.0,0.0,0.0,0.12398479616701955,0.0,0.0,1000.0,0.0,0.0,0.0,0.0,0.0,0.0,1000.0,0.0,0.0,0.0,0.0,0.0,0.0,1000.0,0.0,-0.021981539744439525,0.12398479616701955,0.0,0.0,0.0,0.12260437240781534
26,625000000,map,10.573382077346738,-0.063739536044035,0.0,0.0,0.0,-0.00922055677750091,0.9999574897627963,0.07976031886883385,-0.02869723633887555,0.0,0.0,0.0,-0.021981539744439525,-0.02869723633887555,1.1491613391667257,0.0,0.0,0.0,0.12398479616701955,0.0,0.0,1000.0,0.0,0.0,0.0,0.0,0.0,0.0,1000.0,0.0,0.0,0.0,0.0,0.0,0.0,1000.0,0.0,-0.021981539744439525,0.12398479616701955,0.0,0.0,0.0,0.12350437240781534
26,650000000,map,10.573382077346738,-0.063739536044035,0.0,0.0,0.0,-0.00922055677750091,0.9999574897627963,0.07998537837684123,-0.02869400982991253,0.0,0.0,0.0,-0.021981539744439525,-0.02869400982991253,1.1495612796587182,0.0,0.0,0.0,0.12398479616701955,0.0,0.0,1000.0,0.0,0.0,0.0,0.0,0.0,0.0,1000.0,0.0,0.0,0.0,0.0,0.0,0.0,1000.0,0.0,-0.021981539744439525,0.12398479616701955,0.0,0.0,0.0,0.12440437240781534
26,675000000,map,10.573382077346738,-0.063739536044035,0.0,0.0,0.0,-0.00922055677750091,0.9999574897627963,0.08021043788484862,-0.02869078332094951,0.0,0.0,0.0,-0.021981539744439525,-0.02869078332094951,1.1499612201507108,0.0,0.0,0.0,0.12398479616701955,0.0,0.0,1000.0,0.0,0.0,0.0,0.0,0.0,0.0,1000.0,0.0,0.0,0.0,0.0,0.0,0.0,1000.0,0.0,-0.021981539744439525,0.12398479616701955,0.0,0.0,0.0,0.12530437240781533
26,700000000,map,10.573382077346738,-0.063739536044035,0.0,0.0,0.0,-0.00922055677750091,0.9999574897627963,0.080435497392856,-0.02868755681198649,0.0,0.0,0.0,-0.021981539744439525,-0.02868755681198649,1.1503611606427033,0.0,0.0,0.0,0.12398479616701955,0.0,0.0,1000.0,0.0,0.0,0.0,0.0,0.0,0.0,1000.0,0.0,0.0,0.0,0.0,0.0,0.0,1000.0,0.0,-0.021981539744439525,0.12398479616701955,0.0,0.0,0.0,0.12620437240781535
26,725000000,map,10.573382077346738,-0.063739536044035,0.0,0.0,0.0,-0.00922055677750091,0.9999574897627963,0.08066055690086339,-0.028684330303023472,0.0,0.0,0.0,-0.021981539744439525,-0.028684330303023472,1.1507611011346959,0.0,0.0,0.0,0.12398479616701955,0.0,0.0,1000.0,0.0,0.0,0.0,0.0,0.0,0.0,1000.0,0.0,0.0,0.0,0.0,0.0,0.0,1000.0,0.0,-0.021981539744439525,0.12398479616701955,0.0,0.0,0.0,0.12710437240781536
26,750000000,map,10.573382077346738,-0.063739536044035,0.0,0.0,0.0,-0.00922055677750091,0.9999574897627963,0.08088561640887078,-0.028681103794060452,0.0,0.0,0.0,-0.021981539744439525,-0.028681103794060452,1.1511610416266884,0.0,0.0,0.0,0.12398479616701955,0.0,0.0,1000.0,0.0,0.0,0.0,0.0,0.0,0.0,1000.0,0.0,0.0,0.0,0.0,0.0,0.0,1000.0,0.0,-0.021981539744439525,0.12398479616701955,0.0,0.0,0.0,0.12800437240781537
26,775000000,map,10.573382077346738,-0.063739536044035,0.0,0.0,0.0,-0.00922055677750091,0.9999574897627963,0.08111067591687816,-0.028677877285097433,0.0,0.0,0.0,-0.021981539744439525,-0.028677877285097433,1.151560982118681,0.0,0.0,0.0,0.12398479616701955,0.0,0.0,1000.0,0.0,0.0,0.0,0.0,0.0,0.0,1000.0,0.0,0.0,0.0,0.0,0.0,0.0,1000.0,0.0,-0.021981539744439525,0.12398479616701955,0.0,0.0,0.0,0.12890437240781538
26,800000000,map,10.573382077346738,-0.063739536044035,0.0,0.0,0.0,-0.00922055677750091,0.9999574897627963,0.08133573542488555,-0.028674650776134413,0.0,0.0,0.0,-0.021981539744439525,-0.028674650776134413,1.1519609226106735,0.0,0.0,0.0,0.12398479616701955,0.0,0.0,1000.0,0.0,0.0,0.0,0.0,0.0,0.0,1000.0,0.0,0.0,0.0,0.0,0.0,0.0,1000.0,0.0,-0.021981539744439525,0.12398479616701955,0.0,0.0,0.0,0.1298043724078154
26,825000000,map,10.573382077346738,-0.063739536044035,0.0,0.0,0.0,-0.00922055677750091,0.9999574897627963,0.08156079493289294,-0.028671424267171394,0.0,0.0,0.0,-0.021981539744439525,-0.028671424267171394,1.152360863102666,0.0,0.0,0.0,0.12398479616701955,0.0,0.0,1000.0,0.0,0.0,0.0,0.0,0.0,0.0,1000.0,0.0,0.0,0.0,0.0,0.0,0.0,1000.0,0.0,-0.021981539744439525,0.12398479616701955,0.0,0.0,0.0,0.1307043724078154
26,850000000,map,10.573382077346738,-0.063739536044035,0.0,0.0,0.0,-0.00922055677750091,0.9999574897627963,0.08178585444090032,-0.028668197758208374,0.0,0.0,0.0,-0.021981539744439525,-0.028668197758208374,1.1527608035946586,0.0,0.0,0.0,0.12398479616701955,0.0,0.0,1000.0,0.0,0.0,0.0,0.0,0.0,0.0,1000.0,0.0,0.0,0.0,0.0,0.0,0.0,1000.0,0.0,-0.021981539744439525,0.12398479616701955,0.0,0.0,0.0,0.13160437240781542
26,875000000,map,10.573382077346738,-0.063739536044035,0.0,0.0,0.0,-0.00922055677750091,0.9999574897627963,0.08201091394890771,-0.028664971249245354,0.0,0.0,0.0,-0.021981539744439525,-0.028664971249245354,1.1531607440866511,0.0,0.0,0.0,0.12398479616701955,0.0,0.0,1000.0,0.0,0.0,0.0,0.0,0.0,0.0,1000.0,0.0,0.0,0.0,0.0,0.0,0.0,1000.0,0.0,-0.021981539744439525,0.12398479616701955,0.0,0.0,0.0,0.13250437240781543
26,900000000,map,10.573382077346738,-0.063739536044035,0.0,0.0,0.0,-0.00922055677750091,0.9999574897627963,0.08223597345691509,-0.028661744740282335,0.0,0.0,0.0,-0.021981539744439525,-0.028661744740282335,1.1535606845786437,0.0,0.0,0.0,0.12398479616701955,0.0,0.0,1000.0,0.0,0.0,0.0,0.0,0.0,0.0,1000.0,0.0,0.0,0.0,0.0,0.0,0.0,1000.0,0.0,-0.021981539744439525,0.12398479616701955,0.0,0.0,0.0,0.13340437240781544
26,925000000,map,10.573382077346738,-0.063739536044035,0.0,0.0,0.0,-0.00922055677750091,0.9999574897627963,0.08246103296492248,-0.028658518231319315,0.0,0.0,0.0,-0.021981539744439525,-0.028658518231319315,1.1539606250706362,0.0,0.0,0.0,0.12398479616701955,0.0,0.0,1000.0,0.0,0.0,0.0,0.0,0.0,0.0,1000.0,0.0,0.0,0.0,0.0,0.0,0.0,1000.0,0.0,-0.021981539744439525,0.12398479616701955,0.0,0.0,0.0,0.13430437240781545
26,950000000,map,10.573382077346738,-0.063739536044035,0.0,0.0,0.0,-0.00922055677750091,0.9999574897627963,0.08268609247292986,-0.028655291722356296,0.0,0.0,0.0,-0.021981539744439525,-0.028655291722356296,1.1543605655626288,0.0,0.0,0.0,0.12398479616701955,0.0,0.0,1000.0,0.0,0.0,0.0,0.0,0.0,0.0,1000.0,0.0,0.0,0.0,0.0,0.0,0.0,1000.0,0.0,-0.021981539744439525,0.12398479616701955,0.0,0.0,0.0,0.13520437240781547
26,975000000,map,10.573382077346738,-0.063739536044035,0.0,0.0,0.0,-0.00922055677750091,0.9999574897627963,0.08291115198093725,-0.028652065213393276,0.0,0.0,0.0,-0.021981539744439525,-0.028652065213393276,1.1547605060546213,0.0,0.0,0.0,0.12398479616701955,0.0,0.0,1000.0,0.0,0.0,0.0,0.0,0.0,0.0,1000.0,0.0,0.0,0.0,0.0,0.0,0.0,1000.0,0.0,-0.021981539744439525,0.12398479616701955,0.0,0.0,0.0,0.13610437240781548
27,0,map,10.573382077346738,-0.063739536044035,0.0,0.0,0.0,-0.00922055677750091,0.9999574897627963,0.08313621148894464,-0.028648838704430257,0.0,0.0,0.0,-0.021981539744439525,-0.028648838704430257,1.1551604465466139,0.0,0.0,0.0,0.12398479616701955,0.0,0.0,1000.0,0.0,0.0,0.0,0.0,0.0,0.0,1000.0,0.0,0.0,0.0,0.0,0.0,0.0,1000.0,0.0,-0.021981539744439525,0.12398479616701955,0.0,0.0,0.0,0.1370043724078155
27,25000000,map,10.573382077346738,-0.063739536044035,0.0,0.0,0.0,-0.00922055677750091,0.9999574897627963,0.08336127099695202,-0.028645612195467237,0.0,0.0,0.0,-0.021981539744439525,-0.028645612195467237,1.1555603870386064,0.0,0.0,0.0,0.12398479616701955,0.0,0.0,1000.0,0.0,0.0,0.0,0.0,0.0,0.0,1000.0,0.0,0.0,0.0,0.0,0.0,0.0,1000.0,0.0,-0.021981539744439525,0.12398479616701955,0.0,0.0,0.0,0.1379043724078155
27,50000000,map,10.573382077346738,-0.063739536044035,0.0,0.0,0.0,-0.00922055677750091,0.9999574897627963,0.08358633050495941,-0.028642385686504217,0.0,0.0,0.0,-0.021981539744439525,-0.028642385686504217,1.155960327530599,0.0,0.0,0.0,0.12398479616701955,0.0,0.0,1000.0,0.0,0.0,0.0,0.0,0.0,0.0,1000.0,0.0,0.0,0.0,0.0,0.0,0.0,1000.0,0.0,-0.021981539744439525,0.12398479616701955,0.0,0.0,0.0,0.1388043724078155
27,75000000,map,10.573382077346738,-0.063739536044035,0.0,0.0,0.0,-0.00922055677750091,0.9999574897627963,0.0838113900129668,-0.028639159177541198,0.0,0.0,0.0,-0.021981539744439525,-0.028639159177541198,1.1563602680225915,0.0,0.0,0.0,0.12398479616701955,0.0,0.0,1000.0,0.0,0.0,0.0,0.0,0.0,0.0,1000.0,0.0,0.0,0.0,0.0,0.0,0.0,1000.0,0.0,-0.021981539744439525,0.12398479616701955,0.0,0.0,0.0,0.13970437240781552
27,100000000,map,10.573382077346738,-0.063739536044035,0.0,0.0,0.0,-0.00922055677750091,0.9999574897627963,0.08403644952097418,-0.02863593266857818,0.0,0.0,0.0,-0.021981539744439525,-0.02863593266857818,1.156760208514584,0.0,0.0,0.0,0.12398479616701955,0.0,0.0,1000.0,0.0,0.0,0.0,0.0,0.0,0.0,1000.0,0.0,0.0,0.0,0.0,0.0,0.0,1000.0,0.0,-0.021981539744439525,0.12398479616701955,0.0,0.0,0.0,0.14060437240781554
27,125000000,map,10.573382077346738,-0.063739536044035,0.0,0.0,0.0,-0.00922055677750091,0.9999574897627963,0.08426150902898157,-0.02863270615961516,0.0,0.0,0.0,-0.021981539744439525,-0.02863270615961516,1.1571601490065766,0.0,0.0,0.0,0.12398479616701955,0.0,0.0,1000.0,0.0,0.0,0.0,0.0,0.0,0.0,1000.0,0.0,0.0,0.0,0.0,0.0,0.0,1000.0,0.0,-0.021981539744439525,0.12398479616701955,0.0,0.0,0.0,0.14150437240781555
27,150000000,map,10.573382077346738,-0.063739536044035,0.0,0.0,0.0,-0.00922055677750091,0.9999574897627963,0.08448656853698895,-0.02862947965065214,0.0,0.0,0.0,-0.021981539744439525,-0.02862947965065214,1.1575600894985691,0.0,0.0,0.0,0.12398479616701955,0.0,0.0,1000.0,0.0,0.0,0.0,0.0,0.0,0.0,1000.0,0.0,0.0,0.0,0.0,0.0,0.0,1000.0,0.0,-0.021981539744439525,0.12398479616701955,0.0,0.0,0.0,0.14240437240781556
27,175000000,map,10.573382077346738,-0.063739536044035,0.0,0.0,0.0,-0.00922055677750091,0.9999574897627963,0.08471162804499634,-0.02862625314168912,0.0,0.0,0.0,-0.021981539744439525,-0.02862625314168912,1.1579600299905617,0.0,0.0,0.0,0.12398479616701955,0.0,0.0,1000.0,0.0,0.0,0.0,0.0,0.0,0.0,1000.0,0.0,0.0,0.0,0.0,0.0,0.0,1000.0,0.0,-0.021981539744439525,0.12398479616701955,0.0,0.0,0.0,0.14330437240781557
27,200000000,map,10.573382077346738,-0.063739536044035,0.0,0.0,0.0,-0.00922055677750091,0.9999574897627963,0.08493668755300372,-0.0286230266327261,0.0,0.0,0.0,-0.021981539744439525,-0.0286230266327261,1.1583599704825542,0.0,0.0,0.0,0.12398479616701955,0.0,0.0,1000.0,0.0,0.0,0.0,0.0,0.0,0.0,1000.0,0.0,0.0,0.0,0.0,0.0,0.0,1000.0,0.0,-0.021981539744439525,0.12398479616701955,0.0,0.0,0.0,0.14420437240781558
27,225000000,map,10.573382077346738,-0.063739536044035,0.0,0.0,0.0,-0.00922055677750091,0.9999574897627963,0.08516174706101111,-0.02861980012376308,0.0,0.0,0.0,-0.021981539744439525,-0.02861980012376308,1.1587599109745468,0.0,0.0,0.0,0.12398479616701955,0.0,0.0,1000.0,0.0,0.0,0.0,0.0,0.0,0.0,1000.0,0.0,0.0,0.0,0.0,0.0,0.0,1000.0,0.0,-0.021981539744439525,0.12398479616701955,0.0,0.0,0.0,0.1451043724078156
27,250000000,map,10.573382077346738,-0.063739536044035,0.0,0.0,0.0,-0.00922055677750091,0.9999574897627963,0.0853868065690185,-0.02861657361480006,0.0,0.0,0.0,-0.021981539744439525,-0.02861657361480006,1.1591598514665393,0.0,0.0,0.0,0.12398479616701955,0.0,0.0,1000.0,0.0,0.0,0.0,0.0,0.0,0.0,1000.0,0.0,0.0,0.0,0.0,0.0,0.0,1000.0,0.0,-0.021981539744439525,0.12398479616701955,0.0,0.0,0.0,0.1460043724078156
27,275000000,map,10.573382077346738,-0.063739536044035,0.0,0.0,0.0,-0.00922055677750091,0.9999574897627963,0.08561186607702588,-0.02861334710583704,0.0,0.0,0.0,-0.021981539744439525,-0.02861334710583704,1.1595597919585319,0.0,0.0,0.0,0.12398479616701955,0.0,0.0,1000.0,0.0,0.0,0.0,0.0,0.0,0.0,1000.0,0.0,0.0,0.0,0.0,0.0,0.0,1000.0,0.0,-0.021981539744439525,0.12398479616701955,0.0,0.0,0.0,0.14690437240781562
27,300000000,map,10.573382077346738,-0.063739536044035,0.0,0.0,0.0,-0.00922055677750091,0.9999574897627963,0.08583692558503327,-0.02861012059687402,0.0,0.0,0.0,-0.021981539744439525,-0.02861012059687402,1.1599597324505244,0.0,0.0,0.0,0.12398479616701955,0.0,0.0,1000.0,0.0,0.0,0.0,0.0,0.0,0.0,1000.0,0.0,0.0,0.0,0.0,0.0,0.0,1000.0,0.0,-0.021981539744439525,0.12398479616701955,0.0,0.0,0.0,0.14780437240781563
27,325000000,map,10.573382077346738,-0.063739536044035,0.0,0.0,0.0,-0.00922055677750091,0.9999574897627963,0.08606198509304065,-0.028606894087911002,0.0,0.0,0.0,-0.021981539744439525,-0.028606894087911002,1.160359672942517,0.0,0.0,0.0,0.12398479616701955,0.0,0.0,1000.0,0.0,0.0,0.0,0.0,0.0,0.0,1000.0,0.0,0.0,0.0,0.0,0.0,0.0,1000.0,0.0,-0.021981539744439525,0.12398479616701955,0.0,0.0,0.0,0.14870437240781564
27,350000000,map,10.573382077346738,-0.063739536044035,0.0,0.0,0.0,-0.00922055677750091,0.9999574897627963,0.08628704460104804,-0.028603667578947983,0.0,0.0,0.0,-0.021981539744439525,-0.028603667578947983,1.1607596134345095,0.0,0.0,0.0,0.12398479616701955,0.0,0.0,1000.0,0.0,0.0,0.0,0.0,0.0,0.0,1000.0,0.0,0.0,0.0,0.0,0.0,0.0,1000.0,0.0,-0.021981539744439525,0.12398479616701955,0.0,0.0,0.0,0.14960437240781566
27,375000000,map,10.573382077346738,-0.063739536044035,0.0,0.0,0.0,-0.00922055677750091,0.9999574897627963,0.08651210410905542,-0.028600441069984963,0.0,0.0,0.0,-0.021981539744439525,-0.028600441069984963,1.161159553926502,0.0,0.0,0.0,0.12398479616701955,0.0,0.0,1000.0,0.0,0.0,0.0,0.0,0.0,0.0,1000.0,0.0,0.0,0.0,0.0,0.0,0.0,1000.0,0.0,-0.021981539744439525,0.12398479616701955,0.0,0.0,0.0,0.15050437240781567
27,400000000,map,10.573382077346738,-0.063739536044035,0.0,0.0,0.0,-0.00922055677750091,0.9999574897627963,0.08673716361706281,-0.028597214561021943,0.0,0.0,0.0,-0.021981539744439525,-0.028597214561021943,1.1615594944184946,0.0,0.0,0.0,0.12398479616701955,0.0,0.0,1000.0,0.0,0.0,0.0,0.0,0.0,0.0,1000.0,0.0,0.0,0.0,0.0,0.0,0.0,1000.0,0.0,-0.021981539744439525,0.12398479616701955,0.0,0.0,0.0,0.15140437240781568
27,425000000,map,10.573382077346738,-0.063739536044035,0.0,0.0,0.0,-0.00922055677750091,0.9999574897627963,0.0869622231250702,-0.028593988052058924,0.0,0.0,0.0,-0.021981539744439525,-0.028593988052058924,1.1619594349104871,0.0,0.0,0.0,0.12398479616701955,0.0,0.0,1000.0,0.0,0.0,0.0,0.0,0.0,0.0,1000.0,0.0,0.0,0.0,0.0,0.0,0.0,1000.0,0.0,-0.021981539744439525,0.12398479616701955,0.0,0.0,0.0,0.1523043724078157
27,450000000,map,10.573382077346738,-0.063739536044035,0.0,0.0,0.0,-0.00922055677750091,0.9999574897627963,0.08718728263307758,-0.028590761543095904,0.0,0.0,0.0,-0.021981539744439525,-0.028590761543095904,1.1623593754024797,0.0,0.0,0.0,0.12398479616701955,0.0,0.0,1000.0,0.0,0.0,0.0,0.0,0.0,0.0,1000.0,0.0,0.0,0.0,0.0,0.0,0.0,1000.0,0.0,-0.021981539744439525,0.12398479616701955,0.0,0.0,0.0,0.1532043724078157
